run_id,version,n_chans,n_flatline,noise_sigma,dataset,finetuning,head,seed,training,scaler,status,adapter_stats,fit_time,test_balanced_accuracy,test_r2
ado2flzb,v0,,0,,braindecode/arithmetic_zyma2019,frozen,flatten,0,ridge,median_std_clip,completed,"{'total_params': 12687872, 'trainable_params': 0, 'trainable_pct': 0.0, 'method': 'frozen'}",11.62151288986206,0.6215277777777778,
ado2flzb,v0,,0,,braindecode/bcic2a,frozen,flatten,0,ridge,median_std_clip,completed,"{'total_params': 12687872, 'trainable_params': 0, 'trainable_pct': 0.0, 'method': 'frozen'}",8.69451093673706,0.3425925925925926,
ado2flzb,v0,,0,,braindecode/bcic2020-3,frozen,flatten,0,ridge,median_std_clip,completed,"{'total_params': 12687872, 'trainable_params': 0, 'trainable_pct': 0.0, 'method': 'frozen'}",19.490193128585815,0.256,
ado2flzb,v0,,0,,braindecode/physionet,frozen,flatten,0,ridge,median_std_clip,completed,"{'total_params': 12687872, 'trainable_params': 0, 'trainable_pct': 0.0, 'method': 'frozen'}",21.36618208885193,0.5155242191800607,
ado2flzb,v0,,0,,braindecode/chbmit,frozen,flatten,0,ridge,median_std_clip,completed,"{'total_params': 12687872, 'trainable_params': 0, 'trainable_pct': 0.0, 'method': 'frozen'}",43.67750692367554,0.9013220018885741,
ado2flzb,v0,,0,,braindecode/faced,frozen,flatten,0,ridge,median_std_clip,completed,"{'total_params': 12687872, 'trainable_params': 0, 'trainable_pct': 0.0, 'method': 'frozen'}",49.292816400527954,0.258276596591814,
ado2flzb,v0,,0,,braindecode/isruc-sleep,frozen,flatten,0,ridge,median_std_clip,completed,"{'total_params': 12687872, 'trainable_params': 0, 'trainable_pct': 0.0, 'method': 'frozen'}",88.41796016693115,0.5152537384791491,
ado2flzb,v0,,0,,braindecode/mdd_mumtaz2016,frozen,flatten,0,ridge,median_std_clip,completed,"{'total_params': 12687872, 'trainable_params': 0, 'trainable_pct': 0.0, 'method': 'frozen'}",14.686273097991943,0.8007638929264579,
ado2flzb,v0,,0,,braindecode/seed-v,frozen,flatten,0,ridge,median_std_clip,completed,"{'total_params': 12687872, 'trainable_params': 0, 'trainable_pct': 0.0, 'method': 'frozen'}",37.571850538253784,0.2575828245756051,
ado2flzb,v0,,0,,braindecode/seed-vig,frozen,flatten,0,ridge,median_std_clip,completed,"{'total_params': 12687872, 'trainable_params': 0, 'trainable_pct': 0.0, 'method': 'frozen'}",22.80177402496338,,-0.630886612141931
ado2flzb,v0,,0,,braindecode/tuab,frozen,flatten,0,ridge,median_std_clip,completed,"{'total_params': 12687872, 'trainable_params': 0, 'trainable_pct': 0.0, 'method': 'frozen'}",55.08491039276123,0.7335425286686843,
ado2flzb,v0,,0,,braindecode/tuev,frozen,flatten,0,ridge,median_std_clip,completed,"{'total_params': 12687872, 'trainable_params': 0, 'trainable_pct': 0.0, 'method': 'frozen'}",12.756008625030518,0.8376813684971173,
ado2flzb,v0,,0,,braindecode/arithmetic_zyma2019,frozen,flatten,1,ridge,median_std_clip,completed,"{'total_params': 12687872, 'trainable_params': 0, 'trainable_pct': 0.0, 'method': 'frozen'}",11.751267671585083,0.6006944444444444,
ado2flzb,v0,,0,,braindecode/bcic2a,frozen,flatten,1,ridge,median_std_clip,completed,"{'total_params': 12687872, 'trainable_params': 0, 'trainable_pct': 0.0, 'method': 'frozen'}",13.05415153503418,0.34259259259259256,
ado2flzb,v0,,0,,braindecode/bcic2020-3,frozen,flatten,1,ridge,median_std_clip,completed,"{'total_params': 12687872, 'trainable_params': 0, 'trainable_pct': 0.0, 'method': 'frozen'}",24.97874140739441,0.2573333333333333,
ado2flzb,v0,,0,,braindecode/physionet,frozen,flatten,1,ridge,median_std_clip,completed,"{'total_params': 12687872, 'trainable_params': 0, 'trainable_pct': 0.0, 'method': 'frozen'}",29.521273851394653,0.47872231893278233,
ado2flzb,v0,,0,,braindecode/chbmit,frozen,flatten,1,ridge,median_std_clip,completed,"{'total_params': 12687872, 'trainable_params': 0, 'trainable_pct': 0.0, 'method': 'frozen'}",53.492554664611816,0.9010859301227574,
ado2flzb,v0,,0,,braindecode/faced,frozen,flatten,1,ridge,median_std_clip,completed,"{'total_params': 12687872, 'trainable_params': 0, 'trainable_pct': 0.0, 'method': 'frozen'}",50.11246204376221,0.2598544269739922,
ado2flzb,v0,,0,,braindecode/isruc-sleep,frozen,flatten,1,ridge,median_std_clip,completed,"{'total_params': 12687872, 'trainable_params': 0, 'trainable_pct': 0.0, 'method': 'frozen'}",88.8636703491211,0.5118484278316536,
ado2flzb,v0,,0,,braindecode/mdd_mumtaz2016,frozen,flatten,1,ridge,median_std_clip,completed,"{'total_params': 12687872, 'trainable_params': 0, 'trainable_pct': 0.0, 'method': 'frozen'}",15.746115684509277,0.8299909230047966,
ado2flzb,v0,,0,,braindecode/seed-v,frozen,flatten,1,ridge,median_std_clip,completed,"{'total_params': 12687872, 'trainable_params': 0, 'trainable_pct': 0.0, 'method': 'frozen'}",49.296059370040894,0.2574264035706523,
ado2flzb,v0,,0,,braindecode/seed-vig,frozen,flatten,1,ridge,median_std_clip,completed,"{'total_params': 12687872, 'trainable_params': 0, 'trainable_pct': 0.0, 'method': 'frozen'}",25.827762603759766,,-0.6284156392150944
ado2flzb,v0,,0,,braindecode/tuab,frozen,flatten,1,ridge,median_std_clip,completed,"{'total_params': 12687872, 'trainable_params': 0, 'trainable_pct': 0.0, 'method': 'frozen'}",55.83565664291382,0.7267231453002175,
ado2flzb,v0,,0,,braindecode/tuev,frozen,flatten,1,ridge,median_std_clip,completed,"{'total_params': 12687872, 'trainable_params': 0, 'trainable_pct': 0.0, 'method': 'frozen'}",12.923394918441772,0.9387310896516436,
ado2flzb,v0,,0,,braindecode/arithmetic_zyma2019,frozen,flatten,2,ridge,median_std_clip,completed,"{'total_params': 12687872, 'trainable_params': 0, 'trainable_pct': 0.0, 'method': 'frozen'}",13.027402639389038,0.625,
ado2flzb,v0,,0,,braindecode/bcic2a,frozen,flatten,2,ridge,median_std_clip,completed,"{'total_params': 12687872, 'trainable_params': 0, 'trainable_pct': 0.0, 'method': 'frozen'}",12.065055131912231,0.34490740740740744,
ado2flzb,v0,,0,,braindecode/bcic2020-3,frozen,flatten,2,ridge,median_std_clip,completed,"{'total_params': 12687872, 'trainable_params': 0, 'trainable_pct': 0.0, 'method': 'frozen'}",25.273667812347412,0.268,
ado2flzb,v0,,0,,braindecode/physionet,frozen,flatten,2,ridge,median_std_clip,completed,"{'total_params': 12687872, 'trainable_params': 0, 'trainable_pct': 0.0, 'method': 'frozen'}",29.5391206741333,0.528572993705209,
ado2flzb,v0,,0,,braindecode/chbmit,frozen,flatten,2,ridge,median_std_clip,completed,"{'total_params': 12687872, 'trainable_params': 0, 'trainable_pct': 0.0, 'method': 'frozen'}",54.42753076553345,0.8633573697313074,
ado2flzb,v0,,0,,braindecode/faced,frozen,flatten,2,ridge,median_std_clip,completed,"{'total_params': 12687872, 'trainable_params': 0, 'trainable_pct': 0.0, 'method': 'frozen'}",51.57144570350647,0.2625277801908237,
ado2flzb,v0,,0,,braindecode/isruc-sleep,frozen,flatten,2,ridge,median_std_clip,completed,"{'total_params': 12687872, 'trainable_params': 0, 'trainable_pct': 0.0, 'method': 'frozen'}",89.881662607193,0.516527246541646,
ado2flzb,v0,,0,,braindecode/mdd_mumtaz2016,frozen,flatten,2,ridge,median_std_clip,completed,"{'total_params': 12687872, 'trainable_params': 0, 'trainable_pct': 0.0, 'method': 'frozen'}",16.29537343978882,0.793631655612424,
ado2flzb,v0,,0,,braindecode/seed-v,frozen,flatten,2,ridge,median_std_clip,completed,"{'total_params': 12687872, 'trainable_params': 0, 'trainable_pct': 0.0, 'method': 'frozen'}",37.857563495635986,0.26042797273789775,
ado2flzb,v0,,0,,braindecode/seed-vig,frozen,flatten,2,ridge,median_std_clip,completed,"{'total_params': 12687872, 'trainable_params': 0, 'trainable_pct': 0.0, 'method': 'frozen'}",26.811991691589355,,-0.6432685434952299
ado2flzb,v0,,0,,braindecode/tuab,frozen,flatten,2,ridge,median_std_clip,completed,"{'total_params': 12687872, 'trainable_params': 0, 'trainable_pct': 0.0, 'method': 'frozen'}",55.8788857460022,0.7373273102400799,
ado2flzb,v0,,0,,braindecode/tuev,frozen,flatten,2,ridge,median_std_clip,completed,"{'total_params': 12687872, 'trainable_params': 0, 'trainable_pct': 0.0, 'method': 'frozen'}",12.411904335021973,0.679407166892361,
ado2flzb,v0,,0,,braindecode/arithmetic_zyma2019,frozen,flatten,3,ridge,median_std_clip,completed,"{'total_params': 12687872, 'trainable_params': 0, 'trainable_pct': 0.0, 'method': 'frozen'}",13.274611949920654,0.6458333333333334,
ado2flzb,v0,,0,,braindecode/bcic2a,frozen,flatten,3,ridge,median_std_clip,completed,"{'total_params': 12687872, 'trainable_params': 0, 'trainable_pct': 0.0, 'method': 'frozen'}",13.564433097839355,0.3431712962962963,
ado2flzb,v0,,0,,braindecode/bcic2020-3,frozen,flatten,3,ridge,median_std_clip,completed,"{'total_params': 12687872, 'trainable_params': 0, 'trainable_pct': 0.0, 'method': 'frozen'}",26.762195587158203,0.2613333333333333,
ado2flzb,v0,,0,,braindecode/physionet,frozen,flatten,3,ridge,median_std_clip,completed,"{'total_params': 12687872, 'trainable_params': 0, 'trainable_pct': 0.0, 'method': 'frozen'}",29.431050062179565,0.5376163662200425,
ado2flzb,v0,,0,,braindecode/chbmit,frozen,flatten,3,ridge,median_std_clip,completed,"{'total_params': 12687872, 'trainable_params': 0, 'trainable_pct': 0.0, 'method': 'frozen'}",55.00617861747742,0.8830800927118208,
ado2flzb,v0,,0,,braindecode/faced,frozen,flatten,3,ridge,median_std_clip,completed,"{'total_params': 12687872, 'trainable_params': 0, 'trainable_pct': 0.0, 'method': 'frozen'}",50.648725509643555,0.25759083911257824,
ado2flzb,v0,,0,,braindecode/isruc-sleep,frozen,flatten,3,ridge,median_std_clip,completed,"{'total_params': 12687872, 'trainable_params': 0, 'trainable_pct': 0.0, 'method': 'frozen'}",87.74724984169006,0.5170821777666068,
ado2flzb,v0,,0,,braindecode/mdd_mumtaz2016,frozen,flatten,3,ridge,median_std_clip,completed,"{'total_params': 12687872, 'trainable_params': 0, 'trainable_pct': 0.0, 'method': 'frozen'}",17.65002942085266,0.8260547388701318,
ado2flzb,v0,,0,,braindecode/seed-v,frozen,flatten,3,ridge,median_std_clip,completed,"{'total_params': 12687872, 'trainable_params': 0, 'trainable_pct': 0.0, 'method': 'frozen'}",50.1553168296814,0.2572239308809128,
ado2flzb,v0,,0,,braindecode/seed-vig,frozen,flatten,3,ridge,median_std_clip,completed,"{'total_params': 12687872, 'trainable_params': 0, 'trainable_pct': 0.0, 'method': 'frozen'}",27.02866530418396,,-0.6377040353926409
ado2flzb,v0,,0,,braindecode/tuab,frozen,flatten,3,ridge,median_std_clip,completed,"{'total_params': 12687872, 'trainable_params': 0, 'trainable_pct': 0.0, 'method': 'frozen'}",58.7110755443573,0.7237896315578425,
ado2flzb,v0,,0,,braindecode/tuev,frozen,flatten,3,ridge,median_std_clip,completed,"{'total_params': 12687872, 'trainable_params': 0, 'trainable_pct': 0.0, 'method': 'frozen'}",14.33397126197815,0.8405698188075487,
ado2flzb,v0,,0,,braindecode/arithmetic_zyma2019,frozen,flatten,4,ridge,median_std_clip,completed,"{'total_params': 12687872, 'trainable_params': 0, 'trainable_pct': 0.0, 'method': 'frozen'}",14.770559310913086,0.6215277777777778,
ado2flzb,v0,,0,,braindecode/bcic2a,frozen,flatten,4,ridge,median_std_clip,completed,"{'total_params': 12687872, 'trainable_params': 0, 'trainable_pct': 0.0, 'method': 'frozen'}",13.87449336051941,0.3599537037037037,
ado2flzb,v0,,0,,braindecode/bcic2020-3,frozen,flatten,4,ridge,median_std_clip,completed,"{'total_params': 12687872, 'trainable_params': 0, 'trainable_pct': 0.0, 'method': 'frozen'}",27.6645667552948,0.25333333333333335,
ado2flzb,v0,,0,,braindecode/physionet,frozen,flatten,4,ridge,median_std_clip,completed,"{'total_params': 12687872, 'trainable_params': 0, 'trainable_pct': 0.0, 'method': 'frozen'}",31.70094132423401,0.5251767460471484,
ado2flzb,v0,,0,,braindecode/chbmit,frozen,flatten,4,ridge,median_std_clip,completed,"{'total_params': 12687872, 'trainable_params': 0, 'trainable_pct': 0.0, 'method': 'frozen'}",57.135698080062866,0.7918705468280539,
ado2flzb,v0,,0,,braindecode/faced,frozen,flatten,4,ridge,median_std_clip,completed,"{'total_params': 12687872, 'trainable_params': 0, 'trainable_pct': 0.0, 'method': 'frozen'}",71.88672423362732,0.2576199464786421,
ado2flzb,v0,,0,,braindecode/isruc-sleep,frozen,flatten,4,ridge,median_std_clip,completed,"{'total_params': 12687872, 'trainable_params': 0, 'trainable_pct': 0.0, 'method': 'frozen'}",91.36252903938293,0.5194610352785598,
ado2flzb,v0,,0,,braindecode/mdd_mumtaz2016,frozen,flatten,4,ridge,median_std_clip,completed,"{'total_params': 12687872, 'trainable_params': 0, 'trainable_pct': 0.0, 'method': 'frozen'}",18.410070180892944,0.7951775448983611,
ado2flzb,v0,,0,,braindecode/seed-v,frozen,flatten,4,ridge,median_std_clip,completed,"{'total_params': 12687872, 'trainable_params': 0, 'trainable_pct': 0.0, 'method': 'frozen'}",53.13019680976868,0.2564892105669484,
ado2flzb,v0,,0,,braindecode/seed-vig,frozen,flatten,4,ridge,median_std_clip,completed,"{'total_params': 12687872, 'trainable_params': 0, 'trainable_pct': 0.0, 'method': 'frozen'}",27.773794651031494,,-0.6524748649284715
ado2flzb,v0,,0,,braindecode/tuab,frozen,flatten,4,ridge,median_std_clip,completed,"{'total_params': 12687872, 'trainable_params': 0, 'trainable_pct': 0.0, 'method': 'frozen'}",60.561397314071655,0.7244166015148087,
ado2flzb,v0,,0,,braindecode/tuev,frozen,flatten,4,ridge,median_std_clip,completed,"{'total_params': 12687872, 'trainable_params': 0, 'trainable_pct': 0.0, 'method': 'frozen'}",15.131603717803955,0.834873257284711,
ado2flzb,v1,,0,,braindecode/arithmetic_zyma2019,frozen,flatten,0,ridge,median_std_clip,completed,"{'total_params': 12687872, 'trainable_params': 0, 'trainable_pct': 0.0, 'method': 'frozen'}",11.599560260772705,0.6215277777777778,
ado2flzb,v1,,0,,braindecode/bcic2a,frozen,flatten,0,ridge,median_std_clip,completed,"{'total_params': 12687872, 'trainable_params': 0, 'trainable_pct': 0.0, 'method': 'frozen'}",9.267974615097046,0.3877314814814815,
ado2flzb,v1,,0,,braindecode/bcic2020-3,frozen,flatten,0,ridge,median_std_clip,completed,"{'total_params': 12687872, 'trainable_params': 0, 'trainable_pct': 0.0, 'method': 'frozen'}",21.91314959526062,0.256,
ado2flzb,v1,,0,,braindecode/physionet,frozen,flatten,0,ridge,median_std_clip,completed,"{'total_params': 12687872, 'trainable_params': 0, 'trainable_pct': 0.0, 'method': 'frozen'}",23.78108525276184,0.5455669707832198,
ado2flzb,v1,,0,,braindecode/chbmit,frozen,flatten,0,ridge,median_std_clip,completed,"{'total_params': 12687872, 'trainable_params': 0, 'trainable_pct': 0.0, 'method': 'frozen'}",42.77957487106323,0.7552579620568289,
ado2flzb,v1,,0,,braindecode/faced,frozen,flatten,0,ridge,median_std_clip,completed,"{'total_params': 12687872, 'trainable_params': 0, 'trainable_pct': 0.0, 'method': 'frozen'}",43.07792115211487,0.28492883927666535,
ado2flzb,v1,,0,,braindecode/isruc-sleep,frozen,flatten,0,ridge,median_std_clip,completed,"{'total_params': 12687872, 'trainable_params': 0, 'trainable_pct': 0.0, 'method': 'frozen'}",88.67189931869507,0.5899166428003028,
ado2flzb,v1,,0,,braindecode/mdd_mumtaz2016,frozen,flatten,0,ridge,median_std_clip,completed,"{'total_params': 12687872, 'trainable_params': 0, 'trainable_pct': 0.0, 'method': 'frozen'}",14.648447513580322,0.8261216787929853,
ado2flzb,v1,,0,,braindecode/seed-v,frozen,flatten,0,ridge,median_std_clip,completed,"{'total_params': 12687872, 'trainable_params': 0, 'trainable_pct': 0.0, 'method': 'frozen'}",37.594932556152344,0.26928303925543046,
ado2flzb,v1,,0,,braindecode/seed-vig,frozen,flatten,0,ridge,median_std_clip,completed,"{'total_params': 12687872, 'trainable_params': 0, 'trainable_pct': 0.0, 'method': 'frozen'}",22.715515851974487,,-0.34784110924921174
ado2flzb,v1,,0,,braindecode/tuab,frozen,flatten,0,ridge,median_std_clip,completed,"{'total_params': 12687872, 'trainable_params': 0, 'trainable_pct': 0.0, 'method': 'frozen'}",55.98567724227905,0.7636351264468753,
ado2flzb,v1,,0,,braindecode/tuev,frozen,flatten,0,ridge,median_std_clip,completed,"{'total_params': 12687872, 'trainable_params': 0, 'trainable_pct': 0.0, 'method': 'frozen'}",12.76507043838501,0.9478777190013329,
ado2flzb,v1,,0,,braindecode/arithmetic_zyma2019,frozen,flatten,1,ridge,median_std_clip,completed,"{'total_params': 12687872, 'trainable_params': 0, 'trainable_pct': 0.0, 'method': 'frozen'}",11.447861194610596,0.6736111111111112,
ado2flzb,v1,,0,,braindecode/bcic2a,frozen,flatten,1,ridge,median_std_clip,completed,"{'total_params': 12687872, 'trainable_params': 0, 'trainable_pct': 0.0, 'method': 'frozen'}",12.19926905632019,0.37789351851851855,
ado2flzb,v1,,0,,braindecode/bcic2020-3,frozen,flatten,1,ridge,median_std_clip,completed,"{'total_params': 12687872, 'trainable_params': 0, 'trainable_pct': 0.0, 'method': 'frozen'}",24.92323350906372,0.28933333333333333,
ado2flzb,v1,,0,,braindecode/physionet,frozen,flatten,1,ridge,median_std_clip,completed,"{'total_params': 12687872, 'trainable_params': 0, 'trainable_pct': 0.0, 'method': 'frozen'}",29.478425979614258,0.5466841306181557,
ado2flzb,v1,,0,,braindecode/chbmit,frozen,flatten,1,ridge,median_std_clip,completed,"{'total_params': 12687872, 'trainable_params': 0, 'trainable_pct': 0.0, 'method': 'frozen'}",53.410003423690796,0.9353163361661945,
ado2flzb,v1,,0,,braindecode/faced,frozen,flatten,1,ridge,median_std_clip,completed,"{'total_params': 12687872, 'trainable_params': 0, 'trainable_pct': 0.0, 'method': 'frozen'}",50.274688959121704,0.2855624146385016,
ado2flzb,v1,,0,,braindecode/isruc-sleep,frozen,flatten,1,ridge,median_std_clip,completed,"{'total_params': 12687872, 'trainable_params': 0, 'trainable_pct': 0.0, 'method': 'frozen'}",88.99049878120422,0.5900977421684265,
ado2flzb,v1,,0,,braindecode/mdd_mumtaz2016,frozen,flatten,1,ridge,median_std_clip,completed,"{'total_params': 12687872, 'trainable_params': 0, 'trainable_pct': 0.0, 'method': 'frozen'}",16.204711437225342,0.8330513948879872,
ado2flzb,v1,,0,,braindecode/seed-v,frozen,flatten,1,ridge,median_std_clip,completed,"{'total_params': 12687872, 'trainable_params': 0, 'trainable_pct': 0.0, 'method': 'frozen'}",48.60240411758423,0.2669984018949062,
ado2flzb,v1,,0,,braindecode/seed-vig,frozen,flatten,1,ridge,median_std_clip,completed,"{'total_params': 12687872, 'trainable_params': 0, 'trainable_pct': 0.0, 'method': 'frozen'}",25.8759605884552,,-0.36542646513536603
ado2flzb,v1,,0,,braindecode/tuab,frozen,flatten,1,ridge,median_std_clip,completed,"{'total_params': 12687872, 'trainable_params': 0, 'trainable_pct': 0.0, 'method': 'frozen'}",56.10960412025452,0.7676346851317113,
ado2flzb,v1,,0,,braindecode/tuev,frozen,flatten,1,ridge,median_std_clip,completed,"{'total_params': 12687872, 'trainable_params': 0, 'trainable_pct': 0.0, 'method': 'frozen'}",13.56346869468689,0.8778114509621551,
ado2flzb,v1,,0,,braindecode/arithmetic_zyma2019,frozen,flatten,2,ridge,median_std_clip,completed,"{'total_params': 12687872, 'trainable_params': 0, 'trainable_pct': 0.0, 'method': 'frozen'}",13.182801723480225,0.6354166666666666,
ado2flzb,v1,,0,,braindecode/bcic2a,frozen,flatten,2,ridge,median_std_clip,completed,"{'total_params': 12687872, 'trainable_params': 0, 'trainable_pct': 0.0, 'method': 'frozen'}",12.279186010360718,0.3894675925925926,
ado2flzb,v1,,0,,braindecode/bcic2020-3,frozen,flatten,2,ridge,median_std_clip,completed,"{'total_params': 12687872, 'trainable_params': 0, 'trainable_pct': 0.0, 'method': 'frozen'}",25.23786687850952,0.24666666666666667,
ado2flzb,v1,,0,,braindecode/physionet,frozen,flatten,2,ridge,median_std_clip,completed,"{'total_params': 12687872, 'trainable_params': 0, 'trainable_pct': 0.0, 'method': 'frozen'}",29.589821815490723,0.542151559935197,
ado2flzb,v1,,0,,braindecode/chbmit,frozen,flatten,2,ridge,median_std_clip,completed,"{'total_params': 12687872, 'trainable_params': 0, 'trainable_pct': 0.0, 'method': 'frozen'}",53.972898721694946,0.8381406129281483,
ado2flzb,v1,,0,,braindecode/faced,frozen,flatten,2,ridge,median_std_clip,completed,"{'total_params': 12687872, 'trainable_params': 0, 'trainable_pct': 0.0, 'method': 'frozen'}",50.78336024284363,0.29085708977013325,
ado2flzb,v1,,0,,braindecode/isruc-sleep,frozen,flatten,2,ridge,median_std_clip,completed,"{'total_params': 12687872, 'trainable_params': 0, 'trainable_pct': 0.0, 'method': 'frozen'}",89.96808552742004,0.5865163690642967,
ado2flzb,v1,,0,,braindecode/mdd_mumtaz2016,frozen,flatten,2,ridge,median_std_clip,completed,"{'total_params': 12687872, 'trainable_params': 0, 'trainable_pct': 0.0, 'method': 'frozen'}",16.327815532684326,0.8307138936167606,
ado2flzb,v1,,0,,braindecode/seed-v,frozen,flatten,2,ridge,median_std_clip,completed,"{'total_params': 12687872, 'trainable_params': 0, 'trainable_pct': 0.0, 'method': 'frozen'}",38.28633427619934,0.2673365208741402,
ado2flzb,v1,,0,,braindecode/seed-vig,frozen,flatten,2,ridge,median_std_clip,completed,"{'total_params': 12687872, 'trainable_params': 0, 'trainable_pct': 0.0, 'method': 'frozen'}",26.975199460983276,,-0.22757353896253618
ado2flzb,v1,,0,,braindecode/tuab,frozen,flatten,2,ridge,median_std_clip,completed,"{'total_params': 12687872, 'trainable_params': 0, 'trainable_pct': 0.0, 'method': 'frozen'}",56.33705258369446,0.7743134972994647,
ado2flzb,v1,,0,,braindecode/tuev,frozen,flatten,2,ridge,median_std_clip,completed,"{'total_params': 12687872, 'trainable_params': 0, 'trainable_pct': 0.0, 'method': 'frozen'}",12.417982578277588,0.9512381807122835,
ado2flzb,v1,,0,,braindecode/arithmetic_zyma2019,frozen,flatten,3,ridge,median_std_clip,completed,"{'total_params': 12687872, 'trainable_params': 0, 'trainable_pct': 0.0, 'method': 'frozen'}",11.463428735733032,0.6493055555555556,
ado2flzb,v1,,0,,braindecode/bcic2a,frozen,flatten,3,ridge,median_std_clip,completed,"{'total_params': 12687872, 'trainable_params': 0, 'trainable_pct': 0.0, 'method': 'frozen'}",11.681329250335693,0.4068287037037037,
ado2flzb,v1,,0,,braindecode/bcic2020-3,frozen,flatten,3,ridge,median_std_clip,completed,"{'total_params': 12687872, 'trainable_params': 0, 'trainable_pct': 0.0, 'method': 'frozen'}",24.69521689414978,0.2693333333333333,
ado2flzb,v1,,0,,braindecode/physionet,frozen,flatten,3,ridge,median_std_clip,completed,"{'total_params': 12687872, 'trainable_params': 0, 'trainable_pct': 0.0, 'method': 'frozen'}",27.69435429573059,0.5302583005766988,
ado2flzb,v1,,0,,braindecode/chbmit,frozen,flatten,3,ridge,median_std_clip,completed,"{'total_params': 12687872, 'trainable_params': 0, 'trainable_pct': 0.0, 'method': 'frozen'}",53.481330156326294,0.8371963258648811,
ado2flzb,v1,,0,,braindecode/faced,frozen,flatten,3,ridge,median_std_clip,completed,"{'total_params': 12687872, 'trainable_params': 0, 'trainable_pct': 0.0, 'method': 'frozen'}",48.818700551986694,0.29351355166572557,
ado2flzb,v1,,0,,braindecode/isruc-sleep,frozen,flatten,3,ridge,median_std_clip,completed,"{'total_params': 12687872, 'trainable_params': 0, 'trainable_pct': 0.0, 'method': 'frozen'}",86.2561845779419,0.586861794120637,
ado2flzb,v1,,0,,braindecode/mdd_mumtaz2016,frozen,flatten,3,ridge,median_std_clip,completed,"{'total_params': 12687872, 'trainable_params': 0, 'trainable_pct': 0.0, 'method': 'frozen'}",15.497575283050537,0.8295015858490656,
ado2flzb,v1,,0,,braindecode/seed-v,frozen,flatten,3,ridge,median_std_clip,completed,"{'total_params': 12687872, 'trainable_params': 0, 'trainable_pct': 0.0, 'method': 'frozen'}",48.323808670043945,0.2677047884697424,
ado2flzb,v1,,0,,braindecode/seed-vig,frozen,flatten,3,ridge,median_std_clip,completed,"{'total_params': 12687872, 'trainable_params': 0, 'trainable_pct': 0.0, 'method': 'frozen'}",25.272485733032227,,-0.23149262560856032
ado2flzb,v1,,0,,braindecode/tuab,frozen,flatten,3,ridge,median_std_clip,completed,"{'total_params': 12687872, 'trainable_params': 0, 'trainable_pct': 0.0, 'method': 'frozen'}",57.62924146652222,0.7744059046624836,
ado2flzb,v1,,0,,braindecode/tuev,frozen,flatten,3,ridge,median_std_clip,completed,"{'total_params': 12687872, 'trainable_params': 0, 'trainable_pct': 0.0, 'method': 'frozen'}",12.608074426651001,0.8740112686622301,
ado2flzb,v1,,0,,braindecode/arithmetic_zyma2019,frozen,flatten,4,ridge,median_std_clip,completed,"{'total_params': 12687872, 'trainable_params': 0, 'trainable_pct': 0.0, 'method': 'frozen'}",12.18216586112976,0.6388888888888888,
ado2flzb,v1,,0,,braindecode/bcic2a,frozen,flatten,4,ridge,median_std_clip,completed,"{'total_params': 12687872, 'trainable_params': 0, 'trainable_pct': 0.0, 'method': 'frozen'}",11.946959257125854,0.3923611111111111,
ado2flzb,v1,,0,,braindecode/bcic2020-3,frozen,flatten,4,ridge,median_std_clip,completed,"{'total_params': 12687872, 'trainable_params': 0, 'trainable_pct': 0.0, 'method': 'frozen'}",25.420341968536377,0.24533333333333335,
ado2flzb,v1,,0,,braindecode/physionet,frozen,flatten,4,ridge,median_std_clip,completed,"{'total_params': 12687872, 'trainable_params': 0, 'trainable_pct': 0.0, 'method': 'frozen'}",29.663567066192627,0.5421630682718188,
ado2flzb,v1,,0,,braindecode/chbmit,frozen,flatten,4,ridge,median_std_clip,completed,"{'total_params': 12687872, 'trainable_params': 0, 'trainable_pct': 0.0, 'method': 'frozen'}",54.61199975013733,0.8847755172117779,
ado2flzb,v1,,0,,braindecode/faced,frozen,flatten,4,ridge,median_std_clip,completed,"{'total_params': 12687872, 'trainable_params': 0, 'trainable_pct': 0.0, 'method': 'frozen'}",50.48681449890137,0.2905195649760867,
ado2flzb,v1,,0,,braindecode/isruc-sleep,frozen,flatten,4,ridge,median_std_clip,completed,"{'total_params': 12687872, 'trainable_params': 0, 'trainable_pct': 0.0, 'method': 'frozen'}",89.48130249977112,0.5832009115125873,
ado2flzb,v1,,0,,braindecode/mdd_mumtaz2016,frozen,flatten,4,ridge,median_std_clip,completed,"{'total_params': 12687872, 'trainable_params': 0, 'trainable_pct': 0.0, 'method': 'frozen'}",16.929388284683228,0.8526685840879185,
ado2flzb,v1,,0,,braindecode/seed-v,frozen,flatten,4,ridge,median_std_clip,completed,"{'total_params': 12687872, 'trainable_params': 0, 'trainable_pct': 0.0, 'method': 'frozen'}",50.842857122421265,0.266675211979502,
ado2flzb,v1,,0,,braindecode/seed-vig,frozen,flatten,4,ridge,median_std_clip,completed,"{'total_params': 12687872, 'trainable_params': 0, 'trainable_pct': 0.0, 'method': 'frozen'}",25.909899950027466,,-0.3599262594892436
ado2flzb,v1,,0,,braindecode/tuab,frozen,flatten,4,ridge,median_std_clip,completed,"{'total_params': 12687872, 'trainable_params': 0, 'trainable_pct': 0.0, 'method': 'frozen'}",59.04121518135071,0.7421812169993705,
ado2flzb,v1,,0,,braindecode/tuev,frozen,flatten,4,ridge,median_std_clip,completed,"{'total_params': 12687872, 'trainable_params': 0, 'trainable_pct': 0.0, 'method': 'frozen'}",13.176122903823853,0.8826240421652858,
ado2flzb,v2,,0,,braindecode/arithmetic_zyma2019,frozen,flatten,0,ridge,median_std_clip,completed,"{'total_params': 12687872, 'trainable_params': 0, 'trainable_pct': 0.0, 'method': 'frozen'}",11.610308170318604,0.65625,
ado2flzb,v2,,0,,braindecode/bcic2a,frozen,flatten,0,ridge,median_std_clip,completed,"{'total_params': 12687872, 'trainable_params': 0, 'trainable_pct': 0.0, 'method': 'frozen'}",8.676357984542847,0.4340277777777778,
ado2flzb,v2,,0,,braindecode/bcic2020-3,frozen,flatten,0,ridge,median_std_clip,completed,"{'total_params': 12687872, 'trainable_params': 0, 'trainable_pct': 0.0, 'method': 'frozen'}",19.451446533203125,0.2853333333333333,
ado2flzb,v2,,0,,braindecode/physionet,frozen,flatten,0,ridge,median_std_clip,completed,"{'total_params': 12687872, 'trainable_params': 0, 'trainable_pct': 0.0, 'method': 'frozen'}",21.188000202178955,0.5631214632058762,
ado2flzb,v2,,0,,braindecode/chbmit,frozen,flatten,0,ridge,median_std_clip,completed,"{'total_params': 12687872, 'trainable_params': 0, 'trainable_pct': 0.0, 'method': 'frozen'}",42.94719338417053,0.8466391964975535,
ado2flzb,v2,,0,,braindecode/faced,frozen,flatten,0,ridge,median_std_clip,completed,"{'total_params': 12687872, 'trainable_params': 0, 'trainable_pct': 0.0, 'method': 'frozen'}",50.14309358596802,0.3118810537288798,
ado2flzb,v2,,0,,braindecode/isruc-sleep,frozen,flatten,0,ridge,median_std_clip,completed,"{'total_params': 12687872, 'trainable_params': 0, 'trainable_pct': 0.0, 'method': 'frozen'}",88.50835824012756,0.6168522497140347,
ado2flzb,v2,,0,,braindecode/mdd_mumtaz2016,frozen,flatten,0,ridge,median_std_clip,completed,"{'total_params': 12687872, 'trainable_params': 0, 'trainable_pct': 0.0, 'method': 'frozen'}",14.660666465759277,0.863250682378865,
ado2flzb,v2,,0,,braindecode/seed-v,frozen,flatten,0,ridge,median_std_clip,completed,"{'total_params': 12687872, 'trainable_params': 0, 'trainable_pct': 0.0, 'method': 'frozen'}",37.09250450134277,0.27630981687530365,
ado2flzb,v2,,0,,braindecode/seed-vig,frozen,flatten,0,ridge,median_std_clip,completed,"{'total_params': 12687872, 'trainable_params': 0, 'trainable_pct': 0.0, 'method': 'frozen'}",22.86293125152588,,-0.17697898460728467
ado2flzb,v2,,0,,braindecode/tuab,frozen,flatten,0,ridge,median_std_clip,completed,"{'total_params': 12687872, 'trainable_params': 0, 'trainable_pct': 0.0, 'method': 'frozen'}",54.026609897613525,0.7847423682719039,
ado2flzb,v2,,0,,braindecode/tuev,frozen,flatten,0,ridge,median_std_clip,completed,"{'total_params': 12687872, 'trainable_params': 0, 'trainable_pct': 0.0, 'method': 'frozen'}",12.496898651123047,0.8859856460076365,
ado2flzb,v2,,0,,braindecode/arithmetic_zyma2019,frozen,flatten,1,ridge,median_std_clip,completed,"{'total_params': 12687872, 'trainable_params': 0, 'trainable_pct': 0.0, 'method': 'frozen'}",11.729247570037842,0.6631944444444444,
ado2flzb,v2,,0,,braindecode/bcic2a,frozen,flatten,1,ridge,median_std_clip,completed,"{'total_params': 12687872, 'trainable_params': 0, 'trainable_pct': 0.0, 'method': 'frozen'}",12.235659837722778,0.4160879629629629,
ado2flzb,v2,,0,,braindecode/bcic2020-3,frozen,flatten,1,ridge,median_std_clip,completed,"{'total_params': 12687872, 'trainable_params': 0, 'trainable_pct': 0.0, 'method': 'frozen'}",25.37982201576233,0.2506666666666667,
ado2flzb,v2,,0,,braindecode/physionet,frozen,flatten,1,ridge,median_std_clip,completed,"{'total_params': 12687872, 'trainable_params': 0, 'trainable_pct': 0.0, 'method': 'frozen'}",29.182521104812622,0.5619633539588204,
ado2flzb,v2,,0,,braindecode/chbmit,frozen,flatten,1,ridge,median_std_clip,completed,"{'total_params': 12687872, 'trainable_params': 0, 'trainable_pct': 0.0, 'method': 'frozen'}",53.17970108985901,0.9615203021718602,
ado2flzb,v2,,0,,braindecode/faced,frozen,flatten,1,ridge,median_std_clip,completed,"{'total_params': 12687872, 'trainable_params': 0, 'trainable_pct': 0.0, 'method': 'frozen'}",50.17258334159851,0.31040819084297344,
ado2flzb,v2,,0,,braindecode/isruc-sleep,frozen,flatten,1,ridge,median_std_clip,completed,"{'total_params': 12687872, 'trainable_params': 0, 'trainable_pct': 0.0, 'method': 'frozen'}",88.56048154830933,0.6150312261403796,
ado2flzb,v2,,0,,braindecode/mdd_mumtaz2016,frozen,flatten,1,ridge,median_std_clip,completed,"{'total_params': 12687872, 'trainable_params': 0, 'trainable_pct': 0.0, 'method': 'frozen'}",15.816913604736328,0.8572061094322385,
ado2flzb,v2,,0,,braindecode/seed-v,frozen,flatten,1,ridge,median_std_clip,completed,"{'total_params': 12687872, 'trainable_params': 0, 'trainable_pct': 0.0, 'method': 'frozen'}",48.59060835838318,0.2707503244488294,
ado2flzb,v2,,0,,braindecode/seed-vig,frozen,flatten,1,ridge,median_std_clip,completed,"{'total_params': 12687872, 'trainable_params': 0, 'trainable_pct': 0.0, 'method': 'frozen'}",25.79382610321045,,-0.2839331801382694
ado2flzb,v2,,0,,braindecode/tuab,frozen,flatten,1,ridge,median_std_clip,completed,"{'total_params': 12687872, 'trainable_params': 0, 'trainable_pct': 0.0, 'method': 'frozen'}",55.982489585876465,0.7865095890840582,
ado2flzb,v2,,0,,braindecode/tuev,frozen,flatten,1,ridge,median_std_clip,completed,"{'total_params': 12687872, 'trainable_params': 0, 'trainable_pct': 0.0, 'method': 'frozen'}",13.036888599395752,0.9511287172635603,
ado2flzb,v2,,0,,braindecode/arithmetic_zyma2019,frozen,flatten,2,ridge,median_std_clip,completed,"{'total_params': 12687872, 'trainable_params': 0, 'trainable_pct': 0.0, 'method': 'frozen'}",12.228989839553833,0.6527777777777778,
ado2flzb,v2,,0,,braindecode/bcic2a,frozen,flatten,2,ridge,median_std_clip,completed,"{'total_params': 12687872, 'trainable_params': 0, 'trainable_pct': 0.0, 'method': 'frozen'}",12.105027437210083,0.4340277777777778,
ado2flzb,v2,,0,,braindecode/bcic2020-3,frozen,flatten,2,ridge,median_std_clip,completed,"{'total_params': 12687872, 'trainable_params': 0, 'trainable_pct': 0.0, 'method': 'frozen'}",24.97553324699402,0.2613333333333333,
ado2flzb,v2,,0,,braindecode/physionet,frozen,flatten,2,ridge,median_std_clip,completed,"{'total_params': 12687872, 'trainable_params': 0, 'trainable_pct': 0.0, 'method': 'frozen'}",29.322685956954956,0.5636717064553436,
ado2flzb,v2,,0,,braindecode/chbmit,frozen,flatten,2,ridge,median_std_clip,completed,"{'total_params': 12687872, 'trainable_params': 0, 'trainable_pct': 0.0, 'method': 'frozen'}",53.461172580718994,0.8729075457120783,
ado2flzb,v2,,0,,braindecode/faced,frozen,flatten,2,ridge,median_std_clip,completed,"{'total_params': 12687872, 'trainable_params': 0, 'trainable_pct': 0.0, 'method': 'frozen'}",50.110435485839844,0.31200155520807693,
ado2flzb,v2,,0,,braindecode/isruc-sleep,frozen,flatten,2,ridge,median_std_clip,completed,"{'total_params': 12687872, 'trainable_params': 0, 'trainable_pct': 0.0, 'method': 'frozen'}",89.4959511756897,0.6169400412920931,
ado2flzb,v2,,0,,braindecode/mdd_mumtaz2016,frozen,flatten,2,ridge,median_std_clip,completed,"{'total_params': 12687872, 'trainable_params': 0, 'trainable_pct': 0.0, 'method': 'frozen'}",16.48426651954651,0.8502266137577146,
ado2flzb,v2,,0,,braindecode/seed-v,frozen,flatten,2,ridge,median_std_clip,completed,"{'total_params': 12687872, 'trainable_params': 0, 'trainable_pct': 0.0, 'method': 'frozen'}",37.87204647064209,0.2750030726053338,
ado2flzb,v2,,0,,braindecode/seed-vig,frozen,flatten,2,ridge,median_std_clip,completed,"{'total_params': 12687872, 'trainable_params': 0, 'trainable_pct': 0.0, 'method': 'frozen'}",26.68558168411255,,-0.1846301708226401
ado2flzb,v2,,0,,braindecode/tuab,frozen,flatten,2,ridge,median_std_clip,completed,"{'total_params': 12687872, 'trainable_params': 0, 'trainable_pct': 0.0, 'method': 'frozen'}",56.04625391960144,0.7909608237584371,
ado2flzb,v2,,0,,braindecode/tuev,frozen,flatten,2,ridge,median_std_clip,completed,"{'total_params': 12687872, 'trainable_params': 0, 'trainable_pct': 0.0, 'method': 'frozen'}",12.454077243804932,0.9532113032885036,
ado2flzb,v2,,0,,braindecode/arithmetic_zyma2019,frozen,flatten,3,ridge,median_std_clip,completed,"{'total_params': 12687872, 'trainable_params': 0, 'trainable_pct': 0.0, 'method': 'frozen'}",11.50197434425354,0.6840277777777778,
ado2flzb,v2,,0,,braindecode/bcic2a,frozen,flatten,3,ridge,median_std_clip,completed,"{'total_params': 12687872, 'trainable_params': 0, 'trainable_pct': 0.0, 'method': 'frozen'}",11.661104679107666,0.4114583333333333,
ado2flzb,v2,,0,,braindecode/bcic2020-3,frozen,flatten,3,ridge,median_std_clip,completed,"{'total_params': 12687872, 'trainable_params': 0, 'trainable_pct': 0.0, 'method': 'frozen'}",24.71885848045349,0.2813333333333333,
ado2flzb,v2,,0,,braindecode/physionet,frozen,flatten,3,ridge,median_std_clip,completed,"{'total_params': 12687872, 'trainable_params': 0, 'trainable_pct': 0.0, 'method': 'frozen'}",28.233103275299072,0.5631201632704943,
ado2flzb,v2,,0,,braindecode/chbmit,frozen,flatten,3,ridge,median_std_clip,completed,"{'total_params': 12687872, 'trainable_params': 0, 'trainable_pct': 0.0, 'method': 'frozen'}",53.11330270767212,0.9165379002489484,
ado2flzb,v2,,0,,braindecode/faced,frozen,flatten,3,ridge,median_std_clip,completed,"{'total_params': 12687872, 'trainable_params': 0, 'trainable_pct': 0.0, 'method': 'frozen'}",48.69963502883911,0.3092877834725661,
ado2flzb,v2,,0,,braindecode/isruc-sleep,frozen,flatten,3,ridge,median_std_clip,completed,"{'total_params': 12687872, 'trainable_params': 0, 'trainable_pct': 0.0, 'method': 'frozen'}",86.49866485595703,0.609055916416587,
ado2flzb,v2,,0,,braindecode/mdd_mumtaz2016,frozen,flatten,3,ridge,median_std_clip,completed,"{'total_params': 12687872, 'trainable_params': 0, 'trainable_pct': 0.0, 'method': 'frozen'}",15.717242956161499,0.865614580438842,
ado2flzb,v2,,0,,braindecode/seed-v,frozen,flatten,3,ridge,median_std_clip,completed,"{'total_params': 12687872, 'trainable_params': 0, 'trainable_pct': 0.0, 'method': 'frozen'}",48.456180810928345,0.2734200221298837,
ado2flzb,v2,,0,,braindecode/seed-vig,frozen,flatten,3,ridge,median_std_clip,completed,"{'total_params': 12687872, 'trainable_params': 0, 'trainable_pct': 0.0, 'method': 'frozen'}",25.391205549240112,,-0.18924717540327118
ado2flzb,v2,,0,,braindecode/tuab,frozen,flatten,3,ridge,median_std_clip,completed,"{'total_params': 12687872, 'trainable_params': 0, 'trainable_pct': 0.0, 'method': 'frozen'}",57.204516649246216,0.7822557701397648,
ado2flzb,v2,,0,,braindecode/tuev,frozen,flatten,3,ridge,median_std_clip,completed,"{'total_params': 12687872, 'trainable_params': 0, 'trainable_pct': 0.0, 'method': 'frozen'}",12.506235599517822,0.9523810643435872,
ado2flzb,v2,,0,,braindecode/arithmetic_zyma2019,frozen,flatten,4,ridge,median_std_clip,completed,"{'total_params': 12687872, 'trainable_params': 0, 'trainable_pct': 0.0, 'method': 'frozen'}",12.180895805358887,0.6770833333333334,
ado2flzb,v2,,0,,braindecode/bcic2a,frozen,flatten,4,ridge,median_std_clip,completed,"{'total_params': 12687872, 'trainable_params': 0, 'trainable_pct': 0.0, 'method': 'frozen'}",11.829105615615845,0.43229166666666663,
ado2flzb,v2,,0,,braindecode/bcic2020-3,frozen,flatten,4,ridge,median_std_clip,completed,"{'total_params': 12687872, 'trainable_params': 0, 'trainable_pct': 0.0, 'method': 'frozen'}",25.230990409851074,0.2573333333333333,
ado2flzb,v2,,0,,braindecode/physionet,frozen,flatten,4,ridge,median_std_clip,completed,"{'total_params': 12687872, 'trainable_params': 0, 'trainable_pct': 0.0, 'method': 'frozen'}",29.27489137649536,0.5597111536632943,
ado2flzb,v2,,0,,braindecode/chbmit,frozen,flatten,4,ridge,median_std_clip,completed,"{'total_params': 12687872, 'trainable_params': 0, 'trainable_pct': 0.0, 'method': 'frozen'}",55.881800413131714,0.8949266031419006,
ado2flzb,v2,,0,,braindecode/faced,frozen,flatten,4,ridge,median_std_clip,completed,"{'total_params': 12687872, 'trainable_params': 0, 'trainable_pct': 0.0, 'method': 'frozen'}",50.13642191886902,0.3143639271356663,
ado2flzb,v2,,0,,braindecode/isruc-sleep,frozen,flatten,4,ridge,median_std_clip,completed,"{'total_params': 12687872, 'trainable_params': 0, 'trainable_pct': 0.0, 'method': 'frozen'}",88.18448996543884,0.6128223859121701,
ado2flzb,v2,,0,,braindecode/mdd_mumtaz2016,frozen,flatten,4,ridge,median_std_clip,completed,"{'total_params': 12687872, 'trainable_params': 0, 'trainable_pct': 0.0, 'method': 'frozen'}",16.529248237609863,0.8596837129966122,
ado2flzb,v2,,0,,braindecode/seed-v,frozen,flatten,4,ridge,median_std_clip,completed,"{'total_params': 12687872, 'trainable_params': 0, 'trainable_pct': 0.0, 'method': 'frozen'}",50.92237329483032,0.27585653669608307,
ado2flzb,v2,,0,,braindecode/seed-vig,frozen,flatten,4,ridge,median_std_clip,completed,"{'total_params': 12687872, 'trainable_params': 0, 'trainable_pct': 0.0, 'method': 'frozen'}",26.20238184928894,,-0.2747545130006279
ado2flzb,v2,,0,,braindecode/tuab,frozen,flatten,4,ridge,median_std_clip,completed,"{'total_params': 12687872, 'trainable_params': 0, 'trainable_pct': 0.0, 'method': 'frozen'}",57.972779512405396,0.7889085402324858,
ado2flzb,v2,,0,,braindecode/tuev,frozen,flatten,4,ridge,median_std_clip,completed,"{'total_params': 12687872, 'trainable_params': 0, 'trainable_pct': 0.0, 'method': 'frozen'}",13.052551507949829,0.8868402714271335,
ado2flzb,v3,,0,,braindecode/arithmetic_zyma2019,frozen,flatten,0,ridge,median_std_clip,completed,"{'total_params': 12687872, 'trainable_params': 0, 'trainable_pct': 0.0, 'method': 'frozen'}",11.627832889556885,0.6944444444444444,
ado2flzb,v3,,0,,braindecode/bcic2a,frozen,flatten,0,ridge,median_std_clip,completed,"{'total_params': 12687872, 'trainable_params': 0, 'trainable_pct': 0.0, 'method': 'frozen'}",9.258377313613892,0.4189814814814815,
ado2flzb,v3,,0,,braindecode/bcic2020-3,frozen,flatten,0,ridge,median_std_clip,completed,"{'total_params': 12687872, 'trainable_params': 0, 'trainable_pct': 0.0, 'method': 'frozen'}",21.955013751983643,0.272,
ado2flzb,v3,,0,,braindecode/physionet,frozen,flatten,0,ridge,median_std_clip,completed,"{'total_params': 12687872, 'trainable_params': 0, 'trainable_pct': 0.0, 'method': 'frozen'}",23.637009859085083,0.565948240730569,
ado2flzb,v3,,0,,braindecode/chbmit,frozen,flatten,0,ridge,median_std_clip,completed,"{'total_params': 12687872, 'trainable_params': 0, 'trainable_pct': 0.0, 'method': 'frozen'}",42.836395025253296,0.8752682633702464,
ado2flzb,v3,,0,,braindecode/faced,frozen,flatten,0,ridge,median_std_clip,completed,"{'total_params': 12687872, 'trainable_params': 0, 'trainable_pct': 0.0, 'method': 'frozen'}",49.57889699935913,0.3134505892658066,
ado2flzb,v3,,0,,braindecode/isruc-sleep,frozen,flatten,0,ridge,median_std_clip,completed,"{'total_params': 12687872, 'trainable_params': 0, 'trainable_pct': 0.0, 'method': 'frozen'}",88.9471070766449,0.6315873868457383,
ado2flzb,v3,,0,,braindecode/mdd_mumtaz2016,frozen,flatten,0,ridge,median_std_clip,completed,"{'total_params': 12687872, 'trainable_params': 0, 'trainable_pct': 0.0, 'method': 'frozen'}",14.704643964767456,0.7960345898075144,
ado2flzb,v3,,0,,braindecode/seed-v,frozen,flatten,0,ridge,median_std_clip,completed,"{'total_params': 12687872, 'trainable_params': 0, 'trainable_pct': 0.0, 'method': 'frozen'}",37.44822573661804,0.27854738257183714,
ado2flzb,v3,,0,,braindecode/seed-vig,frozen,flatten,0,ridge,median_std_clip,completed,"{'total_params': 12687872, 'trainable_params': 0, 'trainable_pct': 0.0, 'method': 'frozen'}",22.75426435470581,,-0.15142009393533273
ado2flzb,v3,,0,,braindecode/tuab,frozen,flatten,0,ridge,median_std_clip,completed,"{'total_params': 12687872, 'trainable_params': 0, 'trainable_pct': 0.0, 'method': 'frozen'}",43.77378010749817,0.7997496040484506,
ado2flzb,v3,,0,,braindecode/tuev,frozen,flatten,0,ridge,median_std_clip,completed,"{'total_params': 12687872, 'trainable_params': 0, 'trainable_pct': 0.0, 'method': 'frozen'}",12.67920446395874,0.9529767764514876,
ado2flzb,v3,,0,,braindecode/arithmetic_zyma2019,frozen,flatten,1,ridge,median_std_clip,completed,"{'total_params': 12687872, 'trainable_params': 0, 'trainable_pct': 0.0, 'method': 'frozen'}",11.502485275268555,0.6909722222222222,
ado2flzb,v3,,0,,braindecode/bcic2a,frozen,flatten,1,ridge,median_std_clip,completed,"{'total_params': 12687872, 'trainable_params': 0, 'trainable_pct': 0.0, 'method': 'frozen'}",12.09074878692627,0.44270833333333337,
ado2flzb,v3,,0,,braindecode/bcic2020-3,frozen,flatten,1,ridge,median_std_clip,completed,"{'total_params': 12687872, 'trainable_params': 0, 'trainable_pct': 0.0, 'method': 'frozen'}",25.14956498146057,0.2613333333333333,
ado2flzb,v3,,0,,braindecode/physionet,frozen,flatten,1,ridge,median_std_clip,completed,"{'total_params': 12687872, 'trainable_params': 0, 'trainable_pct': 0.0, 'method': 'frozen'}",29.043439149856567,0.5778107648685451,
ado2flzb,v3,,0,,braindecode/chbmit,frozen,flatten,1,ridge,median_std_clip,completed,"{'total_params': 12687872, 'trainable_params': 0, 'trainable_pct': 0.0, 'method': 'frozen'}",53.45612192153931,0.920787192033651,
ado2flzb,v3,,0,,braindecode/faced,frozen,flatten,1,ridge,median_std_clip,completed,"{'total_params': 12687872, 'trainable_params': 0, 'trainable_pct': 0.0, 'method': 'frozen'}",50.36239790916443,0.31039672887498976,
ado2flzb,v3,,0,,braindecode/isruc-sleep,frozen,flatten,1,ridge,median_std_clip,completed,"{'total_params': 12687872, 'trainable_params': 0, 'trainable_pct': 0.0, 'method': 'frozen'}",89.11538338661194,0.6263454646615947,
ado2flzb,v3,,0,,braindecode/mdd_mumtaz2016,frozen,flatten,1,ridge,median_std_clip,completed,"{'total_params': 12687872, 'trainable_params': 0, 'trainable_pct': 0.0, 'method': 'frozen'}",16.062882900238037,0.8425132095753355,
ado2flzb,v3,,0,,braindecode/seed-v,frozen,flatten,1,ridge,median_std_clip,completed,"{'total_params': 12687872, 'trainable_params': 0, 'trainable_pct': 0.0, 'method': 'frozen'}",49.366365909576416,0.2725486586273267,
ado2flzb,v3,,0,,braindecode/seed-vig,frozen,flatten,1,ridge,median_std_clip,completed,"{'total_params': 12687872, 'trainable_params': 0, 'trainable_pct': 0.0, 'method': 'frozen'}",25.76156497001648,,-0.16828486011295962
ado2flzb,v3,,0,,braindecode/tuab,frozen,flatten,1,ridge,median_std_clip,completed,"{'total_params': 12687872, 'trainable_params': 0, 'trainable_pct': 0.0, 'method': 'frozen'}",55.821370363235474,0.8016747574446732,
ado2flzb,v3,,0,,braindecode/tuev,frozen,flatten,1,ridge,median_std_clip,completed,"{'total_params': 12687872, 'trainable_params': 0, 'trainable_pct': 0.0, 'method': 'frozen'}",12.815121173858643,0.9522309646473311,
ado2flzb,v3,,0,,braindecode/arithmetic_zyma2019,frozen,flatten,2,ridge,median_std_clip,completed,"{'total_params': 12687872, 'trainable_params': 0, 'trainable_pct': 0.0, 'method': 'frozen'}",12.582865476608276,0.7013888888888888,
ado2flzb,v3,,0,,braindecode/bcic2a,frozen,flatten,2,ridge,median_std_clip,completed,"{'total_params': 12687872, 'trainable_params': 0, 'trainable_pct': 0.0, 'method': 'frozen'}",12.068579912185669,0.4589120370370371,
ado2flzb,v3,,0,,braindecode/bcic2020-3,frozen,flatten,2,ridge,median_std_clip,completed,"{'total_params': 12687872, 'trainable_params': 0, 'trainable_pct': 0.0, 'method': 'frozen'}",25.90097951889038,0.27866666666666673,
ado2flzb,v3,,0,,braindecode/physionet,frozen,flatten,2,ridge,median_std_clip,completed,"{'total_params': 12687872, 'trainable_params': 0, 'trainable_pct': 0.0, 'method': 'frozen'}",29.108762502670288,0.5721520853522865,
ado2flzb,v3,,0,,braindecode/chbmit,frozen,flatten,2,ridge,median_std_clip,completed,"{'total_params': 12687872, 'trainable_params': 0, 'trainable_pct': 0.0, 'method': 'frozen'}",53.835734367370605,0.9482359000772599,
ado2flzb,v3,,0,,braindecode/faced,frozen,flatten,2,ridge,median_std_clip,completed,"{'total_params': 12687872, 'trainable_params': 0, 'trainable_pct': 0.0, 'method': 'frozen'}",50.668514013290405,0.3138096806575067,
ado2flzb,v3,,0,,braindecode/isruc-sleep,frozen,flatten,2,ridge,median_std_clip,completed,"{'total_params': 12687872, 'trainable_params': 0, 'trainable_pct': 0.0, 'method': 'frozen'}",89.60636568069458,0.6334211436743442,
ado2flzb,v3,,0,,braindecode/mdd_mumtaz2016,frozen,flatten,2,ridge,median_std_clip,completed,"{'total_params': 12687872, 'trainable_params': 0, 'trainable_pct': 0.0, 'method': 'frozen'}",17.009523630142212,0.8281646346810831,
ado2flzb,v3,,0,,braindecode/seed-v,frozen,flatten,2,ridge,median_std_clip,completed,"{'total_params': 12687872, 'trainable_params': 0, 'trainable_pct': 0.0, 'method': 'frozen'}",37.663278341293335,0.27598058562115524,
ado2flzb,v3,,0,,braindecode/seed-vig,frozen,flatten,2,ridge,median_std_clip,completed,"{'total_params': 12687872, 'trainable_params': 0, 'trainable_pct': 0.0, 'method': 'frozen'}",26.583292961120605,,-0.1654319614755182
ado2flzb,v3,,0,,braindecode/tuab,frozen,flatten,2,ridge,median_std_clip,completed,"{'total_params': 12687872, 'trainable_params': 0, 'trainable_pct': 0.0, 'method': 'frozen'}",55.87567067146301,0.7948158909301892,
ado2flzb,v3,,0,,braindecode/tuev,frozen,flatten,2,ridge,median_std_clip,completed,"{'total_params': 12687872, 'trainable_params': 0, 'trainable_pct': 0.0, 'method': 'frozen'}",12.443528890609741,0.8924652685718049,
ado2flzb,v3,,0,,braindecode/arithmetic_zyma2019,frozen,flatten,3,ridge,median_std_clip,completed,"{'total_params': 12687872, 'trainable_params': 0, 'trainable_pct': 0.0, 'method': 'frozen'}",11.47945761680603,0.6875,
ado2flzb,v3,,0,,braindecode/bcic2a,frozen,flatten,3,ridge,median_std_clip,completed,"{'total_params': 12687872, 'trainable_params': 0, 'trainable_pct': 0.0, 'method': 'frozen'}",11.675730466842651,0.42592592592592593,
ado2flzb,v3,,0,,braindecode/bcic2020-3,frozen,flatten,3,ridge,median_std_clip,completed,"{'total_params': 12687872, 'trainable_params': 0, 'trainable_pct': 0.0, 'method': 'frozen'}",24.621256828308105,0.2653333333333333,
ado2flzb,v3,,0,,braindecode/physionet,frozen,flatten,3,ridge,median_std_clip,completed,"{'total_params': 12687872, 'trainable_params': 0, 'trainable_pct': 0.0, 'method': 'frozen'}",28.104710817337036,0.5732934981019091,
ado2flzb,v3,,0,,braindecode/chbmit,frozen,flatten,3,ridge,median_std_clip,completed,"{'total_params': 12687872, 'trainable_params': 0, 'trainable_pct': 0.0, 'method': 'frozen'}",53.20334458351135,0.9683663833805477,
ado2flzb,v3,,0,,braindecode/faced,frozen,flatten,3,ridge,median_std_clip,completed,"{'total_params': 12687872, 'trainable_params': 0, 'trainable_pct': 0.0, 'method': 'frozen'}",48.88244652748108,0.31900617498443584,
ado2flzb,v3,,0,,braindecode/isruc-sleep,frozen,flatten,3,ridge,median_std_clip,completed,"{'total_params': 12687872, 'trainable_params': 0, 'trainable_pct': 0.0, 'method': 'frozen'}",86.7947850227356,0.6321309754937198,
ado2flzb,v3,,0,,braindecode/mdd_mumtaz2016,frozen,flatten,3,ridge,median_std_clip,completed,"{'total_params': 12687872, 'trainable_params': 0, 'trainable_pct': 0.0, 'method': 'frozen'}",15.73955225944519,0.8514981320018333,
ado2flzb,v3,,0,,braindecode/seed-v,frozen,flatten,3,ridge,median_std_clip,completed,"{'total_params': 12687872, 'trainable_params': 0, 'trainable_pct': 0.0, 'method': 'frozen'}",48.934526443481445,0.2759147073020292,
ado2flzb,v3,,0,,braindecode/seed-vig,frozen,flatten,3,ridge,median_std_clip,completed,"{'total_params': 12687872, 'trainable_params': 0, 'trainable_pct': 0.0, 'method': 'frozen'}",25.282309770584106,,-0.170364950985189
ado2flzb,v3,,0,,braindecode/tuab,frozen,flatten,3,ridge,median_std_clip,completed,"{'total_params': 12687872, 'trainable_params': 0, 'trainable_pct': 0.0, 'method': 'frozen'}",57.168217182159424,0.7908163322453533,
ado2flzb,v3,,0,,braindecode/tuev,frozen,flatten,3,ridge,median_std_clip,completed,"{'total_params': 12687872, 'trainable_params': 0, 'trainable_pct': 0.0, 'method': 'frozen'}",12.51091480255127,0.886669172266655,
ado2flzb,v3,,0,,braindecode/arithmetic_zyma2019,frozen,flatten,4,ridge,median_std_clip,completed,"{'total_params': 12687872, 'trainable_params': 0, 'trainable_pct': 0.0, 'method': 'frozen'}",12.478145599365234,0.7118055555555556,
ado2flzb,v3,,0,,braindecode/bcic2a,frozen,flatten,4,ridge,median_std_clip,completed,"{'total_params': 12687872, 'trainable_params': 0, 'trainable_pct': 0.0, 'method': 'frozen'}",11.931658744812012,0.4496527777777778,
ado2flzb,v3,,0,,braindecode/bcic2020-3,frozen,flatten,4,ridge,median_std_clip,completed,"{'total_params': 12687872, 'trainable_params': 0, 'trainable_pct': 0.0, 'method': 'frozen'}",25.49683451652527,0.27066666666666667,
ado2flzb,v3,,0,,braindecode/physionet,frozen,flatten,4,ridge,median_std_clip,completed,"{'total_params': 12687872, 'trainable_params': 0, 'trainable_pct': 0.0, 'method': 'frozen'}",29.06035804748535,0.5647735160510925,
ado2flzb,v3,,0,,braindecode/chbmit,frozen,flatten,4,ridge,median_std_clip,completed,"{'total_params': 12687872, 'trainable_params': 0, 'trainable_pct': 0.0, 'method': 'frozen'}",54.776944398880005,0.9238561249892694,
ado2flzb,v3,,0,,braindecode/faced,frozen,flatten,4,ridge,median_std_clip,completed,"{'total_params': 12687872, 'trainable_params': 0, 'trainable_pct': 0.0, 'method': 'frozen'}",50.77352857589722,0.28918801609019,
ado2flzb,v3,,0,,braindecode/isruc-sleep,frozen,flatten,4,ridge,median_std_clip,completed,"{'total_params': 12687872, 'trainable_params': 0, 'trainable_pct': 0.0, 'method': 'frozen'}",87.29114961624146,0.6288862585925075,
ado2flzb,v3,,0,,braindecode/mdd_mumtaz2016,frozen,flatten,4,ridge,median_std_clip,completed,"{'total_params': 12687872, 'trainable_params': 0, 'trainable_pct': 0.0, 'method': 'frozen'}",17.038310527801514,0.8371340982147215,
ado2flzb,v3,,0,,braindecode/seed-v,frozen,flatten,4,ridge,median_std_clip,completed,"{'total_params': 12687872, 'trainable_params': 0, 'trainable_pct': 0.0, 'method': 'frozen'}",50.8633177280426,0.2759512593460209,
ado2flzb,v3,,0,,braindecode/seed-vig,frozen,flatten,4,ridge,median_std_clip,completed,"{'total_params': 12687872, 'trainable_params': 0, 'trainable_pct': 0.0, 'method': 'frozen'}",25.92607855796814,,-0.16587490005177785
ado2flzb,v3,,0,,braindecode/tuab,frozen,flatten,4,ridge,median_std_clip,completed,"{'total_params': 12687872, 'trainable_params': 0, 'trainable_pct': 0.0, 'method': 'frozen'}",57.841267585754395,0.804779644842101,
ado2flzb,v3,,0,,braindecode/tuev,frozen,flatten,4,ridge,median_std_clip,completed,"{'total_params': 12687872, 'trainable_params': 0, 'trainable_pct': 0.0, 'method': 'frozen'}",13.040974617004395,0.8941115210181323,
ado2flzb,v4,,0,,braindecode/arithmetic_zyma2019,frozen,flatten,0,ridge,median_std_clip,completed,"{'total_params': 12687872, 'trainable_params': 0, 'trainable_pct': 0.0, 'method': 'frozen'}",11.620116233825684,0.6979166666666667,
ado2flzb,v4,,0,,braindecode/bcic2a,frozen,flatten,0,ridge,median_std_clip,completed,"{'total_params': 12687872, 'trainable_params': 0, 'trainable_pct': 0.0, 'method': 'frozen'}",8.676061630249023,0.45543981481481477,
ado2flzb,v4,,0,,braindecode/bcic2020-3,frozen,flatten,0,ridge,median_std_clip,completed,"{'total_params': 12687872, 'trainable_params': 0, 'trainable_pct': 0.0, 'method': 'frozen'}",19.484065532684326,0.27866666666666673,
ado2flzb,v4,,0,,braindecode/physionet,frozen,flatten,0,ridge,median_std_clip,completed,"{'total_params': 12687872, 'trainable_params': 0, 'trainable_pct': 0.0, 'method': 'frozen'}",21.375179767608643,0.5783892071617094,
ado2flzb,v4,,0,,braindecode/chbmit,frozen,flatten,0,ridge,median_std_clip,completed,"{'total_params': 12687872, 'trainable_params': 0, 'trainable_pct': 0.0, 'method': 'frozen'}",42.901453495025635,0.8560820671302258,
ado2flzb,v4,,0,,braindecode/faced,frozen,flatten,0,ridge,median_std_clip,completed,"{'total_params': 12687872, 'trainable_params': 0, 'trainable_pct': 0.0, 'method': 'frozen'}",49.55108833312988,0.31790371464284506,
ado2flzb,v4,,0,,braindecode/isruc-sleep,frozen,flatten,0,ridge,median_std_clip,completed,"{'total_params': 12687872, 'trainable_params': 0, 'trainable_pct': 0.0, 'method': 'frozen'}",88.65572762489319,0.6409792959695494,
ado2flzb,v4,,0,,braindecode/mdd_mumtaz2016,frozen,flatten,0,ridge,median_std_clip,completed,"{'total_params': 12687872, 'trainable_params': 0, 'trainable_pct': 0.0, 'method': 'frozen'}",14.686784744262695,0.8384461595929431,
ado2flzb,v4,,0,,braindecode/seed-v,frozen,flatten,0,ridge,median_std_clip,completed,"{'total_params': 12687872, 'trainable_params': 0, 'trainable_pct': 0.0, 'method': 'frozen'}",37.62852168083191,0.2814921246460075,
ado2flzb,v4,,0,,braindecode/seed-vig,frozen,flatten,0,ridge,median_std_clip,completed,"{'total_params': 12687872, 'trainable_params': 0, 'trainable_pct': 0.0, 'method': 'frozen'}",22.89109516143799,,-0.14852875148309996
ado2flzb,v4,,0,,braindecode/tuab,frozen,flatten,0,ridge,median_std_clip,completed,"{'total_params': 12687872, 'trainable_params': 0, 'trainable_pct': 0.0, 'method': 'frozen'}",56.01861572265625,0.802315168472624,
ado2flzb,v4,,0,,braindecode/tuev,frozen,flatten,0,ridge,median_std_clip,completed,"{'total_params': 12687872, 'trainable_params': 0, 'trainable_pct': 0.0, 'method': 'frozen'}",12.793398380279541,0.8925988979455971,
ado2flzb,v4,,0,,braindecode/arithmetic_zyma2019,frozen,flatten,1,ridge,median_std_clip,completed,"{'total_params': 12687872, 'trainable_params': 0, 'trainable_pct': 0.0, 'method': 'frozen'}",12.164425373077393,0.6840277777777777,
ado2flzb,v4,,0,,braindecode/bcic2a,frozen,flatten,1,ridge,median_std_clip,completed,"{'total_params': 12687872, 'trainable_params': 0, 'trainable_pct': 0.0, 'method': 'frozen'}",12.148228645324707,0.4519675925925926,
ado2flzb,v4,,0,,braindecode/bcic2020-3,frozen,flatten,1,ridge,median_std_clip,completed,"{'total_params': 12687872, 'trainable_params': 0, 'trainable_pct': 0.0, 'method': 'frozen'}",24.66130757331848,0.26266666666666666,
ado2flzb,v4,,0,,braindecode/physionet,frozen,flatten,1,ridge,median_std_clip,completed,"{'total_params': 12687872, 'trainable_params': 0, 'trainable_pct': 0.0, 'method': 'frozen'}",29.5503511428833,0.5783597371344209,
ado2flzb,v4,,0,,braindecode/chbmit,frozen,flatten,1,ridge,median_std_clip,completed,"{'total_params': 12687872, 'trainable_params': 0, 'trainable_pct': 0.0, 'method': 'frozen'}",53.71262311935425,0.8068503734226113,
ado2flzb,v4,,0,,braindecode/faced,frozen,flatten,1,ridge,median_std_clip,completed,"{'total_params': 12687872, 'trainable_params': 0, 'trainable_pct': 0.0, 'method': 'frozen'}",49.91244196891785,0.3188414846023542,
ado2flzb,v4,,0,,braindecode/isruc-sleep,frozen,flatten,1,ridge,median_std_clip,completed,"{'total_params': 12687872, 'trainable_params': 0, 'trainable_pct': 0.0, 'method': 'frozen'}",88.48338508605957,0.638839859403875,
ado2flzb,v4,,0,,braindecode/mdd_mumtaz2016,frozen,flatten,1,ridge,median_std_clip,completed,"{'total_params': 12687872, 'trainable_params': 0, 'trainable_pct': 0.0, 'method': 'frozen'}",15.783142328262329,0.8552631016061498,
ado2flzb,v4,,0,,braindecode/seed-v,frozen,flatten,1,ridge,median_std_clip,completed,"{'total_params': 12687872, 'trainable_params': 0, 'trainable_pct': 0.0, 'method': 'frozen'}",48.07110095024109,0.2786775434946597,
ado2flzb,v4,,0,,braindecode/seed-vig,frozen,flatten,1,ridge,median_std_clip,completed,"{'total_params': 12687872, 'trainable_params': 0, 'trainable_pct': 0.0, 'method': 'frozen'}",25.972790241241455,,-0.1555270169027254
ado2flzb,v4,,0,,braindecode/tuab,frozen,flatten,1,ridge,median_std_clip,completed,"{'total_params': 12687872, 'trainable_params': 0, 'trainable_pct': 0.0, 'method': 'frozen'}",55.83157992362976,0.8001704775836538,
ado2flzb,v4,,0,,braindecode/tuev,frozen,flatten,1,ridge,median_std_clip,completed,"{'total_params': 12687872, 'trainable_params': 0, 'trainable_pct': 0.0, 'method': 'frozen'}",12.885519981384277,0.8896158712784831,
ado2flzb,v4,,0,,braindecode/arithmetic_zyma2019,frozen,flatten,2,ridge,median_std_clip,completed,"{'total_params': 12687872, 'trainable_params': 0, 'trainable_pct': 0.0, 'method': 'frozen'}",12.160798072814941,0.6909722222222222,
ado2flzb,v4,,0,,braindecode/bcic2a,frozen,flatten,2,ridge,median_std_clip,completed,"{'total_params': 12687872, 'trainable_params': 0, 'trainable_pct': 0.0, 'method': 'frozen'}",12.222525596618652,0.41435185185185186,
ado2flzb,v4,,0,,braindecode/bcic2020-3,frozen,flatten,2,ridge,median_std_clip,completed,"{'total_params': 12687872, 'trainable_params': 0, 'trainable_pct': 0.0, 'method': 'frozen'}",25.598865509033203,0.2506666666666667,
ado2flzb,v4,,0,,braindecode/physionet,frozen,flatten,2,ridge,median_std_clip,completed,"{'total_params': 12687872, 'trainable_params': 0, 'trainable_pct': 0.0, 'method': 'frozen'}",29.610227584838867,0.5659188054454287,
ado2flzb,v4,,0,,braindecode/chbmit,frozen,flatten,2,ridge,median_std_clip,completed,"{'total_params': 12687872, 'trainable_params': 0, 'trainable_pct': 0.0, 'method': 'frozen'}",53.987396240234375,0.8788093398574985,
ado2flzb,v4,,0,,braindecode/faced,frozen,flatten,2,ridge,median_std_clip,completed,"{'total_params': 12687872, 'trainable_params': 0, 'trainable_pct': 0.0, 'method': 'frozen'}",50.681748390197754,0.3168674622478971,
ado2flzb,v4,,0,,braindecode/isruc-sleep,frozen,flatten,2,ridge,median_std_clip,completed,"{'total_params': 12687872, 'trainable_params': 0, 'trainable_pct': 0.0, 'method': 'frozen'}",89.32718634605408,0.641611608301087,
ado2flzb,v4,,0,,braindecode/mdd_mumtaz2016,frozen,flatten,2,ridge,median_std_clip,completed,"{'total_params': 12687872, 'trainable_params': 0, 'trainable_pct': 0.0, 'method': 'frozen'}",16.767183542251587,0.7776655360609301,
ado2flzb,v4,,0,,braindecode/seed-v,frozen,flatten,2,ridge,median_std_clip,completed,"{'total_params': 12687872, 'trainable_params': 0, 'trainable_pct': 0.0, 'method': 'frozen'}",37.510605812072754,0.2773819659595938,
ado2flzb,v4,,0,,braindecode/seed-vig,frozen,flatten,2,ridge,median_std_clip,completed,"{'total_params': 12687872, 'trainable_params': 0, 'trainable_pct': 0.0, 'method': 'frozen'}",26.56812834739685,,-0.16183081363997642
ado2flzb,v4,,0,,braindecode/tuab,frozen,flatten,2,ridge,median_std_clip,completed,"{'total_params': 12687872, 'trainable_params': 0, 'trainable_pct': 0.0, 'method': 'frozen'}",56.45029163360596,0.79306603150139,
ado2flzb,v4,,0,,braindecode/tuev,frozen,flatten,2,ridge,median_std_clip,completed,"{'total_params': 12687872, 'trainable_params': 0, 'trainable_pct': 0.0, 'method': 'frozen'}",12.433604717254639,0.8955668169711589,
ado2flzb,v4,,0,,braindecode/arithmetic_zyma2019,frozen,flatten,3,ridge,median_std_clip,completed,"{'total_params': 12687872, 'trainable_params': 0, 'trainable_pct': 0.0, 'method': 'frozen'}",11.432002544403076,0.6944444444444444,
ado2flzb,v4,,0,,braindecode/bcic2a,frozen,flatten,3,ridge,median_std_clip,completed,"{'total_params': 12687872, 'trainable_params': 0, 'trainable_pct': 0.0, 'method': 'frozen'}",11.721533298492432,0.45717592592592593,
ado2flzb,v4,,0,,braindecode/bcic2020-3,frozen,flatten,3,ridge,median_std_clip,completed,"{'total_params': 12687872, 'trainable_params': 0, 'trainable_pct': 0.0, 'method': 'frozen'}",24.713976621627808,0.256,
ado2flzb,v4,,0,,braindecode/physionet,frozen,flatten,3,ridge,median_std_clip,completed,"{'total_params': 12687872, 'trainable_params': 0, 'trainable_pct': 0.0, 'method': 'frozen'}",28.317054510116577,0.5800539756332005,
ado2flzb,v4,,0,,braindecode/chbmit,frozen,flatten,3,ridge,median_std_clip,completed,"{'total_params': 12687872, 'trainable_params': 0, 'trainable_pct': 0.0, 'method': 'frozen'}",53.37750482559204,0.8077946604858786,
ado2flzb,v4,,0,,braindecode/faced,frozen,flatten,3,ridge,median_std_clip,completed,"{'total_params': 12687872, 'trainable_params': 0, 'trainable_pct': 0.0, 'method': 'frozen'}",49.035643577575684,0.3231300704126791,
ado2flzb,v4,,0,,braindecode/isruc-sleep,frozen,flatten,3,ridge,median_std_clip,completed,"{'total_params': 12687872, 'trainable_params': 0, 'trainable_pct': 0.0, 'method': 'frozen'}",86.2423779964447,0.6400466346956721,
ado2flzb,v4,,0,,braindecode/mdd_mumtaz2016,frozen,flatten,3,ridge,median_std_clip,completed,"{'total_params': 12687872, 'trainable_params': 0, 'trainable_pct': 0.0, 'method': 'frozen'}",15.678908586502075,0.851543390584387,
ado2flzb,v4,,0,,braindecode/seed-v,frozen,flatten,3,ridge,median_std_clip,completed,"{'total_params': 12687872, 'trainable_params': 0, 'trainable_pct': 0.0, 'method': 'frozen'}",49.28132152557373,0.27941941035064727,
ado2flzb,v4,,0,,braindecode/seed-vig,frozen,flatten,3,ridge,median_std_clip,completed,"{'total_params': 12687872, 'trainable_params': 0, 'trainable_pct': 0.0, 'method': 'frozen'}",25.272687196731567,,-0.15745513772197528
ado2flzb,v4,,0,,braindecode/tuab,frozen,flatten,3,ridge,median_std_clip,completed,"{'total_params': 12687872, 'trainable_params': 0, 'trainable_pct': 0.0, 'method': 'frozen'}",57.325706005096436,0.7959561417853774,
ado2flzb,v4,,0,,braindecode/tuev,frozen,flatten,3,ridge,median_std_clip,completed,"{'total_params': 12687872, 'trainable_params': 0, 'trainable_pct': 0.0, 'method': 'frozen'}",12.709537029266357,0.8915386494902707,
ado2flzb,v4,,0,,braindecode/arithmetic_zyma2019,frozen,flatten,4,ridge,median_std_clip,completed,"{'total_params': 12687872, 'trainable_params': 0, 'trainable_pct': 0.0, 'method': 'frozen'}",12.073964357376099,0.7118055555555556,
ado2flzb,v4,,0,,braindecode/bcic2a,frozen,flatten,4,ridge,median_std_clip,completed,"{'total_params': 12687872, 'trainable_params': 0, 'trainable_pct': 0.0, 'method': 'frozen'}",11.845632553100586,0.4461805555555555,
ado2flzb,v4,,0,,braindecode/bcic2020-3,frozen,flatten,4,ridge,median_std_clip,completed,"{'total_params': 12687872, 'trainable_params': 0, 'trainable_pct': 0.0, 'method': 'frozen'}",25.388685941696167,0.27066666666666667,
ado2flzb,v4,,0,,braindecode/physionet,frozen,flatten,4,ridge,median_std_clip,completed,"{'total_params': 12687872, 'trainable_params': 0, 'trainable_pct': 0.0, 'method': 'frozen'}",29.455296754837036,0.5670513271002677,
ado2flzb,v4,,0,,braindecode/chbmit,frozen,flatten,4,ridge,median_std_clip,completed,"{'total_params': 12687872, 'trainable_params': 0, 'trainable_pct': 0.0, 'method': 'frozen'}",54.56021189689636,0.8790454116233153,
ado2flzb,v4,,0,,braindecode/faced,frozen,flatten,4,ridge,median_std_clip,completed,"{'total_params': 12687872, 'trainable_params': 0, 'trainable_pct': 0.0, 'method': 'frozen'}",50.12969183921814,0.33349184028531853,
ado2flzb,v4,,0,,braindecode/isruc-sleep,frozen,flatten,4,ridge,median_std_clip,completed,"{'total_params': 12687872, 'trainable_params': 0, 'trainable_pct': 0.0, 'method': 'frozen'}",88.24072742462158,0.6433704270095506,
ado2flzb,v4,,0,,braindecode/mdd_mumtaz2016,frozen,flatten,4,ridge,median_std_clip,completed,"{'total_params': 12687872, 'trainable_params': 0, 'trainable_pct': 0.0, 'method': 'frozen'}",16.47734785079956,0.8388014224514848,
ado2flzb,v4,,0,,braindecode/seed-v,frozen,flatten,4,ridge,median_std_clip,completed,"{'total_params': 12687872, 'trainable_params': 0, 'trainable_pct': 0.0, 'method': 'frozen'}",51.06223130226135,0.2791198108763953,
ado2flzb,v4,,0,,braindecode/seed-vig,frozen,flatten,4,ridge,median_std_clip,completed,"{'total_params': 12687872, 'trainable_params': 0, 'trainable_pct': 0.0, 'method': 'frozen'}",25.952091217041016,,-0.16731100656345155
ado2flzb,v4,,0,,braindecode/tuab,frozen,flatten,4,ridge,median_std_clip,completed,"{'total_params': 12687872, 'trainable_params': 0, 'trainable_pct': 0.0, 'method': 'frozen'}",59.53998017311096,0.809840488090091,
ado2flzb,v4,,0,,braindecode/tuev,frozen,flatten,4,ridge,median_std_clip,completed,"{'total_params': 12687872, 'trainable_params': 0, 'trainable_pct': 0.0, 'method': 'frozen'}",13.176616668701172,0.8991992753058117,
ado2flzb,v5,,0,,braindecode/arithmetic_zyma2019,frozen,flatten,0,ridge,median_std_clip,completed,"{'total_params': 12687872, 'trainable_params': 0, 'trainable_pct': 0.0, 'method': 'frozen'}",11.64364743232727,0.6909722222222222,
ado2flzb,v5,,0,,braindecode/bcic2a,frozen,flatten,0,ridge,median_std_clip,completed,"{'total_params': 12687872, 'trainable_params': 0, 'trainable_pct': 0.0, 'method': 'frozen'}",9.353269815444946,0.46296296296296297,
ado2flzb,v5,,0,,braindecode/bcic2020-3,frozen,flatten,0,ridge,median_std_clip,completed,"{'total_params': 12687872, 'trainable_params': 0, 'trainable_pct': 0.0, 'method': 'frozen'}",21.31257200241089,0.2573333333333333,
ado2flzb,v5,,0,,braindecode/physionet,frozen,flatten,0,ridge,median_std_clip,completed,"{'total_params': 12687872, 'trainable_params': 0, 'trainable_pct': 0.0, 'method': 'frozen'}",23.812476634979248,0.5744337383040268,
ado2flzb,v5,,0,,braindecode/chbmit,frozen,flatten,0,ridge,median_std_clip,completed,"{'total_params': 12687872, 'trainable_params': 0, 'trainable_pct': 0.0, 'method': 'frozen'}",43.26012420654297,0.8802257704523994,
ado2flzb,v5,,0,,braindecode/faced,frozen,flatten,0,ridge,median_std_clip,completed,"{'total_params': 12687872, 'trainable_params': 0, 'trainable_pct': 0.0, 'method': 'frozen'}",49.20340013504028,0.3127099349925437,
ado2flzb,v5,,0,,braindecode/isruc-sleep,frozen,flatten,0,ridge,median_std_clip,completed,"{'total_params': 12687872, 'trainable_params': 0, 'trainable_pct': 0.0, 'method': 'frozen'}",88.27213621139526,0.6530078903969309,
ado2flzb,v5,,0,,braindecode/mdd_mumtaz2016,frozen,flatten,0,ridge,median_std_clip,completed,"{'total_params': 12687872, 'trainable_params': 0, 'trainable_pct': 0.0, 'method': 'frozen'}",14.660284996032715,0.8323284242760232,
ado2flzb,v5,,0,,braindecode/seed-v,frozen,flatten,0,ridge,median_std_clip,completed,"{'total_params': 12687872, 'trainable_params': 0, 'trainable_pct': 0.0, 'method': 'frozen'}",37.32970857620239,0.28710257619466606,
ado2flzb,v5,,0,,braindecode/seed-vig,frozen,flatten,0,ridge,median_std_clip,completed,"{'total_params': 12687872, 'trainable_params': 0, 'trainable_pct': 0.0, 'method': 'frozen'}",22.77687978744507,,-0.13222603810918976
ado2flzb,v5,,0,,braindecode/tuab,frozen,flatten,0,ridge,median_std_clip,completed,"{'total_params': 12687872, 'trainable_params': 0, 'trainable_pct': 0.0, 'method': 'frozen'}",55.07712006568909,0.803209839760032,
ado2flzb,v5,,0,,braindecode/tuev,frozen,flatten,0,ridge,median_std_clip,completed,"{'total_params': 12687872, 'trainable_params': 0, 'trainable_pct': 0.0, 'method': 'frozen'}",12.66286015510559,0.8898668802531153,
ado2flzb,v5,,0,,braindecode/arithmetic_zyma2019,frozen,flatten,1,ridge,median_std_clip,completed,"{'total_params': 12687872, 'trainable_params': 0, 'trainable_pct': 0.0, 'method': 'frozen'}",11.455846309661865,0.6840277777777778,
ado2flzb,v5,,0,,braindecode/bcic2a,frozen,flatten,1,ridge,median_std_clip,completed,"{'total_params': 12687872, 'trainable_params': 0, 'trainable_pct': 0.0, 'method': 'frozen'}",12.112311124801636,0.4623842592592593,
ado2flzb,v5,,0,,braindecode/bcic2020-3,frozen,flatten,1,ridge,median_std_clip,completed,"{'total_params': 12687872, 'trainable_params': 0, 'trainable_pct': 0.0, 'method': 'frozen'}",26.163704872131348,0.24266666666666667,
ado2flzb,v5,,0,,braindecode/physionet,frozen,flatten,1,ridge,median_std_clip,completed,"{'total_params': 12687872, 'trainable_params': 0, 'trainable_pct': 0.0, 'method': 'frozen'}",29.322240352630615,0.5704437096943309,
ado2flzb,v5,,0,,braindecode/chbmit,frozen,flatten,1,ridge,median_std_clip,completed,"{'total_params': 12687872, 'trainable_params': 0, 'trainable_pct': 0.0, 'method': 'frozen'}",53.4286835193634,0.8783371963258648,
ado2flzb,v5,,0,,braindecode/faced,frozen,flatten,1,ridge,median_std_clip,completed,"{'total_params': 12687872, 'trainable_params': 0, 'trainable_pct': 0.0, 'method': 'frozen'}",50.84617304801941,0.3064112819547602,
ado2flzb,v5,,0,,braindecode/isruc-sleep,frozen,flatten,1,ridge,median_std_clip,completed,"{'total_params': 12687872, 'trainable_params': 0, 'trainable_pct': 0.0, 'method': 'frozen'}",88.5504720211029,0.6455215371874025,
ado2flzb,v5,,0,,braindecode/mdd_mumtaz2016,frozen,flatten,1,ridge,median_std_clip,completed,"{'total_params': 12687872, 'trainable_params': 0, 'trainable_pct': 0.0, 'method': 'frozen'}",16.435064792633057,0.8286681181821665,
ado2flzb,v5,,0,,braindecode/seed-v,frozen,flatten,1,ridge,median_std_clip,completed,"{'total_params': 12687872, 'trainable_params': 0, 'trainable_pct': 0.0, 'method': 'frozen'}",49.11553192138672,0.2817869839887808,
ado2flzb,v5,,0,,braindecode/seed-vig,frozen,flatten,1,ridge,median_std_clip,completed,"{'total_params': 12687872, 'trainable_params': 0, 'trainable_pct': 0.0, 'method': 'frozen'}",25.886521100997925,,-0.14047135465308047
ado2flzb,v5,,0,,braindecode/tuab,frozen,flatten,1,ridge,median_std_clip,completed,"{'total_params': 12687872, 'trainable_params': 0, 'trainable_pct': 0.0, 'method': 'frozen'}",56.22676682472229,0.8005258258978075,
ado2flzb,v5,,0,,braindecode/tuev,frozen,flatten,1,ridge,median_std_clip,completed,"{'total_params': 12687872, 'trainable_params': 0, 'trainable_pct': 0.0, 'method': 'frozen'}",12.82607626914978,0.8922876277552737,
ado2flzb,v5,,0,,braindecode/arithmetic_zyma2019,frozen,flatten,2,ridge,median_std_clip,completed,"{'total_params': 12687872, 'trainable_params': 0, 'trainable_pct': 0.0, 'method': 'frozen'}",12.975062370300293,0.7256944444444444,
ado2flzb,v5,,0,,braindecode/bcic2a,frozen,flatten,2,ridge,median_std_clip,completed,"{'total_params': 12687872, 'trainable_params': 0, 'trainable_pct': 0.0, 'method': 'frozen'}",12.11141562461853,0.4195601851851852,
ado2flzb,v5,,0,,braindecode/bcic2020-3,frozen,flatten,2,ridge,median_std_clip,completed,"{'total_params': 12687872, 'trainable_params': 0, 'trainable_pct': 0.0, 'method': 'frozen'}",25.025251626968384,0.2733333333333333,
ado2flzb,v5,,0,,braindecode/physionet,frozen,flatten,2,ridge,median_std_clip,completed,"{'total_params': 12687872, 'trainable_params': 0, 'trainable_pct': 0.0, 'method': 'frozen'}",29.325122833251953,0.5744157997747921,
ado2flzb,v5,,0,,braindecode/chbmit,frozen,flatten,2,ridge,median_std_clip,completed,"{'total_params': 12687872, 'trainable_params': 0, 'trainable_pct': 0.0, 'method': 'frozen'}",54.068589210510254,0.857026354193493,
ado2flzb,v5,,0,,braindecode/faced,frozen,flatten,2,ridge,median_std_clip,completed,"{'total_params': 12687872, 'trainable_params': 0, 'trainable_pct': 0.0, 'method': 'frozen'}",50.847596406936646,0.31989854951811475,
ado2flzb,v5,,0,,braindecode/isruc-sleep,frozen,flatten,2,ridge,median_std_clip,completed,"{'total_params': 12687872, 'trainable_params': 0, 'trainable_pct': 0.0, 'method': 'frozen'}",89.5203025341034,0.6479677048745246,
ado2flzb,v5,,0,,braindecode/mdd_mumtaz2016,frozen,flatten,2,ridge,median_std_clip,completed,"{'total_params': 12687872, 'trainable_params': 0, 'trainable_pct': 0.0, 'method': 'frozen'}",16.475833654403687,0.8366962420889845,
ado2flzb,v5,,0,,braindecode/seed-v,frozen,flatten,2,ridge,median_std_clip,completed,"{'total_params': 12687872, 'trainable_params': 0, 'trainable_pct': 0.0, 'method': 'frozen'}",37.64810132980347,0.2809082556904414,
ado2flzb,v5,,0,,braindecode/seed-vig,frozen,flatten,2,ridge,median_std_clip,completed,"{'total_params': 12687872, 'trainable_params': 0, 'trainable_pct': 0.0, 'method': 'frozen'}",26.590476512908936,,-0.1477165679985224
ado2flzb,v5,,0,,braindecode/tuab,frozen,flatten,2,ridge,median_std_clip,completed,"{'total_params': 12687872, 'trainable_params': 0, 'trainable_pct': 0.0, 'method': 'frozen'}",55.670917987823486,0.7919084192628469,
ado2flzb,v5,,0,,braindecode/tuev,frozen,flatten,2,ridge,median_std_clip,completed,"{'total_params': 12687872, 'trainable_params': 0, 'trainable_pct': 0.0, 'method': 'frozen'}",12.60645318031311,0.8930903255799153,
ado2flzb,v5,,0,,braindecode/arithmetic_zyma2019,frozen,flatten,3,ridge,median_std_clip,completed,"{'total_params': 12687872, 'trainable_params': 0, 'trainable_pct': 0.0, 'method': 'frozen'}",11.59566044807434,0.6909722222222222,
ado2flzb,v5,,0,,braindecode/bcic2a,frozen,flatten,3,ridge,median_std_clip,completed,"{'total_params': 12687872, 'trainable_params': 0, 'trainable_pct': 0.0, 'method': 'frozen'}",11.891270160675049,0.4866898148148149,
ado2flzb,v5,,0,,braindecode/bcic2020-3,frozen,flatten,3,ridge,median_std_clip,completed,"{'total_params': 12687872, 'trainable_params': 0, 'trainable_pct': 0.0, 'method': 'frozen'}",25.02263355255127,0.28,
ado2flzb,v5,,0,,braindecode/physionet,frozen,flatten,3,ridge,median_std_clip,completed,"{'total_params': 12687872, 'trainable_params': 0, 'trainable_pct': 0.0, 'method': 'frozen'}",27.942187786102295,0.578940675071904,
ado2flzb,v5,,0,,braindecode/chbmit,frozen,flatten,3,ridge,median_std_clip,completed,"{'total_params': 12687872, 'trainable_params': 0, 'trainable_pct': 0.0, 'method': 'frozen'}",53.066911458969116,0.9572066271782986,
ado2flzb,v5,,0,,braindecode/faced,frozen,flatten,3,ridge,median_std_clip,completed,"{'total_params': 12687872, 'trainable_params': 0, 'trainable_pct': 0.0, 'method': 'frozen'}",48.83194017410278,0.3205084468671425,
ado2flzb,v5,,0,,braindecode/isruc-sleep,frozen,flatten,3,ridge,median_std_clip,completed,"{'total_params': 12687872, 'trainable_params': 0, 'trainable_pct': 0.0, 'method': 'frozen'}",86.96357417106628,0.6499598263746604,
ado2flzb,v5,,0,,braindecode/mdd_mumtaz2016,frozen,flatten,3,ridge,median_std_clip,completed,"{'total_params': 12687872, 'trainable_params': 0, 'trainable_pct': 0.0, 'method': 'frozen'}",15.729592561721802,0.8409799596357612,
ado2flzb,v5,,0,,braindecode/seed-v,frozen,flatten,3,ridge,median_std_clip,completed,"{'total_params': 12687872, 'trainable_params': 0, 'trainable_pct': 0.0, 'method': 'frozen'}",48.68306231498718,0.28242345531966534,
ado2flzb,v5,,0,,braindecode/seed-vig,frozen,flatten,3,ridge,median_std_clip,completed,"{'total_params': 12687872, 'trainable_params': 0, 'trainable_pct': 0.0, 'method': 'frozen'}",25.331718921661377,,-0.1418150512043228
ado2flzb,v5,,0,,braindecode/tuab,frozen,flatten,3,ridge,median_std_clip,completed,"{'total_params': 12687872, 'trainable_params': 0, 'trainable_pct': 0.0, 'method': 'frozen'}",57.64438080787659,0.7965657503589887,
ado2flzb,v5,,0,,braindecode/tuev,frozen,flatten,3,ridge,median_std_clip,completed,"{'total_params': 12687872, 'trainable_params': 0, 'trainable_pct': 0.0, 'method': 'frozen'}",12.509892225265503,0.8894075228808304,
ado2flzb,v5,,0,,braindecode/arithmetic_zyma2019,frozen,flatten,4,ridge,median_std_clip,completed,"{'total_params': 12687872, 'trainable_params': 0, 'trainable_pct': 0.0, 'method': 'frozen'}",12.114109516143799,0.7256944444444444,
ado2flzb,v5,,0,,braindecode/bcic2a,frozen,flatten,4,ridge,median_std_clip,completed,"{'total_params': 12687872, 'trainable_params': 0, 'trainable_pct': 0.0, 'method': 'frozen'}",11.855416297912598,0.4537037037037037,
ado2flzb,v5,,0,,braindecode/bcic2020-3,frozen,flatten,4,ridge,median_std_clip,completed,"{'total_params': 12687872, 'trainable_params': 0, 'trainable_pct': 0.0, 'method': 'frozen'}",25.50620460510254,0.26,
ado2flzb,v5,,0,,braindecode/physionet,frozen,flatten,4,ridge,median_std_clip,completed,"{'total_params': 12687872, 'trainable_params': 0, 'trainable_pct': 0.0, 'method': 'frozen'}",28.925464153289795,0.5761036833556135,
ado2flzb,v5,,0,,braindecode/chbmit,frozen,flatten,4,ridge,median_std_clip,completed,"{'total_params': 12687872, 'trainable_params': 0, 'trainable_pct': 0.0, 'method': 'frozen'}",54.955106019973755,0.857026354193493,
ado2flzb,v5,,0,,braindecode/faced,frozen,flatten,4,ridge,median_std_clip,completed,"{'total_params': 12687872, 'trainable_params': 0, 'trainable_pct': 0.0, 'method': 'frozen'}",50.296988010406494,0.3255269790595878,
ado2flzb,v5,,0,,braindecode/isruc-sleep,frozen,flatten,4,ridge,median_std_clip,completed,"{'total_params': 12687872, 'trainable_params': 0, 'trainable_pct': 0.0, 'method': 'frozen'}",88.92478728294373,0.653039997831746,
ado2flzb,v5,,0,,braindecode/mdd_mumtaz2016,frozen,flatten,4,ridge,median_std_clip,completed,"{'total_params': 12687872, 'trainable_params': 0, 'trainable_pct': 0.0, 'method': 'frozen'}",16.10967230796814,0.8367273543261857,
ado2flzb,v5,,0,,braindecode/seed-v,frozen,flatten,4,ridge,median_std_clip,completed,"{'total_params': 12687872, 'trainable_params': 0, 'trainable_pct': 0.0, 'method': 'frozen'}",50.9816210269928,0.2836790351219559,
ado2flzb,v5,,0,,braindecode/seed-vig,frozen,flatten,4,ridge,median_std_clip,completed,"{'total_params': 12687872, 'trainable_params': 0, 'trainable_pct': 0.0, 'method': 'frozen'}",25.655680418014526,,-0.14598493114797484
ado2flzb,v5,,0,,braindecode/tuab,frozen,flatten,4,ridge,median_std_clip,completed,"{'total_params': 12687872, 'trainable_params': 0, 'trainable_pct': 0.0, 'method': 'frozen'}",60.60735774040222,0.8129366947958414,
ado2flzb,v5,,0,,braindecode/tuev,frozen,flatten,4,ridge,median_std_clip,completed,"{'total_params': 12687872, 'trainable_params': 0, 'trainable_pct': 0.0, 'method': 'frozen'}",13.20176887512207,0.8950020329938919,
ado2flzb,v6,,0,,braindecode/arithmetic_zyma2019,frozen,flatten,0,ridge,median_std_clip,completed,"{'total_params': 12687872, 'trainable_params': 0, 'trainable_pct': 0.0, 'method': 'frozen'}",11.641155481338501,0.7118055555555556,
ado2flzb,v6,,0,,braindecode/bcic2a,frozen,flatten,0,ridge,median_std_clip,completed,"{'total_params': 12687872, 'trainable_params': 0, 'trainable_pct': 0.0, 'method': 'frozen'}",8.703599691390991,0.4681712962962963,
ado2flzb,v6,,0,,braindecode/bcic2020-3,frozen,flatten,0,ridge,median_std_clip,completed,"{'total_params': 12687872, 'trainable_params': 0, 'trainable_pct': 0.0, 'method': 'frozen'}",19.47549343109131,0.2693333333333333,
ado2flzb,v6,,0,,braindecode/physionet,frozen,flatten,0,ridge,median_std_clip,completed,"{'total_params': 12687872, 'trainable_params': 0, 'trainable_pct': 0.0, 'method': 'frozen'}",21.398662328720093,0.572743295384948,
ado2flzb,v6,,0,,braindecode/chbmit,frozen,flatten,0,ridge,median_std_clip,completed,"{'total_params': 12687872, 'trainable_params': 0, 'trainable_pct': 0.0, 'method': 'frozen'}",42.78376841545105,0.8586788565542107,
ado2flzb,v6,,0,,braindecode/faced,frozen,flatten,0,ridge,median_std_clip,completed,"{'total_params': 12687872, 'trainable_params': 0, 'trainable_pct': 0.0, 'method': 'frozen'}",43.41049313545227,0.3199181555159816,
ado2flzb,v6,,0,,braindecode/isruc-sleep,frozen,flatten,0,ridge,median_std_clip,completed,"{'total_params': 12687872, 'trainable_params': 0, 'trainable_pct': 0.0, 'method': 'frozen'}",88.2276713848114,0.6575886793038723,
ado2flzb,v6,,0,,braindecode/mdd_mumtaz2016,frozen,flatten,0,ridge,median_std_clip,completed,"{'total_params': 12687872, 'trainable_params': 0, 'trainable_pct': 0.0, 'method': 'frozen'}",14.730467319488525,0.8329018616979387,
ado2flzb,v6,,0,,braindecode/seed-v,frozen,flatten,0,ridge,median_std_clip,completed,"{'total_params': 12687872, 'trainable_params': 0, 'trainable_pct': 0.0, 'method': 'frozen'}",37.394288063049316,0.28552893004498464,
ado2flzb,v6,,0,,braindecode/seed-vig,frozen,flatten,0,ridge,median_std_clip,completed,"{'total_params': 12687872, 'trainable_params': 0, 'trainable_pct': 0.0, 'method': 'frozen'}",22.952640295028687,,-0.11414307889257991
ado2flzb,v6,,0,,braindecode/tuab,frozen,flatten,0,ridge,median_std_clip,completed,"{'total_params': 12687872, 'trainable_params': 0, 'trainable_pct': 0.0, 'method': 'frozen'}",54.940794706344604,0.8052621232859835,
ado2flzb,v6,,0,,braindecode/tuev,frozen,flatten,0,ridge,median_std_clip,completed,"{'total_params': 12687872, 'trainable_params': 0, 'trainable_pct': 0.0, 'method': 'frozen'}",12.77560019493103,0.8871269464085166,
ado2flzb,v6,,0,,braindecode/arithmetic_zyma2019,frozen,flatten,1,ridge,median_std_clip,completed,"{'total_params': 12687872, 'trainable_params': 0, 'trainable_pct': 0.0, 'method': 'frozen'}",12.008798360824585,0.6909722222222222,
ado2flzb,v6,,0,,braindecode/bcic2a,frozen,flatten,1,ridge,median_std_clip,completed,"{'total_params': 12687872, 'trainable_params': 0, 'trainable_pct': 0.0, 'method': 'frozen'}",12.478893518447876,0.4722222222222222,
ado2flzb,v6,,0,,braindecode/bcic2020-3,frozen,flatten,1,ridge,median_std_clip,completed,"{'total_params': 12687872, 'trainable_params': 0, 'trainable_pct': 0.0, 'method': 'frozen'}",24.79902744293213,0.2626666666666667,
ado2flzb,v6,,0,,braindecode/physionet,frozen,flatten,1,ridge,median_std_clip,completed,"{'total_params': 12687872, 'trainable_params': 0, 'trainable_pct': 0.0, 'method': 'frozen'}",29.62280511856079,0.5664626590347894,
ado2flzb,v6,,0,,braindecode/chbmit,frozen,flatten,1,ridge,median_std_clip,completed,"{'total_params': 12687872, 'trainable_params': 0, 'trainable_pct': 0.0, 'method': 'frozen'}",53.55814552307129,0.8783371963258648,
ado2flzb,v6,,0,,braindecode/faced,frozen,flatten,1,ridge,median_std_clip,completed,"{'total_params': 12687872, 'trainable_params': 0, 'trainable_pct': 0.0, 'method': 'frozen'}",50.5914511680603,0.30970750264228525,
ado2flzb,v6,,0,,braindecode/isruc-sleep,frozen,flatten,1,ridge,median_std_clip,completed,"{'total_params': 12687872, 'trainable_params': 0, 'trainable_pct': 0.0, 'method': 'frozen'}",88.80103063583374,0.6559692025869687,
ado2flzb,v6,,0,,braindecode/mdd_mumtaz2016,frozen,flatten,1,ridge,median_std_clip,completed,"{'total_params': 12687872, 'trainable_params': 0, 'trainable_pct': 0.0, 'method': 'frozen'}",16.241592168807983,0.8501753271792032,
ado2flzb,v6,,0,,braindecode/seed-v,frozen,flatten,1,ridge,median_std_clip,completed,"{'total_params': 12687872, 'trainable_params': 0, 'trainable_pct': 0.0, 'method': 'frozen'}",48.95748233795166,0.2865111677552482,
ado2flzb,v6,,0,,braindecode/seed-vig,frozen,flatten,1,ridge,median_std_clip,completed,"{'total_params': 12687872, 'trainable_params': 0, 'trainable_pct': 0.0, 'method': 'frozen'}",25.778616905212402,,-0.11633534884075414
ado2flzb,v6,,0,,braindecode/tuab,frozen,flatten,1,ridge,median_std_clip,completed,"{'total_params': 12687872, 'trainable_params': 0, 'trainable_pct': 0.0, 'method': 'frozen'}",56.020023584365845,0.807147793536189,
ado2flzb,v6,,0,,braindecode/tuev,frozen,flatten,1,ridge,median_std_clip,completed,"{'total_params': 12687872, 'trainable_params': 0, 'trainable_pct': 0.0, 'method': 'frozen'}",13.472144365310669,0.951750607810824,
ado2flzb,v6,,0,,braindecode/arithmetic_zyma2019,frozen,flatten,2,ridge,median_std_clip,completed,"{'total_params': 12687872, 'trainable_params': 0, 'trainable_pct': 0.0, 'method': 'frozen'}",12.421518087387085,0.6979166666666667,
ado2flzb,v6,,0,,braindecode/bcic2a,frozen,flatten,2,ridge,median_std_clip,completed,"{'total_params': 12687872, 'trainable_params': 0, 'trainable_pct': 0.0, 'method': 'frozen'}",12.075215101242065,0.46875,
ado2flzb,v6,,0,,braindecode/bcic2020-3,frozen,flatten,2,ridge,median_std_clip,completed,"{'total_params': 12687872, 'trainable_params': 0, 'trainable_pct': 0.0, 'method': 'frozen'}",25.56432795524597,0.26666666666666666,
ado2flzb,v6,,0,,braindecode/physionet,frozen,flatten,2,ridge,median_std_clip,completed,"{'total_params': 12687872, 'trainable_params': 0, 'trainable_pct': 0.0, 'method': 'frozen'}",29.494890213012695,0.5721661530271657,
ado2flzb,v6,,0,,braindecode/chbmit,frozen,flatten,2,ridge,median_std_clip,completed,"{'total_params': 12687872, 'trainable_params': 0, 'trainable_pct': 0.0, 'method': 'frozen'}",54.19092416763306,0.8577345694909435,
ado2flzb,v6,,0,,braindecode/faced,frozen,flatten,2,ridge,median_std_clip,completed,"{'total_params': 12687872, 'trainable_params': 0, 'trainable_pct': 0.0, 'method': 'frozen'}",50.41238808631897,0.3231428897189767,
ado2flzb,v6,,0,,braindecode/isruc-sleep,frozen,flatten,2,ridge,median_std_clip,completed,"{'total_params': 12687872, 'trainable_params': 0, 'trainable_pct': 0.0, 'method': 'frozen'}",89.65232157707214,0.6581968865260751,
ado2flzb,v6,,0,,braindecode/mdd_mumtaz2016,frozen,flatten,2,ridge,median_std_clip,completed,"{'total_params': 12687872, 'trainable_params': 0, 'trainable_pct': 0.0, 'method': 'frozen'}",16.34263825416565,0.8372572346160196,
ado2flzb,v6,,0,,braindecode/seed-v,frozen,flatten,2,ridge,median_std_clip,completed,"{'total_params': 12687872, 'trainable_params': 0, 'trainable_pct': 0.0, 'method': 'frozen'}",37.70421314239502,0.28570653178149075,
ado2flzb,v6,,0,,braindecode/seed-vig,frozen,flatten,2,ridge,median_std_clip,completed,"{'total_params': 12687872, 'trainable_params': 0, 'trainable_pct': 0.0, 'method': 'frozen'}",26.85889220237732,,-0.12428884884240454
ado2flzb,v6,,0,,braindecode/tuab,frozen,flatten,2,ridge,median_std_clip,completed,"{'total_params': 12687872, 'trainable_params': 0, 'trainable_pct': 0.0, 'method': 'frozen'}",55.71401786804199,0.8010564681793846,
ado2flzb,v6,,0,,braindecode/tuev,frozen,flatten,2,ridge,median_std_clip,completed,"{'total_params': 12687872, 'trainable_params': 0, 'trainable_pct': 0.0, 'method': 'frozen'}",12.440375804901123,0.8968871208694819,
ado2flzb,v6,,0,,braindecode/arithmetic_zyma2019,frozen,flatten,3,ridge,median_std_clip,completed,"{'total_params': 12687872, 'trainable_params': 0, 'trainable_pct': 0.0, 'method': 'frozen'}",11.546011447906494,0.7083333333333334,
ado2flzb,v6,,0,,braindecode/bcic2a,frozen,flatten,3,ridge,median_std_clip,completed,"{'total_params': 12687872, 'trainable_params': 0, 'trainable_pct': 0.0, 'method': 'frozen'}",11.64777421951294,0.48321759259259256,
ado2flzb,v6,,0,,braindecode/bcic2020-3,frozen,flatten,3,ridge,median_std_clip,completed,"{'total_params': 12687872, 'trainable_params': 0, 'trainable_pct': 0.0, 'method': 'frozen'}",24.63196301460266,0.2813333333333333,
ado2flzb,v6,,0,,braindecode/physionet,frozen,flatten,3,ridge,median_std_clip,completed,"{'total_params': 12687872, 'trainable_params': 0, 'trainable_pct': 0.0, 'method': 'frozen'}",27.862823486328125,0.5755482866874827,
ado2flzb,v6,,0,,braindecode/chbmit,frozen,flatten,3,ridge,median_std_clip,completed,"{'total_params': 12687872, 'trainable_params': 0, 'trainable_pct': 0.0, 'method': 'frozen'}",53.48175573348999,0.9382565027040948,
ado2flzb,v6,,0,,braindecode/faced,frozen,flatten,3,ridge,median_std_clip,completed,"{'total_params': 12687872, 'trainable_params': 0, 'trainable_pct': 0.0, 'method': 'frozen'}",49.43454694747925,0.3284870322913801,
ado2flzb,v6,,0,,braindecode/isruc-sleep,frozen,flatten,3,ridge,median_std_clip,completed,"{'total_params': 12687872, 'trainable_params': 0, 'trainable_pct': 0.0, 'method': 'frozen'}",86.14931893348694,0.6578417615956995,
ado2flzb,v6,,0,,braindecode/mdd_mumtaz2016,frozen,flatten,3,ridge,median_std_clip,completed,"{'total_params': 12687872, 'trainable_params': 0, 'trainable_pct': 0.0, 'method': 'frozen'}",15.524152040481567,0.8370017253680042,
ado2flzb,v6,,0,,braindecode/seed-v,frozen,flatten,3,ridge,median_std_clip,completed,"{'total_params': 12687872, 'trainable_params': 0, 'trainable_pct': 0.0, 'method': 'frozen'}",48.909390687942505,0.2833210977583433,
ado2flzb,v6,,0,,braindecode/seed-vig,frozen,flatten,3,ridge,median_std_clip,completed,"{'total_params': 12687872, 'trainable_params': 0, 'trainable_pct': 0.0, 'method': 'frozen'}",25.227661609649658,,-0.11976863719073916
ado2flzb,v6,,0,,braindecode/tuab,frozen,flatten,3,ridge,median_std_clip,completed,"{'total_params': 12687872, 'trainable_params': 0, 'trainable_pct': 0.0, 'method': 'frozen'}",57.48681664466858,0.8032185204517096,
ado2flzb,v6,,0,,braindecode/tuev,frozen,flatten,3,ridge,median_std_clip,completed,"{'total_params': 12687872, 'trainable_params': 0, 'trainable_pct': 0.0, 'method': 'frozen'}",12.64926528930664,0.8895896928391197,
ado2flzb,v6,,0,,braindecode/arithmetic_zyma2019,frozen,flatten,4,ridge,median_std_clip,completed,"{'total_params': 12687872, 'trainable_params': 0, 'trainable_pct': 0.0, 'method': 'frozen'}",12.114428758621216,0.7152777777777778,
ado2flzb,v6,,0,,braindecode/bcic2a,frozen,flatten,4,ridge,median_std_clip,completed,"{'total_params': 12687872, 'trainable_params': 0, 'trainable_pct': 0.0, 'method': 'frozen'}",11.925390243530273,0.4537037037037037,
ado2flzb,v6,,0,,braindecode/bcic2020-3,frozen,flatten,4,ridge,median_std_clip,completed,"{'total_params': 12687872, 'trainable_params': 0, 'trainable_pct': 0.0, 'method': 'frozen'}",25.342894792556763,0.2733333333333333,
ado2flzb,v6,,0,,braindecode/physionet,frozen,flatten,4,ridge,median_std_clip,completed,"{'total_params': 12687872, 'trainable_params': 0, 'trainable_pct': 0.0, 'method': 'frozen'}",28.94503116607666,0.5704386025985321,
ado2flzb,v6,,0,,braindecode/chbmit,frozen,flatten,4,ridge,median_std_clip,completed,"{'total_params': 12687872, 'trainable_params': 0, 'trainable_pct': 0.0, 'method': 'frozen'}",54.79878282546997,0.8802257704523994,
ado2flzb,v6,,0,,braindecode/faced,frozen,flatten,4,ridge,median_std_clip,completed,"{'total_params': 12687872, 'trainable_params': 0, 'trainable_pct': 0.0, 'method': 'frozen'}",50.287798166275024,0.3265611200393809,
ado2flzb,v6,,0,,braindecode/isruc-sleep,frozen,flatten,4,ridge,median_std_clip,completed,"{'total_params': 12687872, 'trainable_params': 0, 'trainable_pct': 0.0, 'method': 'frozen'}",88.11163902282715,0.6625870240653658,
ado2flzb,v6,,0,,braindecode/mdd_mumtaz2016,frozen,flatten,4,ridge,median_std_clip,completed,"{'total_params': 12687872, 'trainable_params': 0, 'trainable_pct': 0.0, 'method': 'frozen'}",16.05832839012146,0.8469964343431653,
ado2flzb,v6,,0,,braindecode/seed-v,frozen,flatten,4,ridge,median_std_clip,completed,"{'total_params': 12687872, 'trainable_params': 0, 'trainable_pct': 0.0, 'method': 'frozen'}",50.98847532272339,0.28418333722376465,
ado2flzb,v6,,0,,braindecode/seed-vig,frozen,flatten,4,ridge,median_std_clip,completed,"{'total_params': 12687872, 'trainable_params': 0, 'trainable_pct': 0.0, 'method': 'frozen'}",25.72402286529541,,-0.12425430245403368
ado2flzb,v6,,0,,braindecode/tuab,frozen,flatten,4,ridge,median_std_clip,completed,"{'total_params': 12687872, 'trainable_params': 0, 'trainable_pct': 0.0, 'method': 'frozen'}",63.82421541213989,0.8111386715293474,
ado2flzb,v6,,0,,braindecode/tuev,frozen,flatten,4,ridge,median_std_clip,completed,"{'total_params': 12687872, 'trainable_params': 0, 'trainable_pct': 0.0, 'method': 'frozen'}",12.907931327819824,0.8960537154637187,
ado2flzb,v7,,0,,braindecode/arithmetic_zyma2019,frozen,flatten,0,ridge,median_std_clip,completed,"{'total_params': 12687872, 'trainable_params': 0, 'trainable_pct': 0.0, 'method': 'frozen'}",11.59022307395935,0.7118055555555556,
ado2flzb,v7,,0,,braindecode/bcic2a,frozen,flatten,0,ridge,median_std_clip,completed,"{'total_params': 12687872, 'trainable_params': 0, 'trainable_pct': 0.0, 'method': 'frozen'}",9.333341836929321,0.46990740740740744,
ado2flzb,v7,,0,,braindecode/bcic2020-3,frozen,flatten,0,ridge,median_std_clip,completed,"{'total_params': 12687872, 'trainable_params': 0, 'trainable_pct': 0.0, 'method': 'frozen'}",21.214527130126953,0.2733333333333333,
ado2flzb,v7,,0,,braindecode/physionet,frozen,flatten,0,ridge,median_std_clip,completed,"{'total_params': 12687872, 'trainable_params': 0, 'trainable_pct': 0.0, 'method': 'frozen'}",24.05193066596985,0.5710554118041267,
ado2flzb,v7,,0,,braindecode/chbmit,frozen,flatten,0,ridge,median_std_clip,completed,"{'total_params': 12687872, 'trainable_params': 0, 'trainable_pct': 0.0, 'method': 'frozen'}",43.03825855255127,0.8809339857498497,
ado2flzb,v7,,0,,braindecode/faced,frozen,flatten,0,ridge,median_std_clip,completed,"{'total_params': 12687872, 'trainable_params': 0, 'trainable_pct': 0.0, 'method': 'frozen'}",50.3552029132843,0.3141960696308522,
ado2flzb,v7,,0,,braindecode/isruc-sleep,frozen,flatten,0,ridge,median_std_clip,completed,"{'total_params': 12687872, 'trainable_params': 0, 'trainable_pct': 0.0, 'method': 'frozen'}",88.17893314361572,0.6487068124929435,
ado2flzb,v7,,0,,braindecode/mdd_mumtaz2016,frozen,flatten,0,ridge,median_std_clip,completed,"{'total_params': 12687872, 'trainable_params': 0, 'trainable_pct': 0.0, 'method': 'frozen'}",14.69040060043335,0.8439359624599746,
ado2flzb,v7,,0,,braindecode/seed-v,frozen,flatten,0,ridge,median_std_clip,completed,"{'total_params': 12687872, 'trainable_params': 0, 'trainable_pct': 0.0, 'method': 'frozen'}",37.3710081577301,0.28838559201569164,
ado2flzb,v7,,0,,braindecode/seed-vig,frozen,flatten,0,ridge,median_std_clip,completed,"{'total_params': 12687872, 'trainable_params': 0, 'trainable_pct': 0.0, 'method': 'frozen'}",22.806318283081055,,-0.1077627088737787
ado2flzb,v7,,0,,braindecode/tuab,frozen,flatten,0,ridge,median_std_clip,completed,"{'total_params': 12687872, 'trainable_params': 0, 'trainable_pct': 0.0, 'method': 'frozen'}",54.11738324165344,0.8110905076916528,
ado2flzb,v7,,0,,braindecode/tuev,frozen,flatten,0,ridge,median_std_clip,completed,"{'total_params': 12687872, 'trainable_params': 0, 'trainable_pct': 0.0, 'method': 'frozen'}",12.782475709915161,0.8871479458727389,
ado2flzb,v7,,0,,braindecode/arithmetic_zyma2019,frozen,flatten,1,ridge,median_std_clip,completed,"{'total_params': 12687872, 'trainable_params': 0, 'trainable_pct': 0.0, 'method': 'frozen'}",11.578919887542725,0.6944444444444444,
ado2flzb,v7,,0,,braindecode/bcic2a,frozen,flatten,1,ridge,median_std_clip,completed,"{'total_params': 12687872, 'trainable_params': 0, 'trainable_pct': 0.0, 'method': 'frozen'}",13.599976539611816,0.4652777777777778,
ado2flzb,v7,,0,,braindecode/bcic2020-3,frozen,flatten,1,ridge,median_std_clip,completed,"{'total_params': 12687872, 'trainable_params': 0, 'trainable_pct': 0.0, 'method': 'frozen'}",24.84659695625305,0.24,
ado2flzb,v7,,0,,braindecode/physionet,frozen,flatten,1,ridge,median_std_clip,completed,"{'total_params': 12687872, 'trainable_params': 0, 'trainable_pct': 0.0, 'method': 'frozen'}",29.69280457496643,0.5727176730505827,
ado2flzb,v7,,0,,braindecode/chbmit,frozen,flatten,1,ridge,median_std_clip,completed,"{'total_params': 12687872, 'trainable_params': 0, 'trainable_pct': 0.0, 'method': 'frozen'}",53.5672709941864,0.8797536269207658,
ado2flzb,v7,,0,,braindecode/faced,frozen,flatten,1,ridge,median_std_clip,completed,"{'total_params': 12687872, 'trainable_params': 0, 'trainable_pct': 0.0, 'method': 'frozen'}",50.701921224594116,0.3115646430863822,
ado2flzb,v7,,0,,braindecode/isruc-sleep,frozen,flatten,1,ridge,median_std_clip,completed,"{'total_params': 12687872, 'trainable_params': 0, 'trainable_pct': 0.0, 'method': 'frozen'}",89.24066352844238,0.6596826792554596,
ado2flzb,v7,,0,,braindecode/mdd_mumtaz2016,frozen,flatten,1,ridge,median_std_clip,completed,"{'total_params': 12687872, 'trainable_params': 0, 'trainable_pct': 0.0, 'method': 'frozen'}",16.123242139816284,0.8439827280415177,
ado2flzb,v7,,0,,braindecode/seed-v,frozen,flatten,1,ridge,median_std_clip,completed,"{'total_params': 12687872, 'trainable_params': 0, 'trainable_pct': 0.0, 'method': 'frozen'}",48.97415900230408,0.2885111355025692,
ado2flzb,v7,,0,,braindecode/seed-vig,frozen,flatten,1,ridge,median_std_clip,completed,"{'total_params': 12687872, 'trainable_params': 0, 'trainable_pct': 0.0, 'method': 'frozen'}",25.886747121810913,,-0.10882447128112882
ado2flzb,v7,,0,,braindecode/tuab,frozen,flatten,1,ridge,median_std_clip,completed,"{'total_params': 12687872, 'trainable_params': 0, 'trainable_pct': 0.0, 'method': 'frozen'}",55.99153256416321,0.8070514658607998,
ado2flzb,v7,,0,,braindecode/tuev,frozen,flatten,1,ridge,median_std_clip,completed,"{'total_params': 12687872, 'trainable_params': 0, 'trainable_pct': 0.0, 'method': 'frozen'}",13.004294633865356,0.8981880085340058,
ado2flzb,v7,,0,,braindecode/arithmetic_zyma2019,frozen,flatten,2,ridge,median_std_clip,completed,"{'total_params': 12687872, 'trainable_params': 0, 'trainable_pct': 0.0, 'method': 'frozen'}",12.387094736099243,0.7013888888888888,
ado2flzb,v7,,0,,braindecode/bcic2a,frozen,flatten,2,ridge,median_std_clip,completed,"{'total_params': 12687872, 'trainable_params': 0, 'trainable_pct': 0.0, 'method': 'frozen'}",12.067950963973999,0.4247685185185185,
ado2flzb,v7,,0,,braindecode/bcic2020-3,frozen,flatten,2,ridge,median_std_clip,completed,"{'total_params': 12687872, 'trainable_params': 0, 'trainable_pct': 0.0, 'method': 'frozen'}",24.931122303009033,0.264,
ado2flzb,v7,,0,,braindecode/physionet,frozen,flatten,2,ridge,median_std_clip,completed,"{'total_params': 12687872, 'trainable_params': 0, 'trainable_pct': 0.0, 'method': 'frozen'}",29.57592463493347,0.5704705798508557,
ado2flzb,v7,,0,,braindecode/chbmit,frozen,flatten,2,ridge,median_std_clip,completed,"{'total_params': 12687872, 'trainable_params': 0, 'trainable_pct': 0.0, 'method': 'frozen'}",54.163217067718506,0.8579706412567603,
ado2flzb,v7,,0,,braindecode/faced,frozen,flatten,2,ridge,median_std_clip,completed,"{'total_params': 12687872, 'trainable_params': 0, 'trainable_pct': 0.0, 'method': 'frozen'}",49.811375856399536,0.3223830818939515,
ado2flzb,v7,,0,,braindecode/isruc-sleep,frozen,flatten,2,ridge,median_std_clip,completed,"{'total_params': 12687872, 'trainable_params': 0, 'trainable_pct': 0.0, 'method': 'frozen'}",89.45327687263489,0.6649077334344644,
ado2flzb,v7,,0,,braindecode/mdd_mumtaz2016,frozen,flatten,2,ridge,median_std_clip,completed,"{'total_params': 12687872, 'trainable_params': 0, 'trainable_pct': 0.0, 'method': 'frozen'}",16.3901686668396,0.8392377715782324,
ado2flzb,v7,,0,,braindecode/seed-v,frozen,flatten,2,ridge,median_std_clip,completed,"{'total_params': 12687872, 'trainable_params': 0, 'trainable_pct': 0.0, 'method': 'frozen'}",37.573376417160034,0.2874554151116149,
ado2flzb,v7,,0,,braindecode/seed-vig,frozen,flatten,2,ridge,median_std_clip,completed,"{'total_params': 12687872, 'trainable_params': 0, 'trainable_pct': 0.0, 'method': 'frozen'}",26.66609501838684,,-0.11854563953847896
ado2flzb,v7,,0,,braindecode/tuab,frozen,flatten,2,ridge,median_std_clip,completed,"{'total_params': 12687872, 'trainable_params': 0, 'trainable_pct': 0.0, 'method': 'frozen'}",55.74915027618408,0.7964386202292598,
ado2flzb,v7,,0,,braindecode/tuev,frozen,flatten,2,ridge,median_std_clip,completed,"{'total_params': 12687872, 'trainable_params': 0, 'trainable_pct': 0.0, 'method': 'frozen'}",12.515599966049194,0.8961984156353221,
ado2flzb,v7,,0,,braindecode/arithmetic_zyma2019,frozen,flatten,3,ridge,median_std_clip,completed,"{'total_params': 12687872, 'trainable_params': 0, 'trainable_pct': 0.0, 'method': 'frozen'}",11.400055170059204,0.6909722222222222,
ado2flzb,v7,,0,,braindecode/bcic2a,frozen,flatten,3,ridge,median_std_clip,completed,"{'total_params': 12687872, 'trainable_params': 0, 'trainable_pct': 0.0, 'method': 'frozen'}",11.791648387908936,0.4872685185185185,
ado2flzb,v7,,0,,braindecode/bcic2020-3,frozen,flatten,3,ridge,median_std_clip,completed,"{'total_params': 12687872, 'trainable_params': 0, 'trainable_pct': 0.0, 'method': 'frozen'}",24.80936288833618,0.2813333333333333,
ado2flzb,v7,,0,,braindecode/physionet,frozen,flatten,3,ridge,median_std_clip,completed,"{'total_params': 12687872, 'trainable_params': 0, 'trainable_pct': 0.0, 'method': 'frozen'}",27.66521644592285,0.5795165406557368,
ado2flzb,v7,,0,,braindecode/chbmit,frozen,flatten,3,ridge,median_std_clip,completed,"{'total_params': 12687872, 'trainable_params': 0, 'trainable_pct': 0.0, 'method': 'frozen'}",54.271132946014404,0.9387286462357284,
ado2flzb,v7,,0,,braindecode/faced,frozen,flatten,3,ridge,median_std_clip,completed,"{'total_params': 12687872, 'trainable_params': 0, 'trainable_pct': 0.0, 'method': 'frozen'}",49.38022565841675,0.3225053931575671,
ado2flzb,v7,,0,,braindecode/isruc-sleep,frozen,flatten,3,ridge,median_std_clip,completed,"{'total_params': 12687872, 'trainable_params': 0, 'trainable_pct': 0.0, 'method': 'frozen'}",86.36708068847656,0.663865751284659,
ado2flzb,v7,,0,,braindecode/mdd_mumtaz2016,frozen,flatten,3,ridge,median_std_clip,completed,"{'total_params': 12687872, 'trainable_params': 0, 'trainable_pct': 0.0, 'method': 'frozen'}",15.578455686569214,0.8377527942191908,
ado2flzb,v7,,0,,braindecode/seed-v,frozen,flatten,3,ridge,median_std_clip,completed,"{'total_params': 12687872, 'trainable_params': 0, 'trainable_pct': 0.0, 'method': 'frozen'}",48.848509788513184,0.28360386838735707,
ado2flzb,v7,,0,,braindecode/seed-vig,frozen,flatten,3,ridge,median_std_clip,completed,"{'total_params': 12687872, 'trainable_params': 0, 'trainable_pct': 0.0, 'method': 'frozen'}",25.30627202987671,,-0.11404201281670878
ado2flzb,v7,,0,,braindecode/tuab,frozen,flatten,3,ridge,median_std_clip,completed,"{'total_params': 12687872, 'trainable_params': 0, 'trainable_pct': 0.0, 'method': 'frozen'}",57.421199560165405,0.8005566283521471,
ado2flzb,v7,,0,,braindecode/tuev,frozen,flatten,3,ridge,median_std_clip,completed,"{'total_params': 12687872, 'trainable_params': 0, 'trainable_pct': 0.0, 'method': 'frozen'}",12.548311471939087,0.8897914995807197,
ado2flzb,v7,,0,,braindecode/arithmetic_zyma2019,frozen,flatten,4,ridge,median_std_clip,completed,"{'total_params': 12687872, 'trainable_params': 0, 'trainable_pct': 0.0, 'method': 'frozen'}",11.923378705978394,0.7395833333333334,
ado2flzb,v7,,0,,braindecode/bcic2a,frozen,flatten,4,ridge,median_std_clip,completed,"{'total_params': 12687872, 'trainable_params': 0, 'trainable_pct': 0.0, 'method': 'frozen'}",12.012044906616211,0.46643518518518523,
ado2flzb,v7,,0,,braindecode/bcic2020-3,frozen,flatten,4,ridge,median_std_clip,completed,"{'total_params': 12687872, 'trainable_params': 0, 'trainable_pct': 0.0, 'method': 'frozen'}",25.196906089782715,0.27999999999999997,
ado2flzb,v7,,0,,braindecode/physionet,frozen,flatten,4,ridge,median_std_clip,completed,"{'total_params': 12687872, 'trainable_params': 0, 'trainable_pct': 0.0, 'method': 'frozen'}",29.521699905395508,0.5676322824088251,
ado2flzb,v7,,0,,braindecode/chbmit,frozen,flatten,4,ridge,median_std_clip,completed,"{'total_params': 12687872, 'trainable_params': 0, 'trainable_pct': 0.0, 'method': 'frozen'}",55.08377528190613,0.8811700575156666,
ado2flzb,v7,,0,,braindecode/faced,frozen,flatten,4,ridge,median_std_clip,completed,"{'total_params': 12687872, 'trainable_params': 0, 'trainable_pct': 0.0, 'method': 'frozen'}",49.60132360458374,0.3265986730660644,
ado2flzb,v7,,0,,braindecode/isruc-sleep,frozen,flatten,4,ridge,median_std_clip,completed,"{'total_params': 12687872, 'trainable_params': 0, 'trainable_pct': 0.0, 'method': 'frozen'}",88.57058000564575,0.670541062716338,
ado2flzb,v7,,0,,braindecode/mdd_mumtaz2016,frozen,flatten,4,ridge,median_std_clip,completed,"{'total_params': 12687872, 'trainable_params': 0, 'trainable_pct': 0.0, 'method': 'frozen'}",16.06373906135559,0.842664444215856,
ado2flzb,v7,,0,,braindecode/seed-v,frozen,flatten,4,ridge,median_std_clip,completed,"{'total_params': 12687872, 'trainable_params': 0, 'trainable_pct': 0.0, 'method': 'frozen'}",51.134992837905884,0.28769451088238596,
ado2flzb,v7,,0,,braindecode/seed-vig,frozen,flatten,4,ridge,median_std_clip,completed,"{'total_params': 12687872, 'trainable_params': 0, 'trainable_pct': 0.0, 'method': 'frozen'}",25.919626712799072,,-0.11849655125927394
ado2flzb,v7,,0,,braindecode/tuab,frozen,flatten,4,ridge,median_std_clip,completed,"{'total_params': 12687872, 'trainable_params': 0, 'trainable_pct': 0.0, 'method': 'frozen'}",57.30215406417847,0.8129674972501808,
ado2flzb,v7,,0,,braindecode/tuev,frozen,flatten,4,ridge,median_std_clip,completed,"{'total_params': 12687872, 'trainable_params': 0, 'trainable_pct': 0.0, 'method': 'frozen'}",13.08690857887268,0.8981769377361948,
ado2flzb,v8,,0,,braindecode/arithmetic_zyma2019,frozen,flatten,0,ridge,median_std_clip,completed,"{'total_params': 12687872, 'trainable_params': 0, 'trainable_pct': 0.0, 'method': 'frozen'}",11.628451108932495,0.7222222222222223,
ado2flzb,v8,,0,,braindecode/bcic2a,frozen,flatten,0,ridge,median_std_clip,completed,"{'total_params': 12687872, 'trainable_params': 0, 'trainable_pct': 0.0, 'method': 'frozen'}",8.649703025817871,0.4594907407407407,
ado2flzb,v8,,0,,braindecode/bcic2020-3,frozen,flatten,0,ridge,median_std_clip,completed,"{'total_params': 12687872, 'trainable_params': 0, 'trainable_pct': 0.0, 'method': 'frozen'}",19.54703116416931,0.28666666666666674,
ado2flzb,v8,,0,,braindecode/physionet,frozen,flatten,0,ridge,median_std_clip,completed,"{'total_params': 12687872, 'trainable_params': 0, 'trainable_pct': 0.0, 'method': 'frozen'}",21.137949466705322,0.5755943953086241,
ado2flzb,v8,,0,,braindecode/chbmit,frozen,flatten,0,ridge,median_std_clip,completed,"{'total_params': 12687872, 'trainable_params': 0, 'trainable_pct': 0.0, 'method': 'frozen'}",42.853955030441284,0.8814061292814834,
ado2flzb,v8,,0,,braindecode/faced,frozen,flatten,0,ridge,median_std_clip,completed,"{'total_params': 12687872, 'trainable_params': 0, 'trainable_pct': 0.0, 'method': 'frozen'}",49.756515979766846,0.31889472242733113,
ado2flzb,v8,,0,,braindecode/isruc-sleep,frozen,flatten,0,ridge,median_std_clip,completed,"{'total_params': 12687872, 'trainable_params': 0, 'trainable_pct': 0.0, 'method': 'frozen'}",88.53617882728577,0.6521758321757227,
ado2flzb,v8,,0,,braindecode/mdd_mumtaz2016,frozen,flatten,0,ridge,median_std_clip,completed,"{'total_params': 12687872, 'trainable_params': 0, 'trainable_pct': 0.0, 'method': 'frozen'}",14.683454275131226,0.8444377445105861,
ado2flzb,v8,,0,,braindecode/seed-v,frozen,flatten,0,ridge,median_std_clip,completed,"{'total_params': 12687872, 'trainable_params': 0, 'trainable_pct': 0.0, 'method': 'frozen'}",37.55441689491272,0.2882084373289,
ado2flzb,v8,,0,,braindecode/seed-vig,frozen,flatten,0,ridge,median_std_clip,completed,"{'total_params': 12687872, 'trainable_params': 0, 'trainable_pct': 0.0, 'method': 'frozen'}",22.91848874092102,,-0.10418755737248397
ado2flzb,v8,,0,,braindecode/tuab,frozen,flatten,0,ridge,median_std_clip,completed,"{'total_params': 12687872, 'trainable_params': 0, 'trainable_pct': 0.0, 'method': 'frozen'}",43.630147218704224,0.811169473983687,
ado2flzb,v8,,0,,braindecode/tuev,frozen,flatten,0,ridge,median_std_clip,completed,"{'total_params': 12687872, 'trainable_params': 0, 'trainable_pct': 0.0, 'method': 'frozen'}",12.527348518371582,0.9541995580817927,
ado2flzb,v8,,0,,braindecode/arithmetic_zyma2019,frozen,flatten,1,ridge,median_std_clip,completed,"{'total_params': 12687872, 'trainable_params': 0, 'trainable_pct': 0.0, 'method': 'frozen'}",11.513527154922485,0.7152777777777778,
ado2flzb,v8,,0,,braindecode/bcic2a,frozen,flatten,1,ridge,median_std_clip,completed,"{'total_params': 12687872, 'trainable_params': 0, 'trainable_pct': 0.0, 'method': 'frozen'}",12.09981894493103,0.46238425925925924,
ado2flzb,v8,,0,,braindecode/bcic2020-3,frozen,flatten,1,ridge,median_std_clip,completed,"{'total_params': 12687872, 'trainable_params': 0, 'trainable_pct': 0.0, 'method': 'frozen'}",25.33937168121338,0.23866666666666667,
ado2flzb,v8,,0,,braindecode/physionet,frozen,flatten,1,ridge,median_std_clip,completed,"{'total_params': 12687872, 'trainable_params': 0, 'trainable_pct': 0.0, 'method': 'frozen'}",29.037981033325195,0.5727023112306797,
ado2flzb,v8,,0,,braindecode/chbmit,frozen,flatten,1,ridge,median_std_clip,completed,"{'total_params': 12687872, 'trainable_params': 0, 'trainable_pct': 0.0, 'method': 'frozen'}",53.35528564453125,0.8790454116233153,
ado2flzb,v8,,0,,braindecode/faced,frozen,flatten,1,ridge,median_std_clip,completed,"{'total_params': 12687872, 'trainable_params': 0, 'trainable_pct': 0.0, 'method': 'frozen'}",49.97617816925049,0.30974098365402714,
ado2flzb,v8,,0,,braindecode/isruc-sleep,frozen,flatten,1,ridge,median_std_clip,completed,"{'total_params': 12687872, 'trainable_params': 0, 'trainable_pct': 0.0, 'method': 'frozen'}",88.6350634098053,0.6647177234001076,
ado2flzb,v8,,0,,braindecode/mdd_mumtaz2016,frozen,flatten,1,ridge,median_std_clip,completed,"{'total_params': 12687872, 'trainable_params': 0, 'trainable_pct': 0.0, 'method': 'frozen'}",16.008134126663208,0.845064169961485,
ado2flzb,v8,,0,,braindecode/seed-v,frozen,flatten,1,ridge,median_std_clip,completed,"{'total_params': 12687872, 'trainable_params': 0, 'trainable_pct': 0.0, 'method': 'frozen'}",50.10552191734314,0.28980877386217124,
ado2flzb,v8,,0,,braindecode/seed-vig,frozen,flatten,1,ridge,median_std_clip,completed,"{'total_params': 12687872, 'trainable_params': 0, 'trainable_pct': 0.0, 'method': 'frozen'}",26.08810329437256,,-0.10385205672887099
ado2flzb,v8,,0,,braindecode/tuab,frozen,flatten,1,ridge,median_std_clip,completed,"{'total_params': 12687872, 'trainable_params': 0, 'trainable_pct': 0.0, 'method': 'frozen'}",55.93763566017151,0.8087310396892424,
ado2flzb,v8,,0,,braindecode/tuev,frozen,flatten,1,ridge,median_std_clip,completed,"{'total_params': 12687872, 'trainable_params': 0, 'trainable_pct': 0.0, 'method': 'frozen'}",12.86289381980896,0.9537126595892329,
ado2flzb,v8,,0,,braindecode/arithmetic_zyma2019,frozen,flatten,2,ridge,median_std_clip,completed,"{'total_params': 12687872, 'trainable_params': 0, 'trainable_pct': 0.0, 'method': 'frozen'}",12.749555826187134,0.7118055555555556,
ado2flzb,v8,,0,,braindecode/bcic2a,frozen,flatten,2,ridge,median_std_clip,completed,"{'total_params': 12687872, 'trainable_params': 0, 'trainable_pct': 0.0, 'method': 'frozen'}",12.229992151260376,0.41724537037037035,
ado2flzb,v8,,0,,braindecode/bcic2020-3,frozen,flatten,2,ridge,median_std_clip,completed,"{'total_params': 12687872, 'trainable_params': 0, 'trainable_pct': 0.0, 'method': 'frozen'}",25.0433828830719,0.27066666666666667,
ado2flzb,v8,,0,,braindecode/physionet,frozen,flatten,2,ridge,median_std_clip,completed,"{'total_params': 12687872, 'trainable_params': 0, 'trainable_pct': 0.0, 'method': 'frozen'}",29.141021728515625,0.5716094737947272,
ado2flzb,v8,,0,,braindecode/chbmit,frozen,flatten,2,ridge,median_std_clip,completed,"{'total_params': 12687872, 'trainable_params': 0, 'trainable_pct': 0.0, 'method': 'frozen'}",53.83836627006531,0.8814061292814834,
ado2flzb,v8,,0,,braindecode/faced,frozen,flatten,2,ridge,median_std_clip,completed,"{'total_params': 12687872, 'trainable_params': 0, 'trainable_pct': 0.0, 'method': 'frozen'}",50.38817381858826,0.3233986725834552,
ado2flzb,v8,,0,,braindecode/isruc-sleep,frozen,flatten,2,ridge,median_std_clip,completed,"{'total_params': 12687872, 'trainable_params': 0, 'trainable_pct': 0.0, 'method': 'frozen'}",89.4803454875946,0.6663780953826598,
ado2flzb,v8,,0,,braindecode/mdd_mumtaz2016,frozen,flatten,2,ridge,median_std_clip,completed,"{'total_params': 12687872, 'trainable_params': 0, 'trainable_pct': 0.0, 'method': 'frozen'}",17.223076343536377,0.838084674286961,
ado2flzb,v8,,0,,braindecode/seed-v,frozen,flatten,2,ridge,median_std_clip,completed,"{'total_params': 12687872, 'trainable_params': 0, 'trainable_pct': 0.0, 'method': 'frozen'}",37.68104648590088,0.28924271478673186,
ado2flzb,v8,,0,,braindecode/seed-vig,frozen,flatten,2,ridge,median_std_clip,completed,"{'total_params': 12687872, 'trainable_params': 0, 'trainable_pct': 0.0, 'method': 'frozen'}",26.64188003540039,,-0.11478170703149093
ado2flzb,v8,,0,,braindecode/tuab,frozen,flatten,2,ridge,median_std_clip,completed,"{'total_params': 12687872, 'trainable_params': 0, 'trainable_pct': 0.0, 'method': 'frozen'}",56.48597168922424,0.8017450430450299,
ado2flzb,v8,,0,,braindecode/tuev,frozen,flatten,2,ridge,median_std_clip,completed,"{'total_params': 12687872, 'trainable_params': 0, 'trainable_pct': 0.0, 'method': 'frozen'}",12.420502185821533,0.8991453351966615,
ado2flzb,v8,,0,,braindecode/arithmetic_zyma2019,frozen,flatten,3,ridge,median_std_clip,completed,"{'total_params': 12687872, 'trainable_params': 0, 'trainable_pct': 0.0, 'method': 'frozen'}",11.400853157043457,0.7152777777777778,
ado2flzb,v8,,0,,braindecode/bcic2a,frozen,flatten,3,ridge,median_std_clip,completed,"{'total_params': 12687872, 'trainable_params': 0, 'trainable_pct': 0.0, 'method': 'frozen'}",11.816192865371704,0.4849537037037037,
ado2flzb,v8,,0,,braindecode/bcic2020-3,frozen,flatten,3,ridge,median_std_clip,completed,"{'total_params': 12687872, 'trainable_params': 0, 'trainable_pct': 0.0, 'method': 'frozen'}",24.790760278701782,0.2826666666666667,
ado2flzb,v8,,0,,braindecode/physionet,frozen,flatten,3,ridge,median_std_clip,completed,"{'total_params': 12687872, 'trainable_params': 0, 'trainable_pct': 0.0, 'method': 'frozen'}",27.60162615776062,0.5812172151374875,
ado2flzb,v8,,0,,braindecode/chbmit,frozen,flatten,3,ridge,median_std_clip,completed,"{'total_params': 12687872, 'trainable_params': 0, 'trainable_pct': 0.0, 'method': 'frozen'}",53.43685531616211,0.9382565027040948,
ado2flzb,v8,,0,,braindecode/faced,frozen,flatten,3,ridge,median_std_clip,completed,"{'total_params': 12687872, 'trainable_params': 0, 'trainable_pct': 0.0, 'method': 'frozen'}",48.798152923583984,0.32968827669914624,
ado2flzb,v8,,0,,braindecode/isruc-sleep,frozen,flatten,3,ridge,median_std_clip,completed,"{'total_params': 12687872, 'trainable_params': 0, 'trainable_pct': 0.0, 'method': 'frozen'}",85.8039379119873,0.6676401133426613,
ado2flzb,v8,,0,,braindecode/mdd_mumtaz2016,frozen,flatten,3,ridge,median_std_clip,completed,"{'total_params': 12687872, 'trainable_params': 0, 'trainable_pct': 0.0, 'method': 'frozen'}",15.733062267303467,0.8359140610005968,
ado2flzb,v8,,0,,braindecode/seed-v,frozen,flatten,3,ridge,median_std_clip,completed,"{'total_params': 12687872, 'trainable_params': 0, 'trainable_pct': 0.0, 'method': 'frozen'}",48.55752491950989,0.28556151334760355,
ado2flzb,v8,,0,,braindecode/seed-vig,frozen,flatten,3,ridge,median_std_clip,completed,"{'total_params': 12687872, 'trainable_params': 0, 'trainable_pct': 0.0, 'method': 'frozen'}",25.332692623138428,,-0.11025388000357572
ado2flzb,v8,,0,,braindecode/tuab,frozen,flatten,3,ridge,median_std_clip,completed,"{'total_params': 12687872, 'trainable_params': 0, 'trainable_pct': 0.0, 'method': 'frozen'}",57.51554298400879,0.8033764530357779,
ado2flzb,v8,,0,,braindecode/tuev,frozen,flatten,3,ridge,median_std_clip,completed,"{'total_params': 12687872, 'trainable_params': 0, 'trainable_pct': 0.0, 'method': 'frozen'}",12.524963617324829,0.8953695393713174,
ado2flzb,v8,,0,,braindecode/arithmetic_zyma2019,frozen,flatten,4,ridge,median_std_clip,completed,"{'total_params': 12687872, 'trainable_params': 0, 'trainable_pct': 0.0, 'method': 'frozen'}",12.259338617324829,0.7361111111111112,
ado2flzb,v8,,0,,braindecode/bcic2a,frozen,flatten,4,ridge,median_std_clip,completed,"{'total_params': 12687872, 'trainable_params': 0, 'trainable_pct': 0.0, 'method': 'frozen'}",11.949682712554932,0.46354166666666663,
ado2flzb,v8,,0,,braindecode/bcic2020-3,frozen,flatten,4,ridge,median_std_clip,completed,"{'total_params': 12687872, 'trainable_params': 0, 'trainable_pct': 0.0, 'method': 'frozen'}",25.499579668045044,0.2906666666666667,
ado2flzb,v8,,0,,braindecode/physionet,frozen,flatten,4,ridge,median_std_clip,completed,"{'total_params': 12687872, 'trainable_params': 0, 'trainable_pct': 0.0, 'method': 'frozen'}",29.610775470733643,0.5659341672653317,
ado2flzb,v8,,0,,braindecode/chbmit,frozen,flatten,4,ridge,median_std_clip,completed,"{'total_params': 12687872, 'trainable_params': 0, 'trainable_pct': 0.0, 'method': 'frozen'}",55.123676776885986,0.8809339857498497,
ado2flzb,v8,,0,,braindecode/faced,frozen,flatten,4,ridge,median_std_clip,completed,"{'total_params': 12687872, 'trainable_params': 0, 'trainable_pct': 0.0, 'method': 'frozen'}",50.61939215660095,0.3266665399817574,
ado2flzb,v8,,0,,braindecode/isruc-sleep,frozen,flatten,4,ridge,median_std_clip,completed,"{'total_params': 12687872, 'trainable_params': 0, 'trainable_pct': 0.0, 'method': 'frozen'}",87.89620184898376,0.6683823835147381,
ado2flzb,v8,,0,,braindecode/mdd_mumtaz2016,frozen,flatten,4,ridge,median_std_clip,completed,"{'total_params': 12687872, 'trainable_params': 0, 'trainable_pct': 0.0, 'method': 'frozen'}",16.406108140945435,0.8404361274520575,
ado2flzb,v8,,0,,braindecode/seed-v,frozen,flatten,4,ridge,median_std_clip,completed,"{'total_params': 12687872, 'trainable_params': 0, 'trainable_pct': 0.0, 'method': 'frozen'}",50.89784383773804,0.28826776264048803,
ado2flzb,v8,,0,,braindecode/seed-vig,frozen,flatten,4,ridge,median_std_clip,completed,"{'total_params': 12687872, 'trainable_params': 0, 'trainable_pct': 0.0, 'method': 'frozen'}",25.936506271362305,,-0.11480373569601943
ado2flzb,v8,,0,,braindecode/tuab,frozen,flatten,4,ridge,median_std_clip,completed,"{'total_params': 12687872, 'trainable_params': 0, 'trainable_pct': 0.0, 'method': 'frozen'}",57.869776487350464,0.8126516320820443,
ado2flzb,v8,,0,,braindecode/tuev,frozen,flatten,4,ridge,median_std_clip,completed,"{'total_params': 12687872, 'trainable_params': 0, 'trainable_pct': 0.0, 'method': 'frozen'}",13.139803647994995,0.896695242794293,
ado2flzb,v9,,0,,braindecode/arithmetic_zyma2019,frozen,flatten,0,ridge,median_std_clip,completed,"{'total_params': 12687872, 'trainable_params': 0, 'trainable_pct': 0.0, 'method': 'frozen'}",11.582138299942017,0.7222222222222222,
ado2flzb,v9,,0,,braindecode/bcic2a,frozen,flatten,0,ridge,median_std_clip,completed,"{'total_params': 12687872, 'trainable_params': 0, 'trainable_pct': 0.0, 'method': 'frozen'}",9.378590822219849,0.46469907407407407,
ado2flzb,v9,,0,,braindecode/bcic2020-3,frozen,flatten,0,ridge,median_std_clip,completed,"{'total_params': 12687872, 'trainable_params': 0, 'trainable_pct': 0.0, 'method': 'frozen'}",21.833348512649536,0.2853333333333333,
ado2flzb,v9,,0,,braindecode/physionet,frozen,flatten,0,ridge,median_std_clip,completed,"{'total_params': 12687872, 'trainable_params': 0, 'trainable_pct': 0.0, 'method': 'frozen'}",23.885197162628174,0.5693598444181748,
ado2flzb,v9,,0,,braindecode/chbmit,frozen,flatten,0,ridge,median_std_clip,completed,"{'total_params': 12687872, 'trainable_params': 0, 'trainable_pct': 0.0, 'method': 'frozen'}",54.42872452735901,0.8814061292814834,
ado2flzb,v9,,0,,braindecode/faced,frozen,flatten,0,ridge,median_std_clip,completed,"{'total_params': 12687872, 'trainable_params': 0, 'trainable_pct': 0.0, 'method': 'frozen'}",50.89637613296509,0.3144605997866867,
ado2flzb,v9,,0,,braindecode/isruc-sleep,frozen,flatten,0,ridge,median_std_clip,completed,"{'total_params': 12687872, 'trainable_params': 0, 'trainable_pct': 0.0, 'method': 'frozen'}",88.987872838974,0.6535178551141048,
ado2flzb,v9,,0,,braindecode/mdd_mumtaz2016,frozen,flatten,0,ridge,median_std_clip,completed,"{'total_params': 12687872, 'trainable_params': 0, 'trainable_pct': 0.0, 'method': 'frozen'}",17.73553204536438,0.8445265602252214,
ado2flzb,v9,,0,,braindecode/seed-v,frozen,flatten,0,ridge,median_std_clip,completed,"{'total_params': 12687872, 'trainable_params': 0, 'trainable_pct': 0.0, 'method': 'frozen'}",51.99785327911377,0.2896130798511577,
ado2flzb,v9,,0,,braindecode/seed-vig,frozen,flatten,0,ridge,median_std_clip,completed,"{'total_params': 12687872, 'trainable_params': 0, 'trainable_pct': 0.0, 'method': 'frozen'}",22.817092895507812,,-0.10202845824054396
ado2flzb,v9,,0,,braindecode/tuab,frozen,flatten,0,ridge,median_std_clip,completed,"{'total_params': 12687872, 'trainable_params': 0, 'trainable_pct': 0.0, 'method': 'frozen'}",56.87723660469055,0.8124763381146209,
ado2flzb,v9,,0,,braindecode/tuev,frozen,flatten,0,ridge,median_std_clip,completed,"{'total_params': 12687872, 'trainable_params': 0, 'trainable_pct': 0.0, 'method': 'frozen'}",13.207814693450928,0.9547742707254708,
ado2flzb,v9,,0,,braindecode/arithmetic_zyma2019,frozen,flatten,1,ridge,median_std_clip,completed,"{'total_params': 12687872, 'trainable_params': 0, 'trainable_pct': 0.0, 'method': 'frozen'}",11.982532501220703,0.6944444444444444,
ado2flzb,v9,,0,,braindecode/bcic2a,frozen,flatten,1,ridge,median_std_clip,completed,"{'total_params': 12687872, 'trainable_params': 0, 'trainable_pct': 0.0, 'method': 'frozen'}",9.643887996673584,0.46469907407407407,
ado2flzb,v9,,0,,braindecode/bcic2020-3,frozen,flatten,1,ridge,median_std_clip,completed,"{'total_params': 12687872, 'trainable_params': 0, 'trainable_pct': 0.0, 'method': 'frozen'}",21.13212490081787,0.244,
ado2flzb,v9,,0,,braindecode/physionet,frozen,flatten,1,ridge,median_std_clip,completed,"{'total_params': 12687872, 'trainable_params': 0, 'trainable_pct': 0.0, 'method': 'frozen'}",23.929903507232666,0.5534702536452446,
ado2flzb,v9,,0,,braindecode/chbmit,frozen,flatten,1,ridge,median_std_clip,completed,"{'total_params': 12687872, 'trainable_params': 0, 'trainable_pct': 0.0, 'method': 'frozen'}",56.05862545967102,0.8795175551549489,
ado2flzb,v9,,0,,braindecode/faced,frozen,flatten,1,ridge,median_std_clip,completed,"{'total_params': 12687872, 'trainable_params': 0, 'trainable_pct': 0.0, 'method': 'frozen'}",52.20353960990906,0.3095995188386493,
ado2flzb,v9,,0,,braindecode/isruc-sleep,frozen,flatten,1,ridge,median_std_clip,completed,"{'total_params': 12687872, 'trainable_params': 0, 'trainable_pct': 0.0, 'method': 'frozen'}",86.91385698318481,0.6651186656155189,
ado2flzb,v9,,0,,braindecode/mdd_mumtaz2016,frozen,flatten,1,ridge,median_std_clip,completed,"{'total_params': 12687872, 'trainable_params': 0, 'trainable_pct': 0.0, 'method': 'frozen'}",16.524107456207275,0.8455191864305533,
ado2flzb,v9,,0,,braindecode/seed-v,frozen,flatten,1,ridge,median_std_clip,completed,"{'total_params': 12687872, 'trainable_params': 0, 'trainable_pct': 0.0, 'method': 'frozen'}",49.79366421699524,0.2892484946530993,
ado2flzb,v9,,0,,braindecode/seed-vig,frozen,flatten,1,ridge,median_std_clip,completed,"{'total_params': 12687872, 'trainable_params': 0, 'trainable_pct': 0.0, 'method': 'frozen'}",23.50634741783142,,-0.10304492218067018
ado2flzb,v9,,0,,braindecode/tuab,frozen,flatten,1,ridge,median_std_clip,completed,"{'total_params': 12687872, 'trainable_params': 0, 'trainable_pct': 0.0, 'method': 'frozen'}",55.41273069381714,0.8106869955398046,
ado2flzb,v9,,0,,braindecode/tuev,frozen,flatten,1,ridge,median_std_clip,completed,"{'total_params': 12687872, 'trainable_params': 0, 'trainable_pct': 0.0, 'method': 'frozen'}",12.39717698097229,0.951387630575157,
ado2flzb,v9,,0,,braindecode/arithmetic_zyma2019,frozen,flatten,2,ridge,median_std_clip,completed,"{'total_params': 12687872, 'trainable_params': 0, 'trainable_pct': 0.0, 'method': 'frozen'}",11.908591747283936,0.7222222222222223,
ado2flzb,v9,,0,,braindecode/bcic2a,frozen,flatten,2,ridge,median_std_clip,completed,"{'total_params': 12687872, 'trainable_params': 0, 'trainable_pct': 0.0, 'method': 'frozen'}",9.365903377532959,0.42071759259259256,
ado2flzb,v9,,0,,braindecode/bcic2020-3,frozen,flatten,2,ridge,median_std_clip,completed,"{'total_params': 12687872, 'trainable_params': 0, 'trainable_pct': 0.0, 'method': 'frozen'}",19.562414169311523,0.2653333333333333,
ado2flzb,v9,,0,,braindecode/physionet,frozen,flatten,2,ridge,median_std_clip,completed,"{'total_params': 12687872, 'trainable_params': 0, 'trainable_pct': 0.0, 'method': 'frozen'}",25.214040517807007,0.5733011992781138,
ado2flzb,v9,,0,,braindecode/chbmit,frozen,flatten,2,ridge,median_std_clip,completed,"{'total_params': 12687872, 'trainable_params': 0, 'trainable_pct': 0.0, 'method': 'frozen'}",54.03294324874878,0.8586788565542107,
ado2flzb,v9,,0,,braindecode/faced,frozen,flatten,2,ridge,median_std_clip,completed,"{'total_params': 12687872, 'trainable_params': 0, 'trainable_pct': 0.0, 'method': 'frozen'}",51.88433814048767,0.32252937280111194,
ado2flzb,v9,,0,,braindecode/isruc-sleep,frozen,flatten,2,ridge,median_std_clip,completed,"{'total_params': 12687872, 'trainable_params': 0, 'trainable_pct': 0.0, 'method': 'frozen'}",88.67498993873596,0.6689374021325564,
ado2flzb,v9,,0,,braindecode/mdd_mumtaz2016,frozen,flatten,2,ridge,median_std_clip,completed,"{'total_params': 12687872, 'trainable_params': 0, 'trainable_pct': 0.0, 'method': 'frozen'}",16.100186586380005,0.8410453925596251,
ado2flzb,v9,,0,,braindecode/seed-v,frozen,flatten,2,ridge,median_std_clip,completed,"{'total_params': 12687872, 'trainable_params': 0, 'trainable_pct': 0.0, 'method': 'frozen'}",50.531917333602905,0.28929275620392614,
ado2flzb,v9,,0,,braindecode/seed-vig,frozen,flatten,2,ridge,median_std_clip,completed,"{'total_params': 12687872, 'trainable_params': 0, 'trainable_pct': 0.0, 'method': 'frozen'}",23.70584011077881,,-0.1136659452427784
ado2flzb,v9,,0,,braindecode/tuab,frozen,flatten,2,ridge,median_std_clip,completed,"{'total_params': 12687872, 'trainable_params': 0, 'trainable_pct': 0.0, 'method': 'frozen'}",59.59605836868286,0.8020695889048439,
ado2flzb,v9,,0,,braindecode/tuev,frozen,flatten,2,ridge,median_std_clip,completed,"{'total_params': 12687872, 'trainable_params': 0, 'trainable_pct': 0.0, 'method': 'frozen'}",13.445284366607666,0.8986387999207913,
ado2flzb,v9,,0,,braindecode/arithmetic_zyma2019,frozen,flatten,3,ridge,median_std_clip,completed,"{'total_params': 12687872, 'trainable_params': 0, 'trainable_pct': 0.0, 'method': 'frozen'}",12.695935010910034,0.7118055555555556,
ado2flzb,v9,,0,,braindecode/bcic2a,frozen,flatten,3,ridge,median_std_clip,completed,"{'total_params': 12687872, 'trainable_params': 0, 'trainable_pct': 0.0, 'method': 'frozen'}",9.1127769947052,0.48900462962962965,
ado2flzb,v9,,0,,braindecode/bcic2020-3,frozen,flatten,3,ridge,median_std_clip,completed,"{'total_params': 12687872, 'trainable_params': 0, 'trainable_pct': 0.0, 'method': 'frozen'}",20.985015630722046,0.28933333333333333,
ado2flzb,v9,,0,,braindecode/physionet,frozen,flatten,3,ridge,median_std_clip,completed,"{'total_params': 12687872, 'trainable_params': 0, 'trainable_pct': 0.0, 'method': 'frozen'}",23.89039373397827,0.5817751595631596,
ado2flzb,v9,,0,,braindecode/chbmit,frozen,flatten,3,ridge,median_std_clip,completed,"{'total_params': 12687872, 'trainable_params': 0, 'trainable_pct': 0.0, 'method': 'frozen'}",54.918123722076416,0.9396729332989956,
ado2flzb,v9,,0,,braindecode/faced,frozen,flatten,3,ridge,median_std_clip,completed,"{'total_params': 12687872, 'trainable_params': 0, 'trainable_pct': 0.0, 'method': 'frozen'}",51.75993537902832,0.3290016143277013,
ado2flzb,v9,,0,,braindecode/isruc-sleep,frozen,flatten,3,ridge,median_std_clip,completed,"{'total_params': 12687872, 'trainable_params': 0, 'trainable_pct': 0.0, 'method': 'frozen'}",88.72701597213745,0.6679821866393355,
ado2flzb,v9,,0,,braindecode/mdd_mumtaz2016,frozen,flatten,3,ridge,median_std_clip,completed,"{'total_params': 12687872, 'trainable_params': 0, 'trainable_pct': 0.0, 'method': 'frozen'}",16.574820280075073,0.8365700916897075,
ado2flzb,v9,,0,,braindecode/seed-v,frozen,flatten,3,ridge,median_std_clip,completed,"{'total_params': 12687872, 'trainable_params': 0, 'trainable_pct': 0.0, 'method': 'frozen'}",49.175668239593506,0.2806257391663399,
ado2flzb,v9,,0,,braindecode/seed-vig,frozen,flatten,3,ridge,median_std_clip,completed,"{'total_params': 12687872, 'trainable_params': 0, 'trainable_pct': 0.0, 'method': 'frozen'}",22.981481313705444,,-0.10745801704241131
ado2flzb,v9,,0,,braindecode/tuab,frozen,flatten,3,ridge,median_std_clip,completed,"{'total_params': 12687872, 'trainable_params': 0, 'trainable_pct': 0.0, 'method': 'frozen'}",57.526894092559814,0.804968379880509,
ado2flzb,v9,,0,,braindecode/tuev,frozen,flatten,3,ridge,median_std_clip,completed,"{'total_params': 12687872, 'trainable_params': 0, 'trainable_pct': 0.0, 'method': 'frozen'}",13.043084621429443,0.8908059328133722,
ado2flzb,v9,,0,,braindecode/arithmetic_zyma2019,frozen,flatten,4,ridge,median_std_clip,completed,"{'total_params': 12687872, 'trainable_params': 0, 'trainable_pct': 0.0, 'method': 'frozen'}",11.365164995193481,0.7291666666666667,
ado2flzb,v9,,0,,braindecode/bcic2a,frozen,flatten,4,ridge,median_std_clip,completed,"{'total_params': 12687872, 'trainable_params': 0, 'trainable_pct': 0.0, 'method': 'frozen'}",9.04223918914795,0.4704861111111111,
ado2flzb,v9,,0,,braindecode/bcic2020-3,frozen,flatten,4,ridge,median_std_clip,completed,"{'total_params': 12687872, 'trainable_params': 0, 'trainable_pct': 0.0, 'method': 'frozen'}",22.486114501953125,0.27999999999999997,
ado2flzb,v9,,0,,braindecode/physionet,frozen,flatten,4,ridge,median_std_clip,completed,"{'total_params': 12687872, 'trainable_params': 0, 'trainable_pct': 0.0, 'method': 'frozen'}",21.754867553710938,0.5625507336696327,
ado2flzb,v9,,0,,braindecode/chbmit,frozen,flatten,4,ridge,median_std_clip,completed,"{'total_params': 12687872, 'trainable_params': 0, 'trainable_pct': 0.0, 'method': 'frozen'}",52.970149755477905,0.8809339857498497,
ado2flzb,v9,,0,,braindecode/faced,frozen,flatten,4,ridge,median_std_clip,completed,"{'total_params': 12687872, 'trainable_params': 0, 'trainable_pct': 0.0, 'method': 'frozen'}",50.05070972442627,0.327833850931677,
ado2flzb,v9,,0,,braindecode/isruc-sleep,frozen,flatten,4,ridge,median_std_clip,completed,"{'total_params': 12687872, 'trainable_params': 0, 'trainable_pct': 0.0, 'method': 'frozen'}",88.4824275970459,0.6696570912767442,
ado2flzb,v9,,0,,braindecode/mdd_mumtaz2016,frozen,flatten,4,ridge,median_std_clip,completed,"{'total_params': 12687872, 'trainable_params': 0, 'trainable_pct': 0.0, 'method': 'frozen'}",16.258650302886963,0.8415051244771443,
ado2flzb,v9,,0,,braindecode/seed-v,frozen,flatten,4,ridge,median_std_clip,completed,"{'total_params': 12687872, 'trainable_params': 0, 'trainable_pct': 0.0, 'method': 'frozen'}",50.33929991722107,0.28895537562545803,
ado2flzb,v9,,0,,braindecode/seed-vig,frozen,flatten,4,ridge,median_std_clip,completed,"{'total_params': 12687872, 'trainable_params': 0, 'trainable_pct': 0.0, 'method': 'frozen'}",23.84425401687622,,-0.11300999504557097
ado2flzb,v9,,0,,braindecode/tuab,frozen,flatten,4,ridge,median_std_clip,completed,"{'total_params': 12687872, 'trainable_params': 0, 'trainable_pct': 0.0, 'method': 'frozen'}",57.05589056015015,0.8113842510971274,
ado2flzb,v9,,0,,braindecode/tuev,frozen,flatten,4,ridge,median_std_clip,completed,"{'total_params': 12687872, 'trainable_params': 0, 'trainable_pct': 0.0, 'method': 'frozen'}",13.254704475402832,0.8971349633832674,
tl2ef402,v0,,0,,braindecode/arithmetic_zyma2019,frozen,flatten,0,ridge,median_std_clip,completed,"{'total_params': 12687872, 'trainable_params': 0, 'trainable_pct': 0.0, 'method': 'frozen'}",11.639564990997314,0.5868055555555556,
tl2ef402,v0,,0,,braindecode/bcic2a,frozen,flatten,0,ridge,median_std_clip,completed,"{'total_params': 12687872, 'trainable_params': 0, 'trainable_pct': 0.0, 'method': 'frozen'}",8.68490219116211,0.3501157407407407,
tl2ef402,v0,,0,,braindecode/bcic2020-3,frozen,flatten,0,ridge,median_std_clip,completed,"{'total_params': 12687872, 'trainable_params': 0, 'trainable_pct': 0.0, 'method': 'frozen'}",19.448349237442017,0.24799999999999994,
tl2ef402,v0,,0,,braindecode/physionet,frozen,flatten,0,ridge,median_std_clip,completed,"{'total_params': 12687872, 'trainable_params': 0, 'trainable_pct': 0.0, 'method': 'frozen'}",21.389442682266235,0.5047840198764,
tl2ef402,v0,,0,,braindecode/chbmit,frozen,flatten,0,ridge,median_std_clip,completed,"{'total_params': 12687872, 'trainable_params': 0, 'trainable_pct': 0.0, 'method': 'frozen'}",55.95536828041077,0.848892608807623,
tl2ef402,v0,,0,,braindecode/faced,frozen,flatten,0,ridge,median_std_clip,completed,"{'total_params': 12687872, 'trainable_params': 0, 'trainable_pct': 0.0, 'method': 'frozen'}",48.986515045166016,0.2527855598507772,
tl2ef402,v0,,0,,braindecode/isruc-sleep,frozen,flatten,0,ridge,median_std_clip,completed,"{'total_params': 12687872, 'trainable_params': 0, 'trainable_pct': 0.0, 'method': 'frozen'}",88.2717638015747,0.5166618458167921,
tl2ef402,v0,,0,,braindecode/mdd_mumtaz2016,frozen,flatten,0,ridge,median_std_clip,completed,"{'total_params': 12687872, 'trainable_params': 0, 'trainable_pct': 0.0, 'method': 'frozen'}",14.711280584335327,0.8358422111778101,
tl2ef402,v0,,0,,braindecode/seed-v,frozen,flatten,0,ridge,median_std_clip,completed,"{'total_params': 12687872, 'trainable_params': 0, 'trainable_pct': 0.0, 'method': 'frozen'}",48.787848234176636,0.25535096601010304,
tl2ef402,v0,,0,,braindecode/seed-vig,frozen,flatten,0,ridge,median_std_clip,completed,"{'total_params': 12687872, 'trainable_params': 0, 'trainable_pct': 0.0, 'method': 'frozen'}",22.839269399642944,,-0.5380473066917322
tl2ef402,v0,,0,,braindecode/tuab,frozen,flatten,0,ridge,median_std_clip,completed,"{'total_params': 12687872, 'trainable_params': 0, 'trainable_pct': 0.0, 'method': 'frozen'}",53.79919767379761,0.7302228641578161,
tl2ef402,v0,,0,,braindecode/tuev,frozen,flatten,0,ridge,median_std_clip,completed,"{'total_params': 12687872, 'trainable_params': 0, 'trainable_pct': 0.0, 'method': 'frozen'}",12.493692874908447,0.9417834358179653,
tl2ef402,v0,,0,,braindecode/arithmetic_zyma2019,frozen,flatten,1,ridge,median_std_clip,completed,"{'total_params': 12687872, 'trainable_params': 0, 'trainable_pct': 0.0, 'method': 'frozen'}",11.668919801712036,0.6215277777777778,
tl2ef402,v0,,0,,braindecode/bcic2a,frozen,flatten,1,ridge,median_std_clip,completed,"{'total_params': 12687872, 'trainable_params': 0, 'trainable_pct': 0.0, 'method': 'frozen'}",12.169511556625366,0.3587962962962963,
tl2ef402,v0,,0,,braindecode/bcic2020-3,frozen,flatten,1,ridge,median_std_clip,completed,"{'total_params': 12687872, 'trainable_params': 0, 'trainable_pct': 0.0, 'method': 'frozen'}",24.81038784980774,0.2826666666666666,
tl2ef402,v0,,0,,braindecode/physionet,frozen,flatten,1,ridge,median_std_clip,completed,"{'total_params': 12687872, 'trainable_params': 0, 'trainable_pct': 0.0, 'method': 'frozen'}",29.119145393371582,0.4866562559503167,
tl2ef402,v0,,0,,braindecode/chbmit,frozen,flatten,1,ridge,median_std_clip,completed,"{'total_params': 12687872, 'trainable_params': 0, 'trainable_pct': 0.0, 'method': 'frozen'}",52.575881004333496,0.887865911237016,
tl2ef402,v0,,0,,braindecode/faced,frozen,flatten,1,ridge,median_std_clip,completed,"{'total_params': 12687872, 'trainable_params': 0, 'trainable_pct': 0.0, 'method': 'frozen'}",50.098764419555664,0.252092864864604,
tl2ef402,v0,,0,,braindecode/isruc-sleep,frozen,flatten,1,ridge,median_std_clip,completed,"{'total_params': 12687872, 'trainable_params': 0, 'trainable_pct': 0.0, 'method': 'frozen'}",87.35543847084045,0.5199726092337391,
tl2ef402,v0,,0,,braindecode/mdd_mumtaz2016,frozen,flatten,1,ridge,median_std_clip,completed,"{'total_params': 12687872, 'trainable_params': 0, 'trainable_pct': 0.0, 'method': 'frozen'}",16.22349262237549,0.797530505062447,
tl2ef402,v0,,0,,braindecode/seed-v,frozen,flatten,1,ridge,median_std_clip,completed,"{'total_params': 12687872, 'trainable_params': 0, 'trainable_pct': 0.0, 'method': 'frozen'}",47.75894236564636,0.25247462506264096,
tl2ef402,v0,,0,,braindecode/seed-vig,frozen,flatten,1,ridge,median_std_clip,completed,"{'total_params': 12687872, 'trainable_params': 0, 'trainable_pct': 0.0, 'method': 'frozen'}",25.870442152023315,,-0.5464205399393645
tl2ef402,v0,,0,,braindecode/tuab,frozen,flatten,1,ridge,median_std_clip,completed,"{'total_params': 12687872, 'trainable_params': 0, 'trainable_pct': 0.0, 'method': 'frozen'}",55.79937171936035,0.7283545552909656,
tl2ef402,v0,,0,,braindecode/tuev,frozen,flatten,1,ridge,median_std_clip,completed,"{'total_params': 12687872, 'trainable_params': 0, 'trainable_pct': 0.0, 'method': 'frozen'}",12.941685676574707,0.9429104989601877,
tl2ef402,v0,,0,,braindecode/arithmetic_zyma2019,frozen,flatten,2,ridge,median_std_clip,completed,"{'total_params': 12687872, 'trainable_params': 0, 'trainable_pct': 0.0, 'method': 'frozen'}",13.121701717376709,0.59375,
tl2ef402,v0,,0,,braindecode/bcic2a,frozen,flatten,2,ridge,median_std_clip,completed,"{'total_params': 12687872, 'trainable_params': 0, 'trainable_pct': 0.0, 'method': 'frozen'}",12.338236093521118,0.36458333333333337,
tl2ef402,v0,,0,,braindecode/bcic2020-3,frozen,flatten,2,ridge,median_std_clip,completed,"{'total_params': 12687872, 'trainable_params': 0, 'trainable_pct': 0.0, 'method': 'frozen'}",24.308934211730957,0.26,
tl2ef402,v0,,0,,braindecode/physionet,frozen,flatten,2,ridge,median_std_clip,completed,"{'total_params': 12687872, 'trainable_params': 0, 'trainable_pct': 0.0, 'method': 'frozen'}",29.267594814300537,0.5206531127818379,
tl2ef402,v0,,0,,braindecode/chbmit,frozen,flatten,2,ridge,median_std_clip,completed,"{'total_params': 12687872, 'trainable_params': 0, 'trainable_pct': 0.0, 'method': 'frozen'}",52.99051332473755,0.7011331444759207,
tl2ef402,v0,,0,,braindecode/faced,frozen,flatten,2,ridge,median_std_clip,completed,"{'total_params': 12687872, 'trainable_params': 0, 'trainable_pct': 0.0, 'method': 'frozen'}",49.39137387275696,0.24967725511203773,
tl2ef402,v0,,0,,braindecode/isruc-sleep,frozen,flatten,2,ridge,median_std_clip,completed,"{'total_params': 12687872, 'trainable_params': 0, 'trainable_pct': 0.0, 'method': 'frozen'}",87.30343651771545,0.5218592430518949,
tl2ef402,v0,,0,,braindecode/mdd_mumtaz2016,frozen,flatten,2,ridge,median_std_clip,completed,"{'total_params': 12687872, 'trainable_params': 0, 'trainable_pct': 0.0, 'method': 'frozen'}",16.11177682876587,0.7917695396030584,
tl2ef402,v0,,0,,braindecode/seed-v,frozen,flatten,2,ridge,median_std_clip,completed,"{'total_params': 12687872, 'trainable_params': 0, 'trainable_pct': 0.0, 'method': 'frozen'}",37.57014060020447,0.25507784062922534,
tl2ef402,v0,,0,,braindecode/seed-vig,frozen,flatten,2,ridge,median_std_clip,completed,"{'total_params': 12687872, 'trainable_params': 0, 'trainable_pct': 0.0, 'method': 'frozen'}",26.920828104019165,,-0.5627464440136882
tl2ef402,v0,,0,,braindecode/tuab,frozen,flatten,2,ridge,median_std_clip,completed,"{'total_params': 12687872, 'trainable_params': 0, 'trainable_pct': 0.0, 'method': 'frozen'}",55.62801814079285,0.7217412683442617,
tl2ef402,v0,,0,,braindecode/tuev,frozen,flatten,2,ridge,median_std_clip,completed,"{'total_params': 12687872, 'trainable_params': 0, 'trainable_pct': 0.0, 'method': 'frozen'}",12.523773193359375,0.9387421604494547,
tl2ef402,v0,,0,,braindecode/arithmetic_zyma2019,frozen,flatten,3,ridge,median_std_clip,completed,"{'total_params': 12687872, 'trainable_params': 0, 'trainable_pct': 0.0, 'method': 'frozen'}",11.343273878097534,0.6597222222222222,
tl2ef402,v0,,0,,braindecode/bcic2a,frozen,flatten,3,ridge,median_std_clip,completed,"{'total_params': 12687872, 'trainable_params': 0, 'trainable_pct': 0.0, 'method': 'frozen'}",11.692385196685791,0.36516203703703703,
tl2ef402,v0,,0,,braindecode/bcic2020-3,frozen,flatten,3,ridge,median_std_clip,completed,"{'total_params': 12687872, 'trainable_params': 0, 'trainable_pct': 0.0, 'method': 'frozen'}",24.704198122024536,0.22400000000000003,
tl2ef402,v0,,0,,braindecode/physionet,frozen,flatten,3,ridge,median_std_clip,completed,"{'total_params': 12687872, 'trainable_params': 0, 'trainable_pct': 0.0, 'method': 'frozen'}",27.589702606201172,0.49970245955649145,
tl2ef402,v0,,0,,braindecode/chbmit,frozen,flatten,3,ridge,median_std_clip,completed,"{'total_params': 12687872, 'trainable_params': 0, 'trainable_pct': 0.0, 'method': 'frozen'}",56.25242781639099,0.9124173748819642,
tl2ef402,v0,,0,,braindecode/faced,frozen,flatten,3,ridge,median_std_clip,completed,"{'total_params': 12687872, 'trainable_params': 0, 'trainable_pct': 0.0, 'method': 'frozen'}",49.31974768638611,0.2527734946213207,
tl2ef402,v0,,0,,braindecode/isruc-sleep,frozen,flatten,3,ridge,median_std_clip,completed,"{'total_params': 12687872, 'trainable_params': 0, 'trainable_pct': 0.0, 'method': 'frozen'}",87.84114909172058,0.5149927251734998,
tl2ef402,v0,,0,,braindecode/mdd_mumtaz2016,frozen,flatten,3,ridge,median_std_clip,completed,"{'total_params': 12687872, 'trainable_params': 0, 'trainable_pct': 0.0, 'method': 'frozen'}",15.812067031860352,0.7921840129380239,
tl2ef402,v0,,0,,braindecode/seed-v,frozen,flatten,3,ridge,median_std_clip,completed,"{'total_params': 12687872, 'trainable_params': 0, 'trainable_pct': 0.0, 'method': 'frozen'}",50.8982629776001,0.25592780322719294,
tl2ef402,v0,,0,,braindecode/seed-vig,frozen,flatten,3,ridge,median_std_clip,completed,"{'total_params': 12687872, 'trainable_params': 0, 'trainable_pct': 0.0, 'method': 'frozen'}",26.953208684921265,,-0.572146293234093
tl2ef402,v0,,0,,braindecode/tuab,frozen,flatten,3,ridge,median_std_clip,completed,"{'total_params': 12687872, 'trainable_params': 0, 'trainable_pct': 0.0, 'method': 'frozen'}",57.029786109924316,0.7251754619808106,
tl2ef402,v0,,0,,braindecode/tuev,frozen,flatten,3,ridge,median_std_clip,completed,"{'total_params': 12687872, 'trainable_params': 0, 'trainable_pct': 0.0, 'method': 'frozen'}",13.011219263076782,0.9449682692266793,
tl2ef402,v0,,0,,braindecode/arithmetic_zyma2019,frozen,flatten,4,ridge,median_std_clip,completed,"{'total_params': 12687872, 'trainable_params': 0, 'trainable_pct': 0.0, 'method': 'frozen'}",12.221285581588745,0.642361111111111,
tl2ef402,v0,,0,,braindecode/bcic2a,frozen,flatten,4,ridge,median_std_clip,completed,"{'total_params': 12687872, 'trainable_params': 0, 'trainable_pct': 0.0, 'method': 'frozen'}",12.029704332351685,0.34201388888888884,
tl2ef402,v0,,0,,braindecode/bcic2020-3,frozen,flatten,4,ridge,median_std_clip,completed,"{'total_params': 12687872, 'trainable_params': 0, 'trainable_pct': 0.0, 'method': 'frozen'}",25.150628805160522,0.2506666666666667,
tl2ef402,v0,,0,,braindecode/physionet,frozen,flatten,4,ridge,median_std_clip,completed,"{'total_params': 12687872, 'trainable_params': 0, 'trainable_pct': 0.0, 'method': 'frozen'}",27.830347776412964,0.542719718552467,
tl2ef402,v0,,0,,braindecode/chbmit,frozen,flatten,4,ridge,median_std_clip,completed,"{'total_params': 12687872, 'trainable_params': 0, 'trainable_pct': 0.0, 'method': 'frozen'}",59.163562536239624,0.9008498583569405,
tl2ef402,v0,,0,,braindecode/faced,frozen,flatten,4,ridge,median_std_clip,completed,"{'total_params': 12687872, 'trainable_params': 0, 'trainable_pct': 0.0, 'method': 'frozen'}",51.06467890739441,0.2479274952101039,
tl2ef402,v0,,0,,braindecode/isruc-sleep,frozen,flatten,4,ridge,median_std_clip,completed,"{'total_params': 12687872, 'trainable_params': 0, 'trainable_pct': 0.0, 'method': 'frozen'}",86.88267660140991,0.5144222216860155,
tl2ef402,v0,,0,,braindecode/mdd_mumtaz2016,frozen,flatten,4,ridge,median_std_clip,completed,"{'total_params': 12687872, 'trainable_params': 0, 'trainable_pct': 0.0, 'method': 'frozen'}",15.537410974502563,0.8020899061985494,
tl2ef402,v0,,0,,braindecode/seed-v,frozen,flatten,4,ridge,median_std_clip,completed,"{'total_params': 12687872, 'trainable_params': 0, 'trainable_pct': 0.0, 'method': 'frozen'}",49.103715896606445,0.2570098169457269,
tl2ef402,v0,,0,,braindecode/seed-vig,frozen,flatten,4,ridge,median_std_clip,completed,"{'total_params': 12687872, 'trainable_params': 0, 'trainable_pct': 0.0, 'method': 'frozen'}",25.53570580482483,,-0.5470801389243831
tl2ef402,v0,,0,,braindecode/tuab,frozen,flatten,4,ridge,median_std_clip,completed,"{'total_params': 12687872, 'trainable_params': 0, 'trainable_pct': 0.0, 'method': 'frozen'}",55.211400270462036,0.7267057839168625,
tl2ef402,v0,,0,,braindecode/tuev,frozen,flatten,4,ridge,median_std_clip,completed,"{'total_params': 12687872, 'trainable_params': 0, 'trainable_pct': 0.0, 'method': 'frozen'}",12.507983207702637,0.9382769112544999,
tl2ef402,v1,,0,,braindecode/arithmetic_zyma2019,frozen,flatten,0,ridge,median_std_clip,completed,"{'total_params': 12687872, 'trainable_params': 0, 'trainable_pct': 0.0, 'method': 'frozen'}",11.58513331413269,0.7152777777777778,
tl2ef402,v1,,0,,braindecode/bcic2a,frozen,flatten,0,ridge,median_std_clip,completed,"{'total_params': 12687872, 'trainable_params': 0, 'trainable_pct': 0.0, 'method': 'frozen'}",9.289387941360474,0.3564814814814815,
tl2ef402,v1,,0,,braindecode/bcic2020-3,frozen,flatten,0,ridge,median_std_clip,completed,"{'total_params': 12687872, 'trainable_params': 0, 'trainable_pct': 0.0, 'method': 'frozen'}",22.082931518554688,0.24266666666666664,
tl2ef402,v1,,0,,braindecode/physionet,frozen,flatten,0,ridge,median_std_clip,completed,"{'total_params': 12687872, 'trainable_params': 0, 'trainable_pct': 0.0, 'method': 'frozen'}",23.8130624294281,0.5025548420444753,
tl2ef402,v1,,0,,braindecode/chbmit,frozen,flatten,0,ridge,median_std_clip,completed,"{'total_params': 12687872, 'trainable_params': 0, 'trainable_pct': 0.0, 'method': 'frozen'}",55.7217161655426,0.8703322173577132,
tl2ef402,v1,,0,,braindecode/faced,frozen,flatten,0,ridge,median_std_clip,completed,"{'total_params': 12687872, 'trainable_params': 0, 'trainable_pct': 0.0, 'method': 'frozen'}",43.32854247093201,0.2561902167880429,
tl2ef402,v1,,0,,braindecode/isruc-sleep,frozen,flatten,0,ridge,median_std_clip,completed,"{'total_params': 12687872, 'trainable_params': 0, 'trainable_pct': 0.0, 'method': 'frozen'}",90.4035279750824,0.5733301917754936,
tl2ef402,v1,,0,,braindecode/mdd_mumtaz2016,frozen,flatten,0,ridge,median_std_clip,completed,"{'total_params': 12687872, 'trainable_params': 0, 'trainable_pct': 0.0, 'method': 'frozen'}",14.652441263198853,0.7854228862783561,
tl2ef402,v1,,0,,braindecode/seed-v,frozen,flatten,0,ridge,median_std_clip,completed,"{'total_params': 12687872, 'trainable_params': 0, 'trainable_pct': 0.0, 'method': 'frozen'}",36.97858738899231,0.27605530100127323,
tl2ef402,v1,,0,,braindecode/seed-vig,frozen,flatten,0,ridge,median_std_clip,completed,"{'total_params': 12687872, 'trainable_params': 0, 'trainable_pct': 0.0, 'method': 'frozen'}",22.66207218170166,,-0.3261387537066358
tl2ef402,v1,,0,,braindecode/tuab,frozen,flatten,0,ridge,median_std_clip,completed,"{'total_params': 12687872, 'trainable_params': 0, 'trainable_pct': 0.0, 'method': 'frozen'}",55.0691978931427,0.7536145280055915,
tl2ef402,v1,,0,,braindecode/tuev,frozen,flatten,0,ridge,median_std_clip,completed,"{'total_params': 12687872, 'trainable_params': 0, 'trainable_pct': 0.0, 'method': 'frozen'}",13.639519691467285,0.8771471203874236,
tl2ef402,v1,,0,,braindecode/arithmetic_zyma2019,frozen,flatten,1,ridge,median_std_clip,completed,"{'total_params': 12687872, 'trainable_params': 0, 'trainable_pct': 0.0, 'method': 'frozen'}",11.654702425003052,0.7222222222222223,
tl2ef402,v1,,0,,braindecode/bcic2a,frozen,flatten,1,ridge,median_std_clip,completed,"{'total_params': 12687872, 'trainable_params': 0, 'trainable_pct': 0.0, 'method': 'frozen'}",12.92813491821289,0.3813657407407407,
tl2ef402,v1,,0,,braindecode/bcic2020-3,frozen,flatten,1,ridge,median_std_clip,completed,"{'total_params': 12687872, 'trainable_params': 0, 'trainable_pct': 0.0, 'method': 'frozen'}",25.029566049575806,0.23333333333333334,
tl2ef402,v1,,0,,braindecode/physionet,frozen,flatten,1,ridge,median_std_clip,completed,"{'total_params': 12687872, 'trainable_params': 0, 'trainable_pct': 0.0, 'method': 'frozen'}",29.207247257232666,0.5206633617155839,
tl2ef402,v1,,0,,braindecode/chbmit,frozen,flatten,1,ridge,median_std_clip,completed,"{'total_params': 12687872, 'trainable_params': 0, 'trainable_pct': 0.0, 'method': 'frozen'}",53.15170216560364,0.8809554468194696,
tl2ef402,v1,,0,,braindecode/faced,frozen,flatten,1,ridge,median_std_clip,completed,"{'total_params': 12687872, 'trainable_params': 0, 'trainable_pct': 0.0, 'method': 'frozen'}",49.98852515220642,0.2617525891982414,
tl2ef402,v1,,0,,braindecode/isruc-sleep,frozen,flatten,1,ridge,median_std_clip,completed,"{'total_params': 12687872, 'trainable_params': 0, 'trainable_pct': 0.0, 'method': 'frozen'}",85.91345620155334,0.5754430372629098,
tl2ef402,v1,,0,,braindecode/mdd_mumtaz2016,frozen,flatten,1,ridge,median_std_clip,completed,"{'total_params': 12687872, 'trainable_params': 0, 'trainable_pct': 0.0, 'method': 'frozen'}",15.722716093063354,0.7856378523922685,
tl2ef402,v1,,0,,braindecode/seed-v,frozen,flatten,1,ridge,median_std_clip,completed,"{'total_params': 12687872, 'trainable_params': 0, 'trainable_pct': 0.0, 'method': 'frozen'}",48.84152364730835,0.27520972656633086,
tl2ef402,v1,,0,,braindecode/seed-vig,frozen,flatten,1,ridge,median_std_clip,completed,"{'total_params': 12687872, 'trainable_params': 0, 'trainable_pct': 0.0, 'method': 'frozen'}",25.925232410430908,,-0.32906329823306013
tl2ef402,v1,,0,,braindecode/tuab,frozen,flatten,1,ridge,median_std_clip,completed,"{'total_params': 12687872, 'trainable_params': 0, 'trainable_pct': 0.0, 'method': 'frozen'}",55.30540442466736,0.726442002898791,
tl2ef402,v1,,0,,braindecode/tuev,frozen,flatten,1,ridge,median_std_clip,completed,"{'total_params': 12687872, 'trainable_params': 0, 'trainable_pct': 0.0, 'method': 'frozen'}",12.816150188446045,0.8759085182680373,
tl2ef402,v1,,0,,braindecode/arithmetic_zyma2019,frozen,flatten,2,ridge,median_std_clip,completed,"{'total_params': 12687872, 'trainable_params': 0, 'trainable_pct': 0.0, 'method': 'frozen'}",12.212603569030762,0.6875,
tl2ef402,v1,,0,,braindecode/bcic2a,frozen,flatten,2,ridge,median_std_clip,completed,"{'total_params': 12687872, 'trainable_params': 0, 'trainable_pct': 0.0, 'method': 'frozen'}",12.084628105163574,0.3657407407407407,
tl2ef402,v1,,0,,braindecode/bcic2020-3,frozen,flatten,2,ridge,median_std_clip,completed,"{'total_params': 12687872, 'trainable_params': 0, 'trainable_pct': 0.0, 'method': 'frozen'}",24.254178762435913,0.2573333333333333,
tl2ef402,v1,,0,,braindecode/physionet,frozen,flatten,2,ridge,median_std_clip,completed,"{'total_params': 12687872, 'trainable_params': 0, 'trainable_pct': 0.0, 'method': 'frozen'}",29.2352557182312,0.5138427310497041,
tl2ef402,v1,,0,,braindecode/chbmit,frozen,flatten,2,ridge,median_std_clip,completed,"{'total_params': 12687872, 'trainable_params': 0, 'trainable_pct': 0.0, 'method': 'frozen'}",53.14079189300537,0.8826079491801871,
tl2ef402,v1,,0,,braindecode/faced,frozen,flatten,2,ridge,median_std_clip,completed,"{'total_params': 12687872, 'trainable_params': 0, 'trainable_pct': 0.0, 'method': 'frozen'}",49.071691274642944,0.25709314839749625,
tl2ef402,v1,,0,,braindecode/isruc-sleep,frozen,flatten,2,ridge,median_std_clip,completed,"{'total_params': 12687872, 'trainable_params': 0, 'trainable_pct': 0.0, 'method': 'frozen'}",88.45187425613403,0.5755891693880544,
tl2ef402,v1,,0,,braindecode/mdd_mumtaz2016,frozen,flatten,2,ridge,median_std_clip,completed,"{'total_params': 12687872, 'trainable_params': 0, 'trainable_pct': 0.0, 'method': 'frozen'}",16.190231800079346,0.7869514207694794,
tl2ef402,v1,,0,,braindecode/seed-v,frozen,flatten,2,ridge,median_std_clip,completed,"{'total_params': 12687872, 'trainable_params': 0, 'trainable_pct': 0.0, 'method': 'frozen'}",37.53909492492676,0.27725882978014516,
tl2ef402,v1,,0,,braindecode/seed-vig,frozen,flatten,2,ridge,median_std_clip,completed,"{'total_params': 12687872, 'trainable_params': 0, 'trainable_pct': 0.0, 'method': 'frozen'}",27.36568546295166,,-0.3257815318495352
tl2ef402,v1,,0,,braindecode/tuab,frozen,flatten,2,ridge,median_std_clip,completed,"{'total_params': 12687872, 'trainable_params': 0, 'trainable_pct': 0.0, 'method': 'frozen'}",55.60068941116333,0.723258149209329,
tl2ef402,v1,,0,,braindecode/tuev,frozen,flatten,2,ridge,median_std_clip,completed,"{'total_params': 12687872, 'trainable_params': 0, 'trainable_pct': 0.0, 'method': 'frozen'}",12.516157627105713,0.9461097901770713,
tl2ef402,v1,,0,,braindecode/arithmetic_zyma2019,frozen,flatten,3,ridge,median_std_clip,completed,"{'total_params': 12687872, 'trainable_params': 0, 'trainable_pct': 0.0, 'method': 'frozen'}",12.01285171508789,0.7118055555555556,
tl2ef402,v1,,0,,braindecode/bcic2a,frozen,flatten,3,ridge,median_std_clip,completed,"{'total_params': 12687872, 'trainable_params': 0, 'trainable_pct': 0.0, 'method': 'frozen'}",11.758594751358032,0.3576388888888889,
tl2ef402,v1,,0,,braindecode/bcic2020-3,frozen,flatten,3,ridge,median_std_clip,completed,"{'total_params': 12687872, 'trainable_params': 0, 'trainable_pct': 0.0, 'method': 'frozen'}",25.4046413898468,0.24266666666666667,
tl2ef402,v1,,0,,braindecode/physionet,frozen,flatten,3,ridge,median_std_clip,completed,"{'total_params': 12687872, 'trainable_params': 0, 'trainable_pct': 0.0, 'method': 'frozen'}",28.9025399684906,0.5065217902869893,
tl2ef402,v1,,0,,braindecode/chbmit,frozen,flatten,3,ridge,median_std_clip,completed,"{'total_params': 12687872, 'trainable_params': 0, 'trainable_pct': 0.0, 'method': 'frozen'}",55.778562784194946,0.8863850974332561,
tl2ef402,v1,,0,,braindecode/faced,frozen,flatten,3,ridge,median_std_clip,completed,"{'total_params': 12687872, 'trainable_params': 0, 'trainable_pct': 0.0, 'method': 'frozen'}",50.56659913063049,0.2553359985425203,
tl2ef402,v1,,0,,braindecode/isruc-sleep,frozen,flatten,3,ridge,median_std_clip,completed,"{'total_params': 12687872, 'trainable_params': 0, 'trainable_pct': 0.0, 'method': 'frozen'}",87.51143217086792,0.5738977047059524,
tl2ef402,v1,,0,,braindecode/mdd_mumtaz2016,frozen,flatten,3,ridge,median_std_clip,completed,"{'total_params': 12687872, 'trainable_params': 0, 'trainable_pct': 0.0, 'method': 'frozen'}",15.977375507354736,0.7961266139716112,
tl2ef402,v1,,0,,braindecode/seed-v,frozen,flatten,3,ridge,median_std_clip,completed,"{'total_params': 12687872, 'trainable_params': 0, 'trainable_pct': 0.0, 'method': 'frozen'}",50.77618932723999,0.275301410331283,
tl2ef402,v1,,0,,braindecode/seed-vig,frozen,flatten,3,ridge,median_std_clip,completed,"{'total_params': 12687872, 'trainable_params': 0, 'trainable_pct': 0.0, 'method': 'frozen'}",26.001675605773926,,-0.3366621652956163
tl2ef402,v1,,0,,braindecode/tuab,frozen,flatten,3,ridge,median_std_clip,completed,"{'total_params': 12687872, 'trainable_params': 0, 'trainable_pct': 0.0, 'method': 'frozen'}",57.98569893836975,0.7286830214631501,
tl2ef402,v1,,0,,braindecode/tuev,frozen,flatten,3,ridge,median_std_clip,completed,"{'total_params': 12687872, 'trainable_params': 0, 'trainable_pct': 0.0, 'method': 'frozen'}",13.027169942855835,0.9461208609748825,
tl2ef402,v1,,0,,braindecode/arithmetic_zyma2019,frozen,flatten,4,ridge,median_std_clip,completed,"{'total_params': 12687872, 'trainable_params': 0, 'trainable_pct': 0.0, 'method': 'frozen'}",11.318135023117065,0.7534722222222222,
tl2ef402,v1,,0,,braindecode/bcic2a,frozen,flatten,4,ridge,median_std_clip,completed,"{'total_params': 12687872, 'trainable_params': 0, 'trainable_pct': 0.0, 'method': 'frozen'}",11.644735336303711,0.3773148148148148,
tl2ef402,v1,,0,,braindecode/bcic2020-3,frozen,flatten,4,ridge,median_std_clip,completed,"{'total_params': 12687872, 'trainable_params': 0, 'trainable_pct': 0.0, 'method': 'frozen'}",24.847439527511597,0.276,
tl2ef402,v1,,0,,braindecode/physionet,frozen,flatten,4,ridge,median_std_clip,completed,"{'total_params': 12687872, 'trainable_params': 0, 'trainable_pct': 0.0, 'method': 'frozen'}",27.6804621219635,0.5110287502162988,
tl2ef402,v1,,0,,braindecode/chbmit,frozen,flatten,4,ridge,median_std_clip,completed,"{'total_params': 12687872, 'trainable_params': 0, 'trainable_pct': 0.0, 'method': 'frozen'}",54.34250545501709,0.8830800927118208,
tl2ef402,v1,,0,,braindecode/faced,frozen,flatten,4,ridge,median_std_clip,completed,"{'total_params': 12687872, 'trainable_params': 0, 'trainable_pct': 0.0, 'method': 'frozen'}",50.08692121505737,0.2534628716693934,
tl2ef402,v1,,0,,braindecode/isruc-sleep,frozen,flatten,4,ridge,median_std_clip,completed,"{'total_params': 12687872, 'trainable_params': 0, 'trainable_pct': 0.0, 'method': 'frozen'}",86.73825311660767,0.5668751879887555,
tl2ef402,v1,,0,,braindecode/mdd_mumtaz2016,frozen,flatten,4,ridge,median_std_clip,completed,"{'total_params': 12687872, 'trainable_params': 0, 'trainable_pct': 0.0, 'method': 'frozen'}",15.721967458724976,0.7873036696300424,
tl2ef402,v1,,0,,braindecode/seed-v,frozen,flatten,4,ridge,median_std_clip,completed,"{'total_params': 12687872, 'trainable_params': 0, 'trainable_pct': 0.0, 'method': 'frozen'}",49.06187295913696,0.27563172769960836,
tl2ef402,v1,,0,,braindecode/seed-vig,frozen,flatten,4,ridge,median_std_clip,completed,"{'total_params': 12687872, 'trainable_params': 0, 'trainable_pct': 0.0, 'method': 'frozen'}",24.965601921081543,,-0.32232105886047613
tl2ef402,v1,,0,,braindecode/tuab,frozen,flatten,4,ridge,median_std_clip,completed,"{'total_params': 12687872, 'trainable_params': 0, 'trainable_pct': 0.0, 'method': 'frozen'}",58.26728320121765,0.7247711097620259,
tl2ef402,v1,,0,,braindecode/tuev,frozen,flatten,4,ridge,median_std_clip,completed,"{'total_params': 12687872, 'trainable_params': 0, 'trainable_pct': 0.0, 'method': 'frozen'}",12.543628931045532,0.875087546340997,
tl2ef402,v2,,0,,braindecode/arithmetic_zyma2019,frozen,flatten,0,ridge,median_std_clip,completed,"{'total_params': 12687872, 'trainable_params': 0, 'trainable_pct': 0.0, 'method': 'frozen'}",11.591583728790283,0.7013888888888888,
tl2ef402,v2,,0,,braindecode/bcic2a,frozen,flatten,0,ridge,median_std_clip,completed,"{'total_params': 12687872, 'trainable_params': 0, 'trainable_pct': 0.0, 'method': 'frozen'}",8.684591054916382,0.40625,
tl2ef402,v2,,0,,braindecode/bcic2020-3,frozen,flatten,0,ridge,median_std_clip,completed,"{'total_params': 12687872, 'trainable_params': 0, 'trainable_pct': 0.0, 'method': 'frozen'}",19.448591232299805,0.2733333333333333,
tl2ef402,v2,,0,,braindecode/physionet,frozen,flatten,0,ridge,median_std_clip,completed,"{'total_params': 12687872, 'trainable_params': 0, 'trainable_pct': 0.0, 'method': 'frozen'}",21.21753478050232,0.5268966763645899,
tl2ef402,v2,,0,,braindecode/chbmit,frozen,flatten,0,ridge,median_std_clip,completed,"{'total_params': 12687872, 'trainable_params': 0, 'trainable_pct': 0.0, 'method': 'frozen'}",55.83507966995239,0.8561679114087046,
tl2ef402,v2,,0,,braindecode/faced,frozen,flatten,0,ridge,median_std_clip,completed,"{'total_params': 12687872, 'trainable_params': 0, 'trainable_pct': 0.0, 'method': 'frozen'}",49.98381042480469,0.2703440882788709,
tl2ef402,v2,,0,,braindecode/isruc-sleep,frozen,flatten,0,ridge,median_std_clip,completed,"{'total_params': 12687872, 'trainable_params': 0, 'trainable_pct': 0.0, 'method': 'frozen'}",91.99069094657898,0.621153959202934,
tl2ef402,v2,,0,,braindecode/mdd_mumtaz2016,frozen,flatten,0,ridge,median_std_clip,completed,"{'total_params': 12687872, 'trainable_params': 0, 'trainable_pct': 0.0, 'method': 'frozen'}",14.712944984436035,0.815661015452865,
tl2ef402,v2,,0,,braindecode/seed-v,frozen,flatten,0,ridge,median_std_clip,completed,"{'total_params': 12687872, 'trainable_params': 0, 'trainable_pct': 0.0, 'method': 'frozen'}",51.85511827468872,0.28431710922383596,
tl2ef402,v2,,0,,braindecode/seed-vig,frozen,flatten,0,ridge,median_std_clip,completed,"{'total_params': 12687872, 'trainable_params': 0, 'trainable_pct': 0.0, 'method': 'frozen'}",22.985952615737915,,-0.20518619710852826
tl2ef402,v2,,0,,braindecode/tuab,frozen,flatten,0,ridge,median_std_clip,completed,"{'total_params': 12687872, 'trainable_params': 0, 'trainable_pct': 0.0, 'method': 'frozen'}",54.201014280319214,0.7778353379197254,
tl2ef402,v2,,0,,braindecode/tuev,frozen,flatten,0,ridge,median_std_clip,completed,"{'total_params': 12687872, 'trainable_params': 0, 'trainable_pct': 0.0, 'method': 'frozen'}",13.221457958221436,0.8914943662990265,
tl2ef402,v2,,0,,braindecode/arithmetic_zyma2019,frozen,flatten,1,ridge,median_std_clip,completed,"{'total_params': 12687872, 'trainable_params': 0, 'trainable_pct': 0.0, 'method': 'frozen'}",11.477607488632202,0.7048611111111112,
tl2ef402,v2,,0,,braindecode/bcic2a,frozen,flatten,1,ridge,median_std_clip,completed,"{'total_params': 12687872, 'trainable_params': 0, 'trainable_pct': 0.0, 'method': 'frozen'}",12.707779169082642,0.4033564814814814,
tl2ef402,v2,,0,,braindecode/bcic2020-3,frozen,flatten,1,ridge,median_std_clip,completed,"{'total_params': 12687872, 'trainable_params': 0, 'trainable_pct': 0.0, 'method': 'frozen'}",24.943161010742188,0.2773333333333333,
tl2ef402,v2,,0,,braindecode/physionet,frozen,flatten,1,ridge,median_std_clip,completed,"{'total_params': 12687872, 'trainable_params': 0, 'trainable_pct': 0.0, 'method': 'frozen'}",29.592777252197266,0.5421642987229041,
tl2ef402,v2,,0,,braindecode/chbmit,frozen,flatten,1,ridge,median_std_clip,completed,"{'total_params': 12687872, 'trainable_params': 0, 'trainable_pct': 0.0, 'method': 'frozen'}",54.72643232345581,0.8860846424585801,
tl2ef402,v2,,0,,braindecode/faced,frozen,flatten,1,ridge,median_std_clip,completed,"{'total_params': 12687872, 'trainable_params': 0, 'trainable_pct': 0.0, 'method': 'frozen'}",49.46747350692749,0.28606176432263386,
tl2ef402,v2,,0,,braindecode/isruc-sleep,frozen,flatten,1,ridge,median_std_clip,completed,"{'total_params': 12687872, 'trainable_params': 0, 'trainable_pct': 0.0, 'method': 'frozen'}",87.037602186203,0.6186419028613277,
tl2ef402,v2,,0,,braindecode/mdd_mumtaz2016,frozen,flatten,1,ridge,median_std_clip,completed,"{'total_params': 12687872, 'trainable_params': 0, 'trainable_pct': 0.0, 'method': 'frozen'}",16.30668306350708,0.8471802882198765,
tl2ef402,v2,,0,,braindecode/seed-v,frozen,flatten,1,ridge,median_std_clip,completed,"{'total_params': 12687872, 'trainable_params': 0, 'trainable_pct': 0.0, 'method': 'frozen'}",49.0466730594635,0.28477783623348657,
tl2ef402,v2,,0,,braindecode/seed-vig,frozen,flatten,1,ridge,median_std_clip,completed,"{'total_params': 12687872, 'trainable_params': 0, 'trainable_pct': 0.0, 'method': 'frozen'}",25.769925117492676,,-0.19480709653927897
tl2ef402,v2,,0,,braindecode/tuab,frozen,flatten,1,ridge,median_std_clip,completed,"{'total_params': 12687872, 'trainable_params': 0, 'trainable_pct': 0.0, 'method': 'frozen'}",59.13722515106201,0.7600477606055651,
tl2ef402,v2,,0,,braindecode/tuev,frozen,flatten,1,ridge,median_std_clip,completed,"{'total_params': 12687872, 'trainable_params': 0, 'trainable_pct': 0.0, 'method': 'frozen'}",12.806456327438354,0.8940099107073795,
tl2ef402,v2,,0,,braindecode/arithmetic_zyma2019,frozen,flatten,2,ridge,median_std_clip,completed,"{'total_params': 12687872, 'trainable_params': 0, 'trainable_pct': 0.0, 'method': 'frozen'}",12.297247409820557,0.7013888888888888,
tl2ef402,v2,,0,,braindecode/bcic2a,frozen,flatten,2,ridge,median_std_clip,completed,"{'total_params': 12687872, 'trainable_params': 0, 'trainable_pct': 0.0, 'method': 'frozen'}",12.103554487228394,0.4126157407407407,
tl2ef402,v2,,0,,braindecode/bcic2020-3,frozen,flatten,2,ridge,median_std_clip,completed,"{'total_params': 12687872, 'trainable_params': 0, 'trainable_pct': 0.0, 'method': 'frozen'}",24.594778299331665,0.2506666666666667,
tl2ef402,v2,,0,,braindecode/physionet,frozen,flatten,2,ridge,median_std_clip,completed,"{'total_params': 12687872, 'trainable_params': 0, 'trainable_pct': 0.0, 'method': 'frozen'}",29.190385580062866,0.5251524410192392,
tl2ef402,v2,,0,,braindecode/chbmit,frozen,flatten,2,ridge,median_std_clip,completed,"{'total_params': 12687872, 'trainable_params': 0, 'trainable_pct': 0.0, 'method': 'frozen'}",56.82657551765442,0.8631212979654905,
tl2ef402,v2,,0,,braindecode/faced,frozen,flatten,2,ridge,median_std_clip,completed,"{'total_params': 12687872, 'trainable_params': 0, 'trainable_pct': 0.0, 'method': 'frozen'}",48.90905833244324,0.26564679282070586,
tl2ef402,v2,,0,,braindecode/isruc-sleep,frozen,flatten,2,ridge,median_std_clip,completed,"{'total_params': 12687872, 'trainable_params': 0, 'trainable_pct': 0.0, 'method': 'frozen'}",90.29324436187744,0.6167414946327618,
tl2ef402,v2,,0,,braindecode/mdd_mumtaz2016,frozen,flatten,2,ridge,median_std_clip,completed,"{'total_params': 12687872, 'trainable_params': 0, 'trainable_pct': 0.0, 'method': 'frozen'}",16.24358105659485,0.8444549048539174,
tl2ef402,v2,,0,,braindecode/seed-v,frozen,flatten,2,ridge,median_std_clip,completed,"{'total_params': 12687872, 'trainable_params': 0, 'trainable_pct': 0.0, 'method': 'frozen'}",37.63877081871033,0.28619065925252163,
tl2ef402,v2,,0,,braindecode/seed-vig,frozen,flatten,2,ridge,median_std_clip,completed,"{'total_params': 12687872, 'trainable_params': 0, 'trainable_pct': 0.0, 'method': 'frozen'}",26.77373170852661,,-0.19218522650031278
tl2ef402,v2,,0,,braindecode/tuab,frozen,flatten,2,ridge,median_std_clip,completed,"{'total_params': 12687872, 'trainable_params': 0, 'trainable_pct': 0.0, 'method': 'frozen'}",58.02006912231445,0.7557149753692374,
tl2ef402,v2,,0,,braindecode/tuev,frozen,flatten,2,ridge,median_std_clip,completed,"{'total_params': 12687872, 'trainable_params': 0, 'trainable_pct': 0.0, 'method': 'frozen'}",12.762195587158203,0.9538823960687995,
tl2ef402,v2,,0,,braindecode/arithmetic_zyma2019,frozen,flatten,3,ridge,median_std_clip,completed,"{'total_params': 12687872, 'trainable_params': 0, 'trainable_pct': 0.0, 'method': 'frozen'}",11.77742075920105,0.6875,
tl2ef402,v2,,0,,braindecode/bcic2a,frozen,flatten,3,ridge,median_std_clip,completed,"{'total_params': 12687872, 'trainable_params': 0, 'trainable_pct': 0.0, 'method': 'frozen'}",11.934843063354492,0.39467592592592593,
tl2ef402,v2,,0,,braindecode/bcic2020-3,frozen,flatten,3,ridge,median_std_clip,completed,"{'total_params': 12687872, 'trainable_params': 0, 'trainable_pct': 0.0, 'method': 'frozen'}",25.22877550125122,0.25333333333333335,
tl2ef402,v2,,0,,braindecode/physionet,frozen,flatten,3,ridge,median_std_clip,completed,"{'total_params': 12687872, 'trainable_params': 0, 'trainable_pct': 0.0, 'method': 'frozen'}",28.442936897277832,0.5433006564899503,
tl2ef402,v2,,0,,braindecode/chbmit,frozen,flatten,3,ridge,median_std_clip,completed,"{'total_params': 12687872, 'trainable_params': 0, 'trainable_pct': 0.0, 'method': 'frozen'}",57.5271360874176,0.8631212979654905,
tl2ef402,v2,,0,,braindecode/faced,frozen,flatten,3,ridge,median_std_clip,completed,"{'total_params': 12687872, 'trainable_params': 0, 'trainable_pct': 0.0, 'method': 'frozen'}",50.71971344947815,0.27150069133764787,
tl2ef402,v2,,0,,braindecode/isruc-sleep,frozen,flatten,3,ridge,median_std_clip,completed,"{'total_params': 12687872, 'trainable_params': 0, 'trainable_pct': 0.0, 'method': 'frozen'}",86.72183108329773,0.6193752314967103,
tl2ef402,v2,,0,,braindecode/mdd_mumtaz2016,frozen,flatten,3,ridge,median_std_clip,completed,"{'total_params': 12687872, 'trainable_params': 0, 'trainable_pct': 0.0, 'method': 'frozen'}",15.622092247009277,0.8425803439496713,
tl2ef402,v2,,0,,braindecode/seed-v,frozen,flatten,3,ridge,median_std_clip,completed,"{'total_params': 12687872, 'trainable_params': 0, 'trainable_pct': 0.0, 'method': 'frozen'}",48.980613708496094,0.28828378203296895,
tl2ef402,v2,,0,,braindecode/seed-vig,frozen,flatten,3,ridge,median_std_clip,completed,"{'total_params': 12687872, 'trainable_params': 0, 'trainable_pct': 0.0, 'method': 'frozen'}",25.408299922943115,,-0.18191531538900407
tl2ef402,v2,,0,,braindecode/tuab,frozen,flatten,3,ridge,median_std_clip,completed,"{'total_params': 12687872, 'trainable_params': 0, 'trainable_pct': 0.0, 'method': 'frozen'}",55.07844924926758,0.7605697221954646,
tl2ef402,v2,,0,,braindecode/tuev,frozen,flatten,3,ridge,median_std_clip,completed,"{'total_params': 12687872, 'trainable_params': 0, 'trainable_pct': 0.0, 'method': 'frozen'}",12.506378412246704,0.8991495925899144,
tl2ef402,v2,,0,,braindecode/arithmetic_zyma2019,frozen,flatten,4,ridge,median_std_clip,completed,"{'total_params': 12687872, 'trainable_params': 0, 'trainable_pct': 0.0, 'method': 'frozen'}",11.114935874938965,0.7013888888888888,
tl2ef402,v2,,0,,braindecode/bcic2a,frozen,flatten,4,ridge,median_std_clip,completed,"{'total_params': 12687872, 'trainable_params': 0, 'trainable_pct': 0.0, 'method': 'frozen'}",11.649364948272705,0.40104166666666663,
tl2ef402,v2,,0,,braindecode/bcic2020-3,frozen,flatten,4,ridge,median_std_clip,completed,"{'total_params': 12687872, 'trainable_params': 0, 'trainable_pct': 0.0, 'method': 'frozen'}",24.553934574127197,0.26,
tl2ef402,v2,,0,,braindecode/physionet,frozen,flatten,4,ridge,median_std_clip,completed,"{'total_params': 12687872, 'trainable_params': 0, 'trainable_pct': 0.0, 'method': 'frozen'}",27.161820650100708,0.5189422125277732,
tl2ef402,v2,,0,,braindecode/chbmit,frozen,flatten,4,ridge,median_std_clip,completed,"{'total_params': 12687872, 'trainable_params': 0, 'trainable_pct': 0.0, 'method': 'frozen'}",55.8723578453064,0.8619409391364066,
tl2ef402,v2,,0,,braindecode/faced,frozen,flatten,4,ridge,median_std_clip,completed,"{'total_params': 12687872, 'trainable_params': 0, 'trainable_pct': 0.0, 'method': 'frozen'}",50.35376024246216,0.26707320457320455,
tl2ef402,v2,,0,,braindecode/isruc-sleep,frozen,flatten,4,ridge,median_std_clip,completed,"{'total_params': 12687872, 'trainable_params': 0, 'trainable_pct': 0.0, 'method': 'frozen'}",88.3969247341156,0.6186027772877892,
tl2ef402,v2,,0,,braindecode/mdd_mumtaz2016,frozen,flatten,4,ridge,median_std_clip,completed,"{'total_params': 12687872, 'trainable_params': 0, 'trainable_pct': 0.0, 'method': 'frozen'}",15.91233777999878,0.8313171307283705,
tl2ef402,v2,,0,,braindecode/seed-v,frozen,flatten,4,ridge,median_std_clip,completed,"{'total_params': 12687872, 'trainable_params': 0, 'trainable_pct': 0.0, 'method': 'frozen'}",52.60903549194336,0.2866035755983233,
tl2ef402,v2,,0,,braindecode/seed-vig,frozen,flatten,4,ridge,median_std_clip,completed,"{'total_params': 12687872, 'trainable_params': 0, 'trainable_pct': 0.0, 'method': 'frozen'}",26.207502126693726,,-0.1853074029793793
tl2ef402,v2,,0,,braindecode/tuab,frozen,flatten,4,ridge,median_std_clip,completed,"{'total_params': 12687872, 'trainable_params': 0, 'trainable_pct': 0.0, 'method': 'frozen'}",57.242558002471924,0.7896982031528272,
tl2ef402,v2,,0,,braindecode/tuev,frozen,flatten,4,ridge,median_std_clip,completed,"{'total_params': 12687872, 'trainable_params': 0, 'trainable_pct': 0.0, 'method': 'frozen'}",12.976956844329834,0.8953855173957638,
tl2ef402,v3,,0,,braindecode/arithmetic_zyma2019,frozen,flatten,0,ridge,median_std_clip,completed,"{'total_params': 12687872, 'trainable_params': 0, 'trainable_pct': 0.0, 'method': 'frozen'}",11.637421131134033,0.7256944444444444,
tl2ef402,v3,,0,,braindecode/bcic2a,frozen,flatten,0,ridge,median_std_clip,completed,"{'total_params': 12687872, 'trainable_params': 0, 'trainable_pct': 0.0, 'method': 'frozen'}",9.572069883346558,0.4305555555555556,
tl2ef402,v3,,0,,braindecode/bcic2020-3,frozen,flatten,0,ridge,median_std_clip,completed,"{'total_params': 12687872, 'trainable_params': 0, 'trainable_pct': 0.0, 'method': 'frozen'}",21.303539276123047,0.2693333333333333,
tl2ef402,v3,,0,,braindecode/physionet,frozen,flatten,0,ridge,median_std_clip,completed,"{'total_params': 12687872, 'trainable_params': 0, 'trainable_pct': 0.0, 'method': 'frozen'}",23.606626749038696,0.5319845742313827,
tl2ef402,v3,,0,,braindecode/chbmit,frozen,flatten,0,ridge,median_std_clip,completed,"{'total_params': 12687872, 'trainable_params': 0, 'trainable_pct': 0.0, 'method': 'frozen'}",43.06081485748291,0.8954202077431539,
tl2ef402,v3,,0,,braindecode/faced,frozen,flatten,0,ridge,median_std_clip,completed,"{'total_params': 12687872, 'trainable_params': 0, 'trainable_pct': 0.0, 'method': 'frozen'}",49.13106966018677,0.2779849980936937,
tl2ef402,v3,,0,,braindecode/isruc-sleep,frozen,flatten,0,ridge,median_std_clip,completed,"{'total_params': 12687872, 'trainable_params': 0, 'trainable_pct': 0.0, 'method': 'frozen'}",67.56731271743774,0.6530615835067545,
tl2ef402,v3,,0,,braindecode/mdd_mumtaz2016,frozen,flatten,0,ridge,median_std_clip,completed,"{'total_params': 12687872, 'trainable_params': 0, 'trainable_pct': 0.0, 'method': 'frozen'}",14.769579410552979,0.8356210226164575,
tl2ef402,v3,,0,,braindecode/seed-v,frozen,flatten,0,ridge,median_std_clip,completed,"{'total_params': 12687872, 'trainable_params': 0, 'trainable_pct': 0.0, 'method': 'frozen'}",37.47632884979248,0.29315447541413864,
tl2ef402,v3,,0,,braindecode/seed-vig,frozen,flatten,0,ridge,median_std_clip,completed,"{'total_params': 12687872, 'trainable_params': 0, 'trainable_pct': 0.0, 'method': 'frozen'}",22.670654296875,,-0.22172493738663945
tl2ef402,v3,,0,,braindecode/tuab,frozen,flatten,0,ridge,median_std_clip,completed,"{'total_params': 12687872, 'trainable_params': 0, 'trainable_pct': 0.0, 'method': 'frozen'}",43.74627065658569,0.7676260044400338,
tl2ef402,v3,,0,,braindecode/tuev,frozen,flatten,0,ridge,median_std_clip,completed,"{'total_params': 12687872, 'trainable_params': 0, 'trainable_pct': 0.0, 'method': 'frozen'}",13.657307863235474,0.9021323987075168,
tl2ef402,v3,,0,,braindecode/arithmetic_zyma2019,frozen,flatten,1,ridge,median_std_clip,completed,"{'total_params': 12687872, 'trainable_params': 0, 'trainable_pct': 0.0, 'method': 'frozen'}",11.69071364402771,0.7534722222222222,
tl2ef402,v3,,0,,braindecode/bcic2a,frozen,flatten,1,ridge,median_std_clip,completed,"{'total_params': 12687872, 'trainable_params': 0, 'trainable_pct': 0.0, 'method': 'frozen'}",11.995519876480103,0.4270833333333333,
tl2ef402,v3,,0,,braindecode/bcic2020-3,frozen,flatten,1,ridge,median_std_clip,completed,"{'total_params': 12687872, 'trainable_params': 0, 'trainable_pct': 0.0, 'method': 'frozen'}",24.807151079177856,0.2773333333333333,
tl2ef402,v3,,0,,braindecode/physionet,frozen,flatten,1,ridge,median_std_clip,completed,"{'total_params': 12687872, 'trainable_params': 0, 'trainable_pct': 0.0, 'method': 'frozen'}",29.18760633468628,0.5432878597986628,
tl2ef402,v3,,0,,braindecode/chbmit,frozen,flatten,1,ridge,median_std_clip,completed,"{'total_params': 12687872, 'trainable_params': 0, 'trainable_pct': 0.0, 'method': 'frozen'}",54.07185959815979,0.8731650785475149,
tl2ef402,v3,,0,,braindecode/faced,frozen,flatten,1,ridge,median_std_clip,completed,"{'total_params': 12687872, 'trainable_params': 0, 'trainable_pct': 0.0, 'method': 'frozen'}",49.75691533088684,0.2576885674711762,
tl2ef402,v3,,0,,braindecode/isruc-sleep,frozen,flatten,1,ridge,median_std_clip,completed,"{'total_params': 12687872, 'trainable_params': 0, 'trainable_pct': 0.0, 'method': 'frozen'}",88.33600687980652,0.6529514083945934,
tl2ef402,v3,,0,,braindecode/mdd_mumtaz2016,frozen,flatten,1,ridge,median_std_clip,completed,"{'total_params': 12687872, 'trainable_params': 0, 'trainable_pct': 0.0, 'method': 'frozen'}",16.02467155456543,0.8376483251602134,
tl2ef402,v3,,0,,braindecode/seed-v,frozen,flatten,1,ridge,median_std_clip,completed,"{'total_params': 12687872, 'trainable_params': 0, 'trainable_pct': 0.0, 'method': 'frozen'}",48.632107734680176,0.2910703293897725,
tl2ef402,v3,,0,,braindecode/seed-vig,frozen,flatten,1,ridge,median_std_clip,completed,"{'total_params': 12687872, 'trainable_params': 0, 'trainable_pct': 0.0, 'method': 'frozen'}",26.087458610534668,,-0.20581102821110409
tl2ef402,v3,,0,,braindecode/tuab,frozen,flatten,1,ridge,median_std_clip,completed,"{'total_params': 12687872, 'trainable_params': 0, 'trainable_pct': 0.0, 'method': 'frozen'}",57.57008624076843,0.7636967313555545,
tl2ef402,v3,,0,,braindecode/tuev,frozen,flatten,1,ridge,median_std_clip,completed,"{'total_params': 12687872, 'trainable_params': 0, 'trainable_pct': 0.0, 'method': 'frozen'}",12.82012677192688,0.8965642875833303,
tl2ef402,v3,,0,,braindecode/arithmetic_zyma2019,frozen,flatten,2,ridge,median_std_clip,completed,"{'total_params': 12687872, 'trainable_params': 0, 'trainable_pct': 0.0, 'method': 'frozen'}",12.169003248214722,0.7395833333333334,
tl2ef402,v3,,0,,braindecode/bcic2a,frozen,flatten,2,ridge,median_std_clip,completed,"{'total_params': 12687872, 'trainable_params': 0, 'trainable_pct': 0.0, 'method': 'frozen'}",12.078670978546143,0.4288194444444444,
tl2ef402,v3,,0,,braindecode/bcic2020-3,frozen,flatten,2,ridge,median_std_clip,completed,"{'total_params': 12687872, 'trainable_params': 0, 'trainable_pct': 0.0, 'method': 'frozen'}",24.266886472702026,0.2733333333333333,
tl2ef402,v3,,0,,braindecode/physionet,frozen,flatten,2,ridge,median_std_clip,completed,"{'total_params': 12687872, 'trainable_params': 0, 'trainable_pct': 0.0, 'method': 'frozen'}",29.32890486717224,0.5409985230417917,
tl2ef402,v3,,0,,braindecode/chbmit,frozen,flatten,2,ridge,median_std_clip,completed,"{'total_params': 12687872, 'trainable_params': 0, 'trainable_pct': 0.0, 'method': 'frozen'}",54.0590283870697,0.9120525366984291,
tl2ef402,v3,,0,,braindecode/faced,frozen,flatten,2,ridge,median_std_clip,completed,"{'total_params': 12687872, 'trainable_params': 0, 'trainable_pct': 0.0, 'method': 'frozen'}",49.131654262542725,0.27014742503872935,
tl2ef402,v3,,0,,braindecode/isruc-sleep,frozen,flatten,2,ridge,median_std_clip,completed,"{'total_params': 12687872, 'trainable_params': 0, 'trainable_pct': 0.0, 'method': 'frozen'}",91.19090986251831,0.6600562830972854,
tl2ef402,v3,,0,,braindecode/mdd_mumtaz2016,frozen,flatten,2,ridge,median_std_clip,completed,"{'total_params': 12687872, 'trainable_params': 0, 'trainable_pct': 0.0, 'method': 'frozen'}",16.08213210105896,0.8385053700693667,
tl2ef402,v3,,0,,braindecode/seed-v,frozen,flatten,2,ridge,median_std_clip,completed,"{'total_params': 12687872, 'trainable_params': 0, 'trainable_pct': 0.0, 'method': 'frozen'}",37.63168120384216,0.29372683513248055,
tl2ef402,v3,,0,,braindecode/seed-vig,frozen,flatten,2,ridge,median_std_clip,completed,"{'total_params': 12687872, 'trainable_params': 0, 'trainable_pct': 0.0, 'method': 'frozen'}",27.13293957710266,,-0.21358323999717577
tl2ef402,v3,,0,,braindecode/tuab,frozen,flatten,2,ridge,median_std_clip,completed,"{'total_params': 12687872, 'trainable_params': 0, 'trainable_pct': 0.0, 'method': 'frozen'}",56.20134949684143,0.7930968339557296,
tl2ef402,v3,,0,,braindecode/tuev,frozen,flatten,2,ridge,median_std_clip,completed,"{'total_params': 12687872, 'trainable_params': 0, 'trainable_pct': 0.0, 'method': 'frozen'}",12.720739841461182,0.9006134545284409,
tl2ef402,v3,,0,,braindecode/arithmetic_zyma2019,frozen,flatten,3,ridge,median_std_clip,completed,"{'total_params': 12687872, 'trainable_params': 0, 'trainable_pct': 0.0, 'method': 'frozen'}",11.17762804031372,0.7256944444444444,
tl2ef402,v3,,0,,braindecode/bcic2a,frozen,flatten,3,ridge,median_std_clip,completed,"{'total_params': 12687872, 'trainable_params': 0, 'trainable_pct': 0.0, 'method': 'frozen'}",11.795628547668457,0.43460648148148145,
tl2ef402,v3,,0,,braindecode/bcic2020-3,frozen,flatten,3,ridge,median_std_clip,completed,"{'total_params': 12687872, 'trainable_params': 0, 'trainable_pct': 0.0, 'method': 'frozen'}",25.333627700805664,0.2626666666666667,
tl2ef402,v3,,0,,braindecode/physionet,frozen,flatten,3,ridge,median_std_clip,completed,"{'total_params': 12687872, 'trainable_params': 0, 'trainable_pct': 0.0, 'method': 'frozen'}",27.59162402153015,0.5404661719986947,
tl2ef402,v3,,0,,braindecode/chbmit,frozen,flatten,3,ridge,median_std_clip,completed,"{'total_params': 12687872, 'trainable_params': 0, 'trainable_pct': 0.0, 'method': 'frozen'}",53.61441493034363,0.9120525366984291,
tl2ef402,v3,,0,,braindecode/faced,frozen,flatten,3,ridge,median_std_clip,completed,"{'total_params': 12687872, 'trainable_params': 0, 'trainable_pct': 0.0, 'method': 'frozen'}",50.30482721328735,0.2560980685980686,
tl2ef402,v3,,0,,braindecode/isruc-sleep,frozen,flatten,3,ridge,median_std_clip,completed,"{'total_params': 12687872, 'trainable_params': 0, 'trainable_pct': 0.0, 'method': 'frozen'}",86.3703031539917,0.6507689197168236,
tl2ef402,v3,,0,,braindecode/mdd_mumtaz2016,frozen,flatten,3,ridge,median_std_clip,completed,"{'total_params': 12687872, 'trainable_params': 0, 'trainable_pct': 0.0, 'method': 'frozen'}",18.835716247558594,0.8357862091508479,
tl2ef402,v3,,0,,braindecode/seed-v,frozen,flatten,3,ridge,median_std_clip,completed,"{'total_params': 12687872, 'trainable_params': 0, 'trainable_pct': 0.0, 'method': 'frozen'}",48.763954639434814,0.2959951161574299,
tl2ef402,v3,,0,,braindecode/seed-vig,frozen,flatten,3,ridge,median_std_clip,completed,"{'total_params': 12687872, 'trainable_params': 0, 'trainable_pct': 0.0, 'method': 'frozen'}",24.98784041404724,,-0.2013386379055475
tl2ef402,v3,,0,,braindecode/tuab,frozen,flatten,3,ridge,median_std_clip,completed,"{'total_params': 12687872, 'trainable_params': 0, 'trainable_pct': 0.0, 'method': 'frozen'}",57.1282274723053,0.7705161147240212,
tl2ef402,v3,,0,,braindecode/tuev,frozen,flatten,3,ridge,median_std_clip,completed,"{'total_params': 12687872, 'trainable_params': 0, 'trainable_pct': 0.0, 'method': 'frozen'}",12.583446979522705,0.900180275595519,
tl2ef402,v3,,0,,braindecode/arithmetic_zyma2019,frozen,flatten,4,ridge,median_std_clip,completed,"{'total_params': 12687872, 'trainable_params': 0, 'trainable_pct': 0.0, 'method': 'frozen'}",11.861415386199951,0.71875,
tl2ef402,v3,,0,,braindecode/bcic2a,frozen,flatten,4,ridge,median_std_clip,completed,"{'total_params': 12687872, 'trainable_params': 0, 'trainable_pct': 0.0, 'method': 'frozen'}",12.113579988479614,0.4050925925925926,
tl2ef402,v3,,0,,braindecode/bcic2020-3,frozen,flatten,4,ridge,median_std_clip,completed,"{'total_params': 12687872, 'trainable_params': 0, 'trainable_pct': 0.0, 'method': 'frozen'}",25.71878409385681,0.2786666666666667,
tl2ef402,v3,,0,,braindecode/physionet,frozen,flatten,4,ridge,median_std_clip,completed,"{'total_params': 12687872, 'trainable_params': 0, 'trainable_pct': 0.0, 'method': 'frozen'}",28.765080213546753,0.5319525506561946,
tl2ef402,v3,,0,,braindecode/chbmit,frozen,flatten,4,ridge,median_std_clip,completed,"{'total_params': 12687872, 'trainable_params': 0, 'trainable_pct': 0.0, 'method': 'frozen'}",56.575958490371704,0.882479182762469,
tl2ef402,v3,,0,,braindecode/faced,frozen,flatten,4,ridge,median_std_clip,completed,"{'total_params': 12687872, 'trainable_params': 0, 'trainable_pct': 0.0, 'method': 'frozen'}",51.56329083442688,0.282100900307422,
tl2ef402,v3,,0,,braindecode/isruc-sleep,frozen,flatten,4,ridge,median_std_clip,completed,"{'total_params': 12687872, 'trainable_params': 0, 'trainable_pct': 0.0, 'method': 'frozen'}",88.13362741470337,0.6585667291469616,
tl2ef402,v3,,0,,braindecode/mdd_mumtaz2016,frozen,flatten,4,ridge,median_std_clip,completed,"{'total_params': 12687872, 'trainable_params': 0, 'trainable_pct': 0.0, 'method': 'frozen'}",16.24362277984619,0.8349353866891349,
tl2ef402,v3,,0,,braindecode/seed-v,frozen,flatten,4,ridge,median_std_clip,completed,"{'total_params': 12687872, 'trainable_params': 0, 'trainable_pct': 0.0, 'method': 'frozen'}",53.01322102546692,0.29687815166252196,
tl2ef402,v3,,0,,braindecode/seed-vig,frozen,flatten,4,ridge,median_std_clip,completed,"{'total_params': 12687872, 'trainable_params': 0, 'trainable_pct': 0.0, 'method': 'frozen'}",26.012049198150635,,-0.20045076381374294
tl2ef402,v3,,0,,braindecode/tuab,frozen,flatten,4,ridge,median_std_clip,completed,"{'total_params': 12687872, 'trainable_params': 0, 'trainable_pct': 0.0, 'method': 'frozen'}",57.083359241485596,0.7936977618376633,
tl2ef402,v3,,0,,braindecode/tuev,frozen,flatten,4,ridge,median_std_clip,completed,"{'total_params': 12687872, 'trainable_params': 0, 'trainable_pct': 0.0, 'method': 'frozen'}",13.163708686828613,0.9512998164240387,
tl2ef402,v4,,0,,braindecode/arithmetic_zyma2019,frozen,flatten,0,ridge,median_std_clip,completed,"{'total_params': 12687872, 'trainable_params': 0, 'trainable_pct': 0.0, 'method': 'frozen'}",11.615421533584595,0.7152777777777778,
tl2ef402,v4,,0,,braindecode/bcic2a,frozen,flatten,0,ridge,median_std_clip,completed,"{'total_params': 12687872, 'trainable_params': 0, 'trainable_pct': 0.0, 'method': 'frozen'}",8.677597284317017,0.4537037037037037,
tl2ef402,v4,,0,,braindecode/bcic2020-3,frozen,flatten,0,ridge,median_std_clip,completed,"{'total_params': 12687872, 'trainable_params': 0, 'trainable_pct': 0.0, 'method': 'frozen'}",19.4521427154541,0.26,
tl2ef402,v4,,0,,braindecode/physionet,frozen,flatten,0,ridge,median_std_clip,completed,"{'total_params': 12687872, 'trainable_params': 0, 'trainable_pct': 0.0, 'method': 'frozen'}",21.20525336265564,0.5291398639678132,
tl2ef402,v4,,0,,braindecode/chbmit,frozen,flatten,0,ridge,median_std_clip,completed,"{'total_params': 12687872, 'trainable_params': 0, 'trainable_pct': 0.0, 'method': 'frozen'}",61.153478145599365,0.9004206369645463,
tl2ef402,v4,,0,,braindecode/faced,frozen,flatten,0,ridge,median_std_clip,completed,"{'total_params': 12687872, 'trainable_params': 0, 'trainable_pct': 0.0, 'method': 'frozen'}",49.72901010513306,0.279336605423562,
tl2ef402,v4,,0,,braindecode/isruc-sleep,frozen,flatten,0,ridge,median_std_clip,completed,"{'total_params': 12687872, 'trainable_params': 0, 'trainable_pct': 0.0, 'method': 'frozen'}",88.53329634666443,0.6727331762507763,
tl2ef402,v4,,0,,braindecode/mdd_mumtaz2016,frozen,flatten,0,ridge,median_std_clip,completed,"{'total_params': 12687872, 'trainable_params': 0, 'trainable_pct': 0.0, 'method': 'frozen'}",14.69687557220459,0.8420566861072778,
tl2ef402,v4,,0,,braindecode/seed-v,frozen,flatten,0,ridge,median_std_clip,completed,"{'total_params': 12687872, 'trainable_params': 0, 'trainable_pct': 0.0, 'method': 'frozen'}",48.377646923065186,0.3000670482685149,
tl2ef402,v4,,0,,braindecode/seed-vig,frozen,flatten,0,ridge,median_std_clip,completed,"{'total_params': 12687872, 'trainable_params': 0, 'trainable_pct': 0.0, 'method': 'frozen'}",22.95759081840515,,-0.23516958385376663
tl2ef402,v4,,0,,braindecode/tuab,frozen,flatten,0,ridge,median_std_clip,completed,"{'total_params': 12687872, 'trainable_params': 0, 'trainable_pct': 0.0, 'method': 'frozen'}",54.966760873794556,0.8044685400532714,
tl2ef402,v4,,0,,braindecode/tuev,frozen,flatten,0,ridge,median_std_clip,completed,"{'total_params': 12687872, 'trainable_params': 0, 'trainable_pct': 0.0, 'method': 'frozen'}",12.73165488243103,0.9522585057676061,
tl2ef402,v4,,0,,braindecode/arithmetic_zyma2019,frozen,flatten,1,ridge,median_std_clip,completed,"{'total_params': 12687872, 'trainable_params': 0, 'trainable_pct': 0.0, 'method': 'frozen'}",11.558987617492676,0.71875,
tl2ef402,v4,,0,,braindecode/bcic2a,frozen,flatten,1,ridge,median_std_clip,completed,"{'total_params': 12687872, 'trainable_params': 0, 'trainable_pct': 0.0, 'method': 'frozen'}",12.266160011291504,0.4438657407407408,
tl2ef402,v4,,0,,braindecode/bcic2020-3,frozen,flatten,1,ridge,median_std_clip,completed,"{'total_params': 12687872, 'trainable_params': 0, 'trainable_pct': 0.0, 'method': 'frozen'}",25.24707293510437,0.2866666666666667,
tl2ef402,v4,,0,,braindecode/physionet,frozen,flatten,1,ridge,median_std_clip,completed,"{'total_params': 12687872, 'trainable_params': 0, 'trainable_pct': 0.0, 'method': 'frozen'}",29.468451976776123,0.5461095418082728,
tl2ef402,v4,,0,,braindecode/chbmit,frozen,flatten,1,ridge,median_std_clip,completed,"{'total_params': 12687872, 'trainable_params': 0, 'trainable_pct': 0.0, 'method': 'frozen'}",53.472222089767456,0.8990042063696455,
tl2ef402,v4,,0,,braindecode/faced,frozen,flatten,1,ridge,median_std_clip,completed,"{'total_params': 12687872, 'trainable_params': 0, 'trainable_pct': 0.0, 'method': 'frozen'}",50.81833791732788,0.28657574309748224,
tl2ef402,v4,,0,,braindecode/isruc-sleep,frozen,flatten,1,ridge,median_std_clip,completed,"{'total_params': 12687872, 'trainable_params': 0, 'trainable_pct': 0.0, 'method': 'frozen'}",85.67106223106384,0.6626722426570257,
tl2ef402,v4,,0,,braindecode/mdd_mumtaz2016,frozen,flatten,1,ridge,median_std_clip,completed,"{'total_params': 12687872, 'trainable_params': 0, 'trainable_pct': 0.0, 'method': 'frozen'}",17.261280059814453,0.8443909789290429,
tl2ef402,v4,,0,,braindecode/seed-v,frozen,flatten,1,ridge,median_std_clip,completed,"{'total_params': 12687872, 'trainable_params': 0, 'trainable_pct': 0.0, 'method': 'frozen'}",50.08080697059631,0.29965789672558757,
tl2ef402,v4,,0,,braindecode/seed-vig,frozen,flatten,1,ridge,median_std_clip,completed,"{'total_params': 12687872, 'trainable_params': 0, 'trainable_pct': 0.0, 'method': 'frozen'}",25.618773698806763,,-0.22996601150984497
tl2ef402,v4,,0,,braindecode/tuab,frozen,flatten,1,ridge,median_std_clip,completed,"{'total_params': 12687872, 'trainable_params': 0, 'trainable_pct': 0.0, 'method': 'frozen'}",56.29902410507202,0.7709196268758695,
tl2ef402,v4,,0,,braindecode/tuev,frozen,flatten,1,ridge,median_std_clip,completed,"{'total_params': 12687872, 'trainable_params': 0, 'trainable_pct': 0.0, 'method': 'frozen'}",12.921147584915161,0.905591745367397,
tl2ef402,v4,,0,,braindecode/arithmetic_zyma2019,frozen,flatten,2,ridge,median_std_clip,completed,"{'total_params': 12687872, 'trainable_params': 0, 'trainable_pct': 0.0, 'method': 'frozen'}",12.580871105194092,0.7465277777777778,
tl2ef402,v4,,0,,braindecode/bcic2a,frozen,flatten,2,ridge,median_std_clip,completed,"{'total_params': 12687872, 'trainable_params': 0, 'trainable_pct': 0.0, 'method': 'frozen'}",12.089666843414307,0.42824074074074076,
tl2ef402,v4,,0,,braindecode/bcic2020-3,frozen,flatten,2,ridge,median_std_clip,completed,"{'total_params': 12687872, 'trainable_params': 0, 'trainable_pct': 0.0, 'method': 'frozen'}",24.701453685760498,0.2786666666666667,
tl2ef402,v4,,0,,braindecode/physionet,frozen,flatten,2,ridge,median_std_clip,completed,"{'total_params': 12687872, 'trainable_params': 0, 'trainable_pct': 0.0, 'method': 'frozen'}",29.346837043762207,0.5444114035033473,
tl2ef402,v4,,0,,braindecode/chbmit,frozen,flatten,2,ridge,median_std_clip,completed,"{'total_params': 12687872, 'trainable_params': 0, 'trainable_pct': 0.0, 'method': 'frozen'}",54.0314507484436,0.9255086273499871,
tl2ef402,v4,,0,,braindecode/faced,frozen,flatten,2,ridge,median_std_clip,completed,"{'total_params': 12687872, 'trainable_params': 0, 'trainable_pct': 0.0, 'method': 'frozen'}",49.10663342475891,0.2836105621431708,
tl2ef402,v4,,0,,braindecode/isruc-sleep,frozen,flatten,2,ridge,median_std_clip,completed,"{'total_params': 12687872, 'trainable_params': 0, 'trainable_pct': 0.0, 'method': 'frozen'}",87.68711566925049,0.6723638747030444,
tl2ef402,v4,,0,,braindecode/mdd_mumtaz2016,frozen,flatten,2,ridge,median_std_clip,completed,"{'total_params': 12687872, 'trainable_params': 0, 'trainable_pct': 0.0, 'method': 'frozen'}",16.097906827926636,0.8417076456961762,
tl2ef402,v4,,0,,braindecode/seed-v,frozen,flatten,2,ridge,median_std_clip,completed,"{'total_params': 12687872, 'trainable_params': 0, 'trainable_pct': 0.0, 'method': 'frozen'}",37.558443546295166,0.30263542932354365,
tl2ef402,v4,,0,,braindecode/seed-vig,frozen,flatten,2,ridge,median_std_clip,completed,"{'total_params': 12687872, 'trainable_params': 0, 'trainable_pct': 0.0, 'method': 'frozen'}",26.970266580581665,,-0.23152322377734458
tl2ef402,v4,,0,,braindecode/tuab,frozen,flatten,2,ridge,median_std_clip,completed,"{'total_params': 12687872, 'trainable_params': 0, 'trainable_pct': 0.0, 'method': 'frozen'}",55.72071051597595,0.7994250581886364,
tl2ef402,v4,,0,,braindecode/tuev,frozen,flatten,2,ridge,median_std_clip,completed,"{'total_params': 12687872, 'trainable_params': 0, 'trainable_pct': 0.0, 'method': 'frozen'}",12.931002855300903,0.902876197997379,
tl2ef402,v4,,0,,braindecode/arithmetic_zyma2019,frozen,flatten,3,ridge,median_std_clip,completed,"{'total_params': 12687872, 'trainable_params': 0, 'trainable_pct': 0.0, 'method': 'frozen'}",11.059930324554443,0.6979166666666666,
tl2ef402,v4,,0,,braindecode/bcic2a,frozen,flatten,3,ridge,median_std_clip,completed,"{'total_params': 12687872, 'trainable_params': 0, 'trainable_pct': 0.0, 'method': 'frozen'}",11.862905025482178,0.44560185185185186,
tl2ef402,v4,,0,,braindecode/bcic2020-3,frozen,flatten,3,ridge,median_std_clip,completed,"{'total_params': 12687872, 'trainable_params': 0, 'trainable_pct': 0.0, 'method': 'frozen'}",24.78992509841919,0.2693333333333333,
tl2ef402,v4,,0,,braindecode/physionet,frozen,flatten,3,ridge,median_std_clip,completed,"{'total_params': 12687872, 'trainable_params': 0, 'trainable_pct': 0.0, 'method': 'frozen'}",27.06000590324402,0.5529096861873765,
tl2ef402,v4,,0,,braindecode/chbmit,frozen,flatten,3,ridge,median_std_clip,completed,"{'total_params': 12687872, 'trainable_params': 0, 'trainable_pct': 0.0, 'method': 'frozen'}",55.922837018966675,0.9214954073311014,
tl2ef402,v4,,0,,braindecode/faced,frozen,flatten,3,ridge,median_std_clip,completed,"{'total_params': 12687872, 'trainable_params': 0, 'trainable_pct': 0.0, 'method': 'frozen'}",50.28817296028137,0.2792102221450048,
tl2ef402,v4,,0,,braindecode/isruc-sleep,frozen,flatten,3,ridge,median_std_clip,completed,"{'total_params': 12687872, 'trainable_params': 0, 'trainable_pct': 0.0, 'method': 'frozen'}",88.57681846618652,0.6695316055164794,
tl2ef402,v4,,0,,braindecode/mdd_mumtaz2016,frozen,flatten,3,ridge,median_std_clip,completed,"{'total_params': 12687872, 'trainable_params': 0, 'trainable_pct': 0.0, 'method': 'frozen'}",15.947896957397461,0.8481744214241977,
tl2ef402,v4,,0,,braindecode/seed-v,frozen,flatten,3,ridge,median_std_clip,completed,"{'total_params': 12687872, 'trainable_params': 0, 'trainable_pct': 0.0, 'method': 'frozen'}",52.247451305389404,0.30233997993711875,
tl2ef402,v4,,0,,braindecode/seed-vig,frozen,flatten,3,ridge,median_std_clip,completed,"{'total_params': 12687872, 'trainable_params': 0, 'trainable_pct': 0.0, 'method': 'frozen'}",26.113795518875122,,-0.22924210757497132
tl2ef402,v4,,0,,braindecode/tuab,frozen,flatten,3,ridge,median_std_clip,completed,"{'total_params': 12687872, 'trainable_params': 0, 'trainable_pct': 0.0, 'method': 'frozen'}",57.0058171749115,0.8010564681793846,
tl2ef402,v4,,0,,braindecode/tuev,frozen,flatten,3,ridge,median_std_clip,completed,"{'total_params': 12687872, 'trainable_params': 0, 'trainable_pct': 0.0, 'method': 'frozen'}",13.236098289489746,0.9064594540989993,
tl2ef402,v4,,0,,braindecode/arithmetic_zyma2019,frozen,flatten,4,ridge,median_std_clip,completed,"{'total_params': 12687872, 'trainable_params': 0, 'trainable_pct': 0.0, 'method': 'frozen'}",12.070643663406372,0.7430555555555556,
tl2ef402,v4,,0,,braindecode/bcic2a,frozen,flatten,4,ridge,median_std_clip,completed,"{'total_params': 12687872, 'trainable_params': 0, 'trainable_pct': 0.0, 'method': 'frozen'}",11.954771518707275,0.4444444444444445,
tl2ef402,v4,,0,,braindecode/bcic2020-3,frozen,flatten,4,ridge,median_std_clip,completed,"{'total_params': 12687872, 'trainable_params': 0, 'trainable_pct': 0.0, 'method': 'frozen'}",25.32141900062561,0.26399999999999996,
tl2ef402,v4,,0,,braindecode/physionet,frozen,flatten,4,ridge,median_std_clip,completed,"{'total_params': 12687872, 'trainable_params': 0, 'trainable_pct': 0.0, 'method': 'frozen'}",28.272992372512817,0.5460954509719614,
tl2ef402,v4,,0,,braindecode/chbmit,frozen,flatten,4,ridge,median_std_clip,completed,"{'total_params': 12687872, 'trainable_params': 0, 'trainable_pct': 0.0, 'method': 'frozen'}",56.95136046409607,0.8985320628380118,
tl2ef402,v4,,0,,braindecode/faced,frozen,flatten,4,ridge,median_std_clip,completed,"{'total_params': 12687872, 'trainable_params': 0, 'trainable_pct': 0.0, 'method': 'frozen'}",50.452195167541504,0.2867134375286549,
tl2ef402,v4,,0,,braindecode/isruc-sleep,frozen,flatten,4,ridge,median_std_clip,completed,"{'total_params': 12687872, 'trainable_params': 0, 'trainable_pct': 0.0, 'method': 'frozen'}",86.47434377670288,0.6779950350264433,
tl2ef402,v4,,0,,braindecode/mdd_mumtaz2016,frozen,flatten,4,ridge,median_std_clip,completed,"{'total_params': 12687872, 'trainable_params': 0, 'trainable_pct': 0.0, 'method': 'frozen'}",15.65397024154663,0.840998626978082,
tl2ef402,v4,,0,,braindecode/seed-v,frozen,flatten,4,ridge,median_std_clip,completed,"{'total_params': 12687872, 'trainable_params': 0, 'trainable_pct': 0.0, 'method': 'frozen'}",49.052785873413086,0.3061394192615264,
tl2ef402,v4,,0,,braindecode/seed-vig,frozen,flatten,4,ridge,median_std_clip,completed,"{'total_params': 12687872, 'trainable_params': 0, 'trainable_pct': 0.0, 'method': 'frozen'}",24.815961122512817,,-0.21821507301977805
tl2ef402,v4,,0,,braindecode/tuab,frozen,flatten,4,ridge,median_std_clip,completed,"{'total_params': 12687872, 'trainable_params': 0, 'trainable_pct': 0.0, 'method': 'frozen'}",54.83166551589966,0.8022843660182843,
tl2ef402,v4,,0,,braindecode/tuev,frozen,flatten,4,ridge,median_std_clip,completed,"{'total_params': 12687872, 'trainable_params': 0, 'trainable_pct': 0.0, 'method': 'frozen'}",12.467108011245728,0.9027326399571756,
tl2ef402,v5,,0,,braindecode/arithmetic_zyma2019,frozen,flatten,0,ridge,median_std_clip,completed,"{'total_params': 12687872, 'trainable_params': 0, 'trainable_pct': 0.0, 'method': 'frozen'}",11.60199499130249,0.7465277777777777,
tl2ef402,v5,,0,,braindecode/bcic2a,frozen,flatten,0,ridge,median_std_clip,completed,"{'total_params': 12687872, 'trainable_params': 0, 'trainable_pct': 0.0, 'method': 'frozen'}",9.19939374923706,0.4525462962962963,
tl2ef402,v5,,0,,braindecode/bcic2020-3,frozen,flatten,0,ridge,median_std_clip,completed,"{'total_params': 12687872, 'trainable_params': 0, 'trainable_pct': 0.0, 'method': 'frozen'}",21.46325445175171,0.2586666666666667,
tl2ef402,v5,,0,,braindecode/physionet,frozen,flatten,0,ridge,median_std_clip,completed,"{'total_params': 12687872, 'trainable_params': 0, 'trainable_pct': 0.0, 'method': 'frozen'}",23.87372612953186,0.5313920758440553,
tl2ef402,v5,,0,,braindecode/chbmit,frozen,flatten,0,ridge,median_std_clip,completed,"{'total_params': 12687872, 'trainable_params': 0, 'trainable_pct': 0.0, 'method': 'frozen'}",54.60725712776184,0.9093913640655851,
tl2ef402,v5,,0,,braindecode/faced,frozen,flatten,0,ridge,median_std_clip,completed,"{'total_params': 12687872, 'trainable_params': 0, 'trainable_pct': 0.0, 'method': 'frozen'}",49.415350914001465,0.28821420125767955,
tl2ef402,v5,,0,,braindecode/isruc-sleep,frozen,flatten,0,ridge,median_std_clip,completed,"{'total_params': 12687872, 'trainable_params': 0, 'trainable_pct': 0.0, 'method': 'frozen'}",88.8752543926239,0.6857890071608939,
tl2ef402,v5,,0,,braindecode/mdd_mumtaz2016,frozen,flatten,0,ridge,median_std_clip,completed,"{'total_params': 12687872, 'trainable_params': 0, 'trainable_pct': 0.0, 'method': 'frozen'}",14.709021091461182,0.8472223383529687,
tl2ef402,v5,,0,,braindecode/seed-v,frozen,flatten,0,ridge,median_std_clip,completed,"{'total_params': 12687872, 'trainable_params': 0, 'trainable_pct': 0.0, 'method': 'frozen'}",38.50045394897461,0.30426905273809,
tl2ef402,v5,,0,,braindecode/seed-vig,frozen,flatten,0,ridge,median_std_clip,completed,"{'total_params': 12687872, 'trainable_params': 0, 'trainable_pct': 0.0, 'method': 'frozen'}",22.687848806381226,,-0.24008295578683336
tl2ef402,v5,,0,,braindecode/tuab,frozen,flatten,0,ridge,median_std_clip,completed,"{'total_params': 12687872, 'trainable_params': 0, 'trainable_pct': 0.0, 'method': 'frozen'}",53.76417779922485,0.8076129105967164,
tl2ef402,v5,,0,,braindecode/tuev,frozen,flatten,0,ridge,median_std_clip,completed,"{'total_params': 12687872, 'trainable_params': 0, 'trainable_pct': 0.0, 'method': 'frozen'}",12.632827758789062,0.9509675467694931,
tl2ef402,v5,,0,,braindecode/arithmetic_zyma2019,frozen,flatten,1,ridge,median_std_clip,completed,"{'total_params': 12687872, 'trainable_params': 0, 'trainable_pct': 0.0, 'method': 'frozen'}",11.934715986251831,0.7222222222222222,
tl2ef402,v5,,0,,braindecode/bcic2a,frozen,flatten,1,ridge,median_std_clip,completed,"{'total_params': 12687872, 'trainable_params': 0, 'trainable_pct': 0.0, 'method': 'frozen'}",12.161925315856934,0.4594907407407407,
tl2ef402,v5,,0,,braindecode/bcic2020-3,frozen,flatten,1,ridge,median_std_clip,completed,"{'total_params': 12687872, 'trainable_params': 0, 'trainable_pct': 0.0, 'method': 'frozen'}",25.24824094772339,0.28666666666666674,
tl2ef402,v5,,0,,braindecode/physionet,frozen,flatten,1,ridge,median_std_clip,completed,"{'total_params': 12687872, 'trainable_params': 0, 'trainable_pct': 0.0, 'method': 'frozen'}",29.024490356445312,0.5376253210087647,
tl2ef402,v5,,0,,braindecode/chbmit,frozen,flatten,1,ridge,median_std_clip,completed,"{'total_params': 12687872, 'trainable_params': 0, 'trainable_pct': 0.0, 'method': 'frozen'}",53.00468683242798,0.9063224311099665,
tl2ef402,v5,,0,,braindecode/faced,frozen,flatten,1,ridge,median_std_clip,completed,"{'total_params': 12687872, 'trainable_params': 0, 'trainable_pct': 0.0, 'method': 'frozen'}",50.6451051235199,0.29345880568706656,
tl2ef402,v5,,0,,braindecode/isruc-sleep,frozen,flatten,1,ridge,median_std_clip,completed,"{'total_params': 12687872, 'trainable_params': 0, 'trainable_pct': 0.0, 'method': 'frozen'}",85.67057538032532,0.6793684638193451,
tl2ef402,v5,,0,,braindecode/mdd_mumtaz2016,frozen,flatten,1,ridge,median_std_clip,completed,"{'total_params': 12687872, 'trainable_params': 0, 'trainable_pct': 0.0, 'method': 'frozen'}",16.32934832572937,0.8442601130813152,
tl2ef402,v5,,0,,braindecode/seed-v,frozen,flatten,1,ridge,median_std_clip,completed,"{'total_params': 12687872, 'trainable_params': 0, 'trainable_pct': 0.0, 'method': 'frozen'}",49.510186433792114,0.2999736709838257,
tl2ef402,v5,,0,,braindecode/seed-vig,frozen,flatten,1,ridge,median_std_clip,completed,"{'total_params': 12687872, 'trainable_params': 0, 'trainable_pct': 0.0, 'method': 'frozen'}",25.857584238052368,,-0.25020083863728804
tl2ef402,v5,,0,,braindecode/tuab,frozen,flatten,1,ridge,median_std_clip,completed,"{'total_params': 12687872, 'trainable_params': 0, 'trainable_pct': 0.0, 'method': 'frozen'}",55.45526099205017,0.8018942949374206,
tl2ef402,v5,,0,,braindecode/tuev,frozen,flatten,1,ridge,median_std_clip,completed,"{'total_params': 12687872, 'trainable_params': 0, 'trainable_pct': 0.0, 'method': 'frozen'}",12.813918828964233,0.9548830843408114,
tl2ef402,v5,,0,,braindecode/arithmetic_zyma2019,frozen,flatten,2,ridge,median_std_clip,completed,"{'total_params': 12687872, 'trainable_params': 0, 'trainable_pct': 0.0, 'method': 'frozen'}",12.282079219818115,0.7152777777777777,
tl2ef402,v5,,0,,braindecode/bcic2a,frozen,flatten,2,ridge,median_std_clip,completed,"{'total_params': 12687872, 'trainable_params': 0, 'trainable_pct': 0.0, 'method': 'frozen'}",12.066750049591064,0.45949074074074076,
tl2ef402,v5,,0,,braindecode/bcic2020-3,frozen,flatten,2,ridge,median_std_clip,completed,"{'total_params': 12687872, 'trainable_params': 0, 'trainable_pct': 0.0, 'method': 'frozen'}",24.21690821647644,0.2853333333333333,
tl2ef402,v5,,0,,braindecode/physionet,frozen,flatten,2,ridge,median_std_clip,completed,"{'total_params': 12687872, 'trainable_params': 0, 'trainable_pct': 0.0, 'method': 'frozen'}",29.32109761238098,0.5370533089082133,
tl2ef402,v5,,0,,braindecode/chbmit,frozen,flatten,2,ridge,median_std_clip,completed,"{'total_params': 12687872, 'trainable_params': 0, 'trainable_pct': 0.0, 'method': 'frozen'}",53.19104599952698,0.9328268520903082,
tl2ef402,v5,,0,,braindecode/faced,frozen,flatten,2,ridge,median_std_clip,completed,"{'total_params': 12687872, 'trainable_params': 0, 'trainable_pct': 0.0, 'method': 'frozen'}",49.03245806694031,0.28420100430969997,
tl2ef402,v5,,0,,braindecode/isruc-sleep,frozen,flatten,2,ridge,median_std_clip,completed,"{'total_params': 12687872, 'trainable_params': 0, 'trainable_pct': 0.0, 'method': 'frozen'}",89.07316756248474,0.6860797618272532,
tl2ef402,v5,,0,,braindecode/mdd_mumtaz2016,frozen,flatten,2,ridge,median_std_clip,completed,"{'total_params': 12687872, 'trainable_params': 0, 'trainable_pct': 0.0, 'method': 'frozen'}",16.184160232543945,0.8461627722247835,
tl2ef402,v5,,0,,braindecode/seed-v,frozen,flatten,2,ridge,median_std_clip,completed,"{'total_params': 12687872, 'trainable_params': 0, 'trainable_pct': 0.0, 'method': 'frozen'}",37.578818559646606,0.30235204232153845,
tl2ef402,v5,,0,,braindecode/seed-vig,frozen,flatten,2,ridge,median_std_clip,completed,"{'total_params': 12687872, 'trainable_params': 0, 'trainable_pct': 0.0, 'method': 'frozen'}",27.422209978103638,,-0.2423903953097022
tl2ef402,v5,,0,,braindecode/tuab,frozen,flatten,2,ridge,median_std_clip,completed,"{'total_params': 12687872, 'trainable_params': 0, 'trainable_pct': 0.0, 'method': 'frozen'}",55.794251918792725,0.8064331765955111,
tl2ef402,v5,,0,,braindecode/tuev,frozen,flatten,2,ridge,median_std_clip,completed,"{'total_params': 12687872, 'trainable_params': 0, 'trainable_pct': 0.0, 'method': 'frozen'}",12.508471488952637,0.902333555615734,
tl2ef402,v5,,0,,braindecode/arithmetic_zyma2019,frozen,flatten,3,ridge,median_std_clip,completed,"{'total_params': 12687872, 'trainable_params': 0, 'trainable_pct': 0.0, 'method': 'frozen'}",11.871590375900269,0.7881944444444444,
tl2ef402,v5,,0,,braindecode/bcic2a,frozen,flatten,3,ridge,median_std_clip,completed,"{'total_params': 12687872, 'trainable_params': 0, 'trainable_pct': 0.0, 'method': 'frozen'}",11.950726747512817,0.44328703703703703,
tl2ef402,v5,,0,,braindecode/bcic2020-3,frozen,flatten,3,ridge,median_std_clip,completed,"{'total_params': 12687872, 'trainable_params': 0, 'trainable_pct': 0.0, 'method': 'frozen'}",25.956127882003784,0.2546666666666667,
tl2ef402,v5,,0,,braindecode/physionet,frozen,flatten,3,ridge,median_std_clip,completed,"{'total_params': 12687872, 'trainable_params': 0, 'trainable_pct': 0.0, 'method': 'frozen'}",28.736575603485107,0.5410049474440468,
tl2ef402,v5,,0,,braindecode/chbmit,frozen,flatten,3,ridge,median_std_clip,completed,"{'total_params': 12687872, 'trainable_params': 0, 'trainable_pct': 0.0, 'method': 'frozen'}",56.63594603538513,0.9278693450081552,
tl2ef402,v5,,0,,braindecode/faced,frozen,flatten,3,ridge,median_std_clip,completed,"{'total_params': 12687872, 'trainable_params': 0, 'trainable_pct': 0.0, 'method': 'frozen'}",51.98280644416809,0.2789544392805262,
tl2ef402,v5,,0,,braindecode/isruc-sleep,frozen,flatten,3,ridge,median_std_clip,completed,"{'total_params': 12687872, 'trainable_params': 0, 'trainable_pct': 0.0, 'method': 'frozen'}",87.12386155128479,0.6779957787977683,
tl2ef402,v5,,0,,braindecode/mdd_mumtaz2016,frozen,flatten,3,ridge,median_std_clip,completed,"{'total_params': 12687872, 'trainable_params': 0, 'trainable_pct': 0.0, 'method': 'frozen'}",15.971896409988403,0.8506146903039296,
tl2ef402,v5,,0,,braindecode/seed-v,frozen,flatten,3,ridge,median_std_clip,completed,"{'total_params': 12687872, 'trainable_params': 0, 'trainable_pct': 0.0, 'method': 'frozen'}",52.89077806472778,0.30436354831328905,
tl2ef402,v5,,0,,braindecode/seed-vig,frozen,flatten,3,ridge,median_std_clip,completed,"{'total_params': 12687872, 'trainable_params': 0, 'trainable_pct': 0.0, 'method': 'frozen'}",25.987784147262573,,-0.24322458894222398
tl2ef402,v5,,0,,braindecode/tuab,frozen,flatten,3,ridge,median_std_clip,completed,"{'total_params': 12687872, 'trainable_params': 0, 'trainable_pct': 0.0, 'method': 'frozen'}",57.71763610839844,0.8094109338632103,
tl2ef402,v5,,0,,braindecode/tuev,frozen,flatten,3,ridge,median_std_clip,completed,"{'total_params': 12687872, 'trainable_params': 0, 'trainable_pct': 0.0, 'method': 'frozen'}",12.78863263130188,0.9037109660840538,
tl2ef402,v5,,0,,braindecode/arithmetic_zyma2019,frozen,flatten,4,ridge,median_std_clip,completed,"{'total_params': 12687872, 'trainable_params': 0, 'trainable_pct': 0.0, 'method': 'frozen'}",11.295263767242432,0.7118055555555556,
tl2ef402,v5,,0,,braindecode/bcic2a,frozen,flatten,4,ridge,median_std_clip,completed,"{'total_params': 12687872, 'trainable_params': 0, 'trainable_pct': 0.0, 'method': 'frozen'}",11.931775569915771,0.4380787037037037,
tl2ef402,v5,,0,,braindecode/bcic2020-3,frozen,flatten,4,ridge,median_std_clip,completed,"{'total_params': 12687872, 'trainable_params': 0, 'trainable_pct': 0.0, 'method': 'frozen'}",24.823394775390625,0.3,
tl2ef402,v5,,0,,braindecode/physionet,frozen,flatten,4,ridge,median_std_clip,completed,"{'total_params': 12687872, 'trainable_params': 0, 'trainable_pct': 0.0, 'method': 'frozen'}",27.68324637413025,0.5421489774355074,
tl2ef402,v5,,0,,braindecode/chbmit,frozen,flatten,4,ridge,median_std_clip,completed,"{'total_params': 12687872, 'trainable_params': 0, 'trainable_pct': 0.0, 'method': 'frozen'}",53.1832709312439,0.9290497038372392,
tl2ef402,v5,,0,,braindecode/faced,frozen,flatten,4,ridge,median_std_clip,completed,"{'total_params': 12687872, 'trainable_params': 0, 'trainable_pct': 0.0, 'method': 'frozen'}",50.14037871360779,0.282511721370417,
tl2ef402,v5,,0,,braindecode/isruc-sleep,frozen,flatten,4,ridge,median_std_clip,completed,"{'total_params': 12687872, 'trainable_params': 0, 'trainable_pct': 0.0, 'method': 'frozen'}",86.5594687461853,0.6894390984190322,
tl2ef402,v5,,0,,braindecode/mdd_mumtaz2016,frozen,flatten,4,ridge,median_std_clip,completed,"{'total_params': 12687872, 'trainable_params': 0, 'trainable_pct': 0.0, 'method': 'frozen'}",15.578636646270752,0.8454022724766954,
tl2ef402,v5,,0,,braindecode/seed-v,frozen,flatten,4,ridge,median_std_clip,completed,"{'total_params': 12687872, 'trainable_params': 0, 'trainable_pct': 0.0, 'method': 'frozen'}",49.4993577003479,0.30822142248247053,
tl2ef402,v5,,0,,braindecode/seed-vig,frozen,flatten,4,ridge,median_std_clip,completed,"{'total_params': 12687872, 'trainable_params': 0, 'trainable_pct': 0.0, 'method': 'frozen'}",24.901593446731567,,-0.23014725183883145
tl2ef402,v5,,0,,braindecode/tuab,frozen,flatten,4,ridge,median_std_clip,completed,"{'total_params': 12687872, 'trainable_params': 0, 'trainable_pct': 0.0, 'method': 'frozen'}",58.81315875053406,0.8047314810044064,
tl2ef402,v5,,0,,braindecode/tuev,frozen,flatten,4,ridge,median_std_clip,completed,"{'total_params': 12687872, 'trainable_params': 0, 'trainable_pct': 0.0, 'method': 'frozen'}",12.605297803878784,0.9070307915474715,
tl2ef402,v6,,0,,braindecode/arithmetic_zyma2019,frozen,flatten,0,ridge,median_std_clip,completed,"{'total_params': 12687872, 'trainable_params': 0, 'trainable_pct': 0.0, 'method': 'frozen'}",11.589858055114746,0.7222222222222223,
tl2ef402,v6,,0,,braindecode/bcic2a,frozen,flatten,0,ridge,median_std_clip,completed,"{'total_params': 12687872, 'trainable_params': 0, 'trainable_pct': 0.0, 'method': 'frozen'}",8.67016053199768,0.45833333333333337,
tl2ef402,v6,,0,,braindecode/bcic2020-3,frozen,flatten,0,ridge,median_std_clip,completed,"{'total_params': 12687872, 'trainable_params': 0, 'trainable_pct': 0.0, 'method': 'frozen'}",19.47186851501465,0.27199999999999996,
tl2ef402,v6,,0,,braindecode/physionet,frozen,flatten,0,ridge,median_std_clip,completed,"{'total_params': 12687872, 'trainable_params': 0, 'trainable_pct': 0.0, 'method': 'frozen'}",21.41119623184204,0.5291360625977543,
tl2ef402,v6,,0,,braindecode/chbmit,frozen,flatten,0,ridge,median_std_clip,completed,"{'total_params': 12687872, 'trainable_params': 0, 'trainable_pct': 0.0, 'method': 'frozen'}",54.325217962265015,0.9098635075972186,
tl2ef402,v6,,0,,braindecode/faced,frozen,flatten,0,ridge,median_std_clip,completed,"{'total_params': 12687872, 'trainable_params': 0, 'trainable_pct': 0.0, 'method': 'frozen'}",43.646679162979126,0.2837339291143639,
tl2ef402,v6,,0,,braindecode/isruc-sleep,frozen,flatten,0,ridge,median_std_clip,completed,"{'total_params': 12687872, 'trainable_params': 0, 'trainable_pct': 0.0, 'method': 'frozen'}",89.12561249732971,0.6706939218174343,
tl2ef402,v6,,0,,braindecode/mdd_mumtaz2016,frozen,flatten,0,ridge,median_std_clip,completed,"{'total_params': 12687872, 'trainable_params': 0, 'trainable_pct': 0.0, 'method': 'frozen'}",14.765442132949829,0.8520794933216611,
tl2ef402,v6,,0,,braindecode/seed-v,frozen,flatten,0,ridge,median_std_clip,completed,"{'total_params': 12687872, 'trainable_params': 0, 'trainable_pct': 0.0, 'method': 'frozen'}",48.459954023361206,0.30650236296402666,
tl2ef402,v6,,0,,braindecode/seed-vig,frozen,flatten,0,ridge,median_std_clip,completed,"{'total_params': 12687872, 'trainable_params': 0, 'trainable_pct': 0.0, 'method': 'frozen'}",22.88260555267334,,-0.24019114223796234
tl2ef402,v6,,0,,braindecode/tuab,frozen,flatten,0,ridge,median_std_clip,completed,"{'total_params': 12687872, 'trainable_params': 0, 'trainable_pct': 0.0, 'method': 'frozen'}",54.95753836631775,0.8078498094728188,
tl2ef402,v6,,0,,braindecode/tuev,frozen,flatten,0,ridge,median_std_clip,completed,"{'total_params': 12687872, 'trainable_params': 0, 'trainable_pct': 0.0, 'method': 'frozen'}",12.501543760299683,0.8970909519405286,
tl2ef402,v6,,0,,braindecode/arithmetic_zyma2019,frozen,flatten,1,ridge,median_std_clip,completed,"{'total_params': 12687872, 'trainable_params': 0, 'trainable_pct': 0.0, 'method': 'frozen'}",11.332128524780273,0.71875,
tl2ef402,v6,,0,,braindecode/bcic2a,frozen,flatten,1,ridge,median_std_clip,completed,"{'total_params': 12687872, 'trainable_params': 0, 'trainable_pct': 0.0, 'method': 'frozen'}",12.10598349571228,0.4548611111111111,
tl2ef402,v6,,0,,braindecode/bcic2020-3,frozen,flatten,1,ridge,median_std_clip,completed,"{'total_params': 12687872, 'trainable_params': 0, 'trainable_pct': 0.0, 'method': 'frozen'}",25.18207859992981,0.29466666666666663,
tl2ef402,v6,,0,,braindecode/physionet,frozen,flatten,1,ridge,median_std_clip,completed,"{'total_params': 12687872, 'trainable_params': 0, 'trainable_pct': 0.0, 'method': 'frozen'}",28.98401689529419,0.5347895944857076,
tl2ef402,v6,,0,,braindecode/chbmit,frozen,flatten,1,ridge,median_std_clip,completed,"{'total_params': 12687872, 'trainable_params': 0, 'trainable_pct': 0.0, 'method': 'frozen'}",55.12327265739441,0.9098635075972186,
tl2ef402,v6,,0,,braindecode/faced,frozen,flatten,1,ridge,median_std_clip,completed,"{'total_params': 12687872, 'trainable_params': 0, 'trainable_pct': 0.0, 'method': 'frozen'}",50.03687882423401,0.28581653853392985,
tl2ef402,v6,,0,,braindecode/isruc-sleep,frozen,flatten,1,ridge,median_std_clip,completed,"{'total_params': 12687872, 'trainable_params': 0, 'trainable_pct': 0.0, 'method': 'frozen'}",86.515789270401,0.6852082224396889,
tl2ef402,v6,,0,,braindecode/mdd_mumtaz2016,frozen,flatten,1,ridge,median_std_clip,completed,"{'total_params': 12687872, 'trainable_params': 0, 'trainable_pct': 0.0, 'method': 'frozen'}",15.902344465255737,0.8452995048681902,
tl2ef402,v6,,0,,braindecode/seed-v,frozen,flatten,1,ridge,median_std_clip,completed,"{'total_params': 12687872, 'trainable_params': 0, 'trainable_pct': 0.0, 'method': 'frozen'}",47.774624824523926,0.30234639378154027,
tl2ef402,v6,,0,,braindecode/seed-vig,frozen,flatten,1,ridge,median_std_clip,completed,"{'total_params': 12687872, 'trainable_params': 0, 'trainable_pct': 0.0, 'method': 'frozen'}",25.677405834197998,,-0.2586682639171347
tl2ef402,v6,,0,,braindecode/tuab,frozen,flatten,1,ridge,median_std_clip,completed,"{'total_params': 12687872, 'trainable_params': 0, 'trainable_pct': 0.0, 'method': 'frozen'}",58.59273052215576,0.8006355946441812,
tl2ef402,v6,,0,,braindecode/tuev,frozen,flatten,1,ridge,median_std_clip,completed,"{'total_params': 12687872, 'trainable_params': 0, 'trainable_pct': 0.0, 'method': 'frozen'}",13.333519697189331,0.9530645906026058,
tl2ef402,v6,,0,,braindecode/arithmetic_zyma2019,frozen,flatten,2,ridge,median_std_clip,completed,"{'total_params': 12687872, 'trainable_params': 0, 'trainable_pct': 0.0, 'method': 'frozen'}",12.54664397239685,0.7604166666666666,
tl2ef402,v6,,0,,braindecode/bcic2a,frozen,flatten,2,ridge,median_std_clip,completed,"{'total_params': 12687872, 'trainable_params': 0, 'trainable_pct': 0.0, 'method': 'frozen'}",12.103596925735474,0.4670138888888889,
tl2ef402,v6,,0,,braindecode/bcic2020-3,frozen,flatten,2,ridge,median_std_clip,completed,"{'total_params': 12687872, 'trainable_params': 0, 'trainable_pct': 0.0, 'method': 'frozen'}",24.22058367729187,0.23466666666666666,
tl2ef402,v6,,0,,braindecode/physionet,frozen,flatten,2,ridge,median_std_clip,completed,"{'total_params': 12687872, 'trainable_params': 0, 'trainable_pct': 0.0, 'method': 'frozen'}",29.322472095489502,0.5364838793073519,
tl2ef402,v6,,0,,braindecode/chbmit,frozen,flatten,2,ridge,median_std_clip,completed,"{'total_params': 12687872, 'trainable_params': 0, 'trainable_pct': 0.0, 'method': 'frozen'}",56.59324288368225,0.9318825650270409,
tl2ef402,v6,,0,,braindecode/faced,frozen,flatten,2,ridge,median_std_clip,completed,"{'total_params': 12687872, 'trainable_params': 0, 'trainable_pct': 0.0, 'method': 'frozen'}",49.09893727302551,0.2838027009222661,
tl2ef402,v6,,0,,braindecode/isruc-sleep,frozen,flatten,2,ridge,median_std_clip,completed,"{'total_params': 12687872, 'trainable_params': 0, 'trainable_pct': 0.0, 'method': 'frozen'}",91.34472632408142,0.6885185786824938,
tl2ef402,v6,,0,,braindecode/mdd_mumtaz2016,frozen,flatten,2,ridge,median_std_clip,completed,"{'total_params': 12687872, 'trainable_params': 0, 'trainable_pct': 0.0, 'method': 'frozen'}",16.160043478012085,0.8671619767237686,
tl2ef402,v6,,0,,braindecode/seed-v,frozen,flatten,2,ridge,median_std_clip,completed,"{'total_params': 12687872, 'trainable_params': 0, 'trainable_pct': 0.0, 'method': 'frozen'}",37.575855016708374,0.30355994504251904,
tl2ef402,v6,,0,,braindecode/seed-vig,frozen,flatten,2,ridge,median_std_clip,completed,"{'total_params': 12687872, 'trainable_params': 0, 'trainable_pct': 0.0, 'method': 'frozen'}",26.381253004074097,,-0.24857885464893092
tl2ef402,v6,,0,,braindecode/tuab,frozen,flatten,2,ridge,median_std_clip,completed,"{'total_params': 12687872, 'trainable_params': 0, 'trainable_pct': 0.0, 'method': 'frozen'}",57.031517028808594,0.8050386654808656,
tl2ef402,v6,,0,,braindecode/tuev,frozen,flatten,2,ridge,median_std_clip,completed,"{'total_params': 12687872, 'trainable_params': 0, 'trainable_pct': 0.0, 'method': 'frozen'}",12.537905931472778,0.9013177597021701,
tl2ef402,v6,,0,,braindecode/arithmetic_zyma2019,frozen,flatten,3,ridge,median_std_clip,completed,"{'total_params': 12687872, 'trainable_params': 0, 'trainable_pct': 0.0, 'method': 'frozen'}",11.194558382034302,0.7534722222222223,
tl2ef402,v6,,0,,braindecode/bcic2a,frozen,flatten,3,ridge,median_std_clip,completed,"{'total_params': 12687872, 'trainable_params': 0, 'trainable_pct': 0.0, 'method': 'frozen'}",12.078589916229248,0.39525462962962965,
tl2ef402,v6,,0,,braindecode/bcic2020-3,frozen,flatten,3,ridge,median_std_clip,completed,"{'total_params': 12687872, 'trainable_params': 0, 'trainable_pct': 0.0, 'method': 'frozen'}",25.48416781425476,0.2653333333333333,
tl2ef402,v6,,0,,braindecode/physionet,frozen,flatten,3,ridge,median_std_clip,completed,"{'total_params': 12687872, 'trainable_params': 0, 'trainable_pct': 0.0, 'method': 'frozen'}",28.476481437683105,0.542124660826882,
tl2ef402,v6,,0,,braindecode/chbmit,frozen,flatten,3,ridge,median_std_clip,completed,"{'total_params': 12687872, 'trainable_params': 0, 'trainable_pct': 0.0, 'method': 'frozen'}",57.63791298866272,0.9314104214954073,
tl2ef402,v6,,0,,braindecode/faced,frozen,flatten,3,ridge,median_std_clip,completed,"{'total_params': 12687872, 'trainable_params': 0, 'trainable_pct': 0.0, 'method': 'frozen'}",50.4469850063324,0.2798083558953124,
tl2ef402,v6,,0,,braindecode/isruc-sleep,frozen,flatten,3,ridge,median_std_clip,completed,"{'total_params': 12687872, 'trainable_params': 0, 'trainable_pct': 0.0, 'method': 'frozen'}",88.73178148269653,0.6845305229973402,
tl2ef402,v6,,0,,braindecode/mdd_mumtaz2016,frozen,flatten,3,ridge,median_std_clip,completed,"{'total_params': 12687872, 'trainable_params': 0, 'trainable_pct': 0.0, 'method': 'frozen'}",15.591500282287598,0.8522695696458125,
tl2ef402,v6,,0,,braindecode/seed-v,frozen,flatten,3,ridge,median_std_clip,completed,"{'total_params': 12687872, 'trainable_params': 0, 'trainable_pct': 0.0, 'method': 'frozen'}",49.352309465408325,0.3043417147787409,
tl2ef402,v6,,0,,braindecode/seed-vig,frozen,flatten,3,ridge,median_std_clip,completed,"{'total_params': 12687872, 'trainable_params': 0, 'trainable_pct': 0.0, 'method': 'frozen'}",25.44027042388916,,-0.24952517429989673
tl2ef402,v6,,0,,braindecode/tuab,frozen,flatten,3,ridge,median_std_clip,completed,"{'total_params': 12687872, 'trainable_params': 0, 'trainable_pct': 0.0, 'method': 'frozen'}",54.71910905838013,0.8045869894913227,
tl2ef402,v6,,0,,braindecode/tuev,frozen,flatten,3,ridge,median_std_clip,completed,"{'total_params': 12687872, 'trainable_params': 0, 'trainable_pct': 0.0, 'method': 'frozen'}",12.51448130607605,0.9008308612096102,
tl2ef402,v6,,0,,braindecode/arithmetic_zyma2019,frozen,flatten,4,ridge,median_std_clip,completed,"{'total_params': 12687872, 'trainable_params': 0, 'trainable_pct': 0.0, 'method': 'frozen'}",11.00234866142273,0.7118055555555556,
tl2ef402,v6,,0,,braindecode/bcic2a,frozen,flatten,4,ridge,median_std_clip,completed,"{'total_params': 12687872, 'trainable_params': 0, 'trainable_pct': 0.0, 'method': 'frozen'}",11.626235246658325,0.4618055555555555,
tl2ef402,v6,,0,,braindecode/bcic2020-3,frozen,flatten,4,ridge,median_std_clip,completed,"{'total_params': 12687872, 'trainable_params': 0, 'trainable_pct': 0.0, 'method': 'frozen'}",24.667341947555542,0.2813333333333333,
tl2ef402,v6,,0,,braindecode/physionet,frozen,flatten,4,ridge,median_std_clip,completed,"{'total_params': 12687872, 'trainable_params': 0, 'trainable_pct': 0.0, 'method': 'frozen'}",26.940612316131592,0.5427120405376945,
tl2ef402,v6,,0,,braindecode/chbmit,frozen,flatten,4,ridge,median_std_clip,completed,"{'total_params': 12687872, 'trainable_params': 0, 'trainable_pct': 0.0, 'method': 'frozen'}",55.947746992111206,0.9325907803244913,
tl2ef402,v6,,0,,braindecode/faced,frozen,flatten,4,ridge,median_std_clip,completed,"{'total_params': 12687872, 'trainable_params': 0, 'trainable_pct': 0.0, 'method': 'frozen'}",50.030784606933594,0.2850433081411342,
tl2ef402,v6,,0,,braindecode/isruc-sleep,frozen,flatten,4,ridge,median_std_clip,completed,"{'total_params': 12687872, 'trainable_params': 0, 'trainable_pct': 0.0, 'method': 'frozen'}",88.54935097694397,0.679174424791684,
tl2ef402,v6,,0,,braindecode/mdd_mumtaz2016,frozen,flatten,4,ridge,median_std_clip,completed,"{'total_params': 12687872, 'trainable_params': 0, 'trainable_pct': 0.0, 'method': 'frozen'}",15.997025966644287,0.8468436927036553,
tl2ef402,v6,,0,,braindecode/seed-v,frozen,flatten,4,ridge,median_std_clip,completed,"{'total_params': 12687872, 'trainable_params': 0, 'trainable_pct': 0.0, 'method': 'frozen'}",52.54487490653992,0.30792157231292744,
tl2ef402,v6,,0,,braindecode/seed-vig,frozen,flatten,4,ridge,median_std_clip,completed,"{'total_params': 12687872, 'trainable_params': 0, 'trainable_pct': 0.0, 'method': 'frozen'}",26.143671989440918,,-0.2332179264309424
tl2ef402,v6,,0,,braindecode/tuab,frozen,flatten,4,ridge,median_std_clip,completed,"{'total_params': 12687872, 'trainable_params': 0, 'trainable_pct': 0.0, 'method': 'frozen'}",57.15004754066467,0.8030037433382692,
tl2ef402,v6,,0,,braindecode/tuev,frozen,flatten,4,ridge,median_std_clip,completed,"{'total_params': 12687872, 'trainable_params': 0, 'trainable_pct': 0.0, 'method': 'frozen'}",13.181607246398926,0.9532519395360363,
tl2ef402,v7,,0,,braindecode/arithmetic_zyma2019,frozen,flatten,0,ridge,median_std_clip,completed,"{'total_params': 12687872, 'trainable_params': 0, 'trainable_pct': 0.0, 'method': 'frozen'}",11.627509117126465,0.71875,
tl2ef402,v7,,0,,braindecode/bcic2a,frozen,flatten,0,ridge,median_std_clip,completed,"{'total_params': 12687872, 'trainable_params': 0, 'trainable_pct': 0.0, 'method': 'frozen'}",9.238903284072876,0.4594907407407408,
tl2ef402,v7,,0,,braindecode/bcic2020-3,frozen,flatten,0,ridge,median_std_clip,completed,"{'total_params': 12687872, 'trainable_params': 0, 'trainable_pct': 0.0, 'method': 'frozen'}",22.0604465007782,0.2853333333333333,
tl2ef402,v7,,0,,braindecode/physionet,frozen,flatten,0,ridge,median_std_clip,completed,"{'total_params': 12687872, 'trainable_params': 0, 'trainable_pct': 0.0, 'method': 'frozen'}",23.97161102294922,0.528000993185374,
tl2ef402,v7,,0,,braindecode/chbmit,frozen,flatten,0,ridge,median_std_clip,completed,"{'total_params': 12687872, 'trainable_params': 0, 'trainable_pct': 0.0, 'method': 'frozen'}",55.67775201797485,0.9098635075972186,
tl2ef402,v7,,0,,braindecode/faced,frozen,flatten,0,ridge,median_std_clip,completed,"{'total_params': 12687872, 'trainable_params': 0, 'trainable_pct': 0.0, 'method': 'frozen'}",50.032504081726074,0.2868405748840531,
tl2ef402,v7,,0,,braindecode/isruc-sleep,frozen,flatten,0,ridge,median_std_clip,completed,"{'total_params': 12687872, 'trainable_params': 0, 'trainable_pct': 0.0, 'method': 'frozen'}",91.14337062835693,0.6909547745456693,
tl2ef402,v7,,0,,braindecode/mdd_mumtaz2016,frozen,flatten,0,ridge,median_std_clip,completed,"{'total_params': 12687872, 'trainable_params': 0, 'trainable_pct': 0.0, 'method': 'frozen'}",14.71089792251587,0.8518722566541783,
tl2ef402,v7,,0,,braindecode/seed-v,frozen,flatten,0,ridge,median_std_clip,completed,"{'total_params': 12687872, 'trainable_params': 0, 'trainable_pct': 0.0, 'method': 'frozen'}",36.92113709449768,0.30836603691461895,
tl2ef402,v7,,0,,braindecode/seed-vig,frozen,flatten,0,ridge,median_std_clip,completed,"{'total_params': 12687872, 'trainable_params': 0, 'trainable_pct': 0.0, 'method': 'frozen'}",22.683623790740967,,-0.24581398368116925
tl2ef402,v7,,0,,braindecode/tuab,frozen,flatten,0,ridge,median_std_clip,completed,"{'total_params': 12687872, 'trainable_params': 0, 'trainable_pct': 0.0, 'method': 'frozen'}",53.74875569343567,0.8077708431807846,
tl2ef402,v7,,0,,braindecode/tuev,frozen,flatten,0,ridge,median_std_clip,completed,"{'total_params': 12687872, 'trainable_params': 0, 'trainable_pct': 0.0, 'method': 'frozen'}",14.043667078018188,0.8958471708460012,
tl2ef402,v7,,0,,braindecode/arithmetic_zyma2019,frozen,flatten,1,ridge,median_std_clip,completed,"{'total_params': 12687872, 'trainable_params': 0, 'trainable_pct': 0.0, 'method': 'frozen'}",11.683668375015259,0.7465277777777778,
tl2ef402,v7,,0,,braindecode/bcic2a,frozen,flatten,1,ridge,median_std_clip,completed,"{'total_params': 12687872, 'trainable_params': 0, 'trainable_pct': 0.0, 'method': 'frozen'}",12.855673551559448,0.4565972222222222,
tl2ef402,v7,,0,,braindecode/bcic2020-3,frozen,flatten,1,ridge,median_std_clip,completed,"{'total_params': 12687872, 'trainable_params': 0, 'trainable_pct': 0.0, 'method': 'frozen'}",24.686744213104248,0.2746666666666667,
tl2ef402,v7,,0,,braindecode/physionet,frozen,flatten,1,ridge,median_std_clip,completed,"{'total_params': 12687872, 'trainable_params': 0, 'trainable_pct': 0.0, 'method': 'frozen'}",29.052728176116943,0.529699073586719,
tl2ef402,v7,,0,,braindecode/chbmit,frozen,flatten,1,ridge,median_std_clip,completed,"{'total_params': 12687872, 'trainable_params': 0, 'trainable_pct': 0.0, 'method': 'frozen'}",54.541651248931885,0.9100995793630355,
tl2ef402,v7,,0,,braindecode/faced,frozen,flatten,1,ridge,median_std_clip,completed,"{'total_params': 12687872, 'trainable_params': 0, 'trainable_pct': 0.0, 'method': 'frozen'}",50.21056771278381,0.2852417811656942,
tl2ef402,v7,,0,,braindecode/isruc-sleep,frozen,flatten,1,ridge,median_std_clip,completed,"{'total_params': 12687872, 'trainable_params': 0, 'trainable_pct': 0.0, 'method': 'frozen'}",88.48408007621765,0.6835458319278248,
tl2ef402,v7,,0,,braindecode/mdd_mumtaz2016,frozen,flatten,1,ridge,median_std_clip,completed,"{'total_params': 12687872, 'trainable_params': 0, 'trainable_pct': 0.0, 'method': 'frozen'}",16.093154430389404,0.8471553984301154,
tl2ef402,v7,,0,,braindecode/seed-v,frozen,flatten,1,ridge,median_std_clip,completed,"{'total_params': 12687872, 'trainable_params': 0, 'trainable_pct': 0.0, 'method': 'frozen'}",49.15887689590454,0.30495977786834266,
tl2ef402,v7,,0,,braindecode/seed-vig,frozen,flatten,1,ridge,median_std_clip,completed,"{'total_params': 12687872, 'trainable_params': 0, 'trainable_pct': 0.0, 'method': 'frozen'}",25.768213748931885,,-0.2675118281539697
tl2ef402,v7,,0,,braindecode/tuab,frozen,flatten,1,ridge,median_std_clip,completed,"{'total_params': 12687872, 'trainable_params': 0, 'trainable_pct': 0.0, 'method': 'frozen'}",58.2228581905365,0.8021003913591835,
tl2ef402,v7,,0,,braindecode/tuev,frozen,flatten,1,ridge,median_std_clip,completed,"{'total_params': 12687872, 'trainable_params': 0, 'trainable_pct': 0.0, 'method': 'frozen'}",13.187368154525757,0.95419301642574,
tl2ef402,v7,,0,,braindecode/arithmetic_zyma2019,frozen,flatten,2,ridge,median_std_clip,completed,"{'total_params': 12687872, 'trainable_params': 0, 'trainable_pct': 0.0, 'method': 'frozen'}",13.255778551101685,0.7395833333333334,
tl2ef402,v7,,0,,braindecode/bcic2a,frozen,flatten,2,ridge,median_std_clip,completed,"{'total_params': 12687872, 'trainable_params': 0, 'trainable_pct': 0.0, 'method': 'frozen'}",12.078622341156006,0.46122685185185186,
tl2ef402,v7,,0,,braindecode/bcic2020-3,frozen,flatten,2,ridge,median_std_clip,completed,"{'total_params': 12687872, 'trainable_params': 0, 'trainable_pct': 0.0, 'method': 'frozen'}",24.230291604995728,0.2813333333333333,
tl2ef402,v7,,0,,braindecode/physionet,frozen,flatten,2,ridge,median_std_clip,completed,"{'total_params': 12687872, 'trainable_params': 0, 'trainable_pct': 0.0, 'method': 'frozen'}",29.052751064300537,0.5336558192183511,
tl2ef402,v7,,0,,braindecode/chbmit,frozen,flatten,2,ridge,median_std_clip,completed,"{'total_params': 12687872, 'trainable_params': 0, 'trainable_pct': 0.0, 'method': 'frozen'}",54.174745082855225,0.9299939909005064,
tl2ef402,v7,,0,,braindecode/faced,frozen,flatten,2,ridge,median_std_clip,completed,"{'total_params': 12687872, 'trainable_params': 0, 'trainable_pct': 0.0, 'method': 'frozen'}",49.04032874107361,0.2841813983118331,
tl2ef402,v7,,0,,braindecode/isruc-sleep,frozen,flatten,2,ridge,median_std_clip,completed,"{'total_params': 12687872, 'trainable_params': 0, 'trainable_pct': 0.0, 'method': 'frozen'}",88.75470209121704,0.6922812849954271,
tl2ef402,v7,,0,,braindecode/mdd_mumtaz2016,frozen,flatten,2,ridge,median_std_clip,completed,"{'total_params': 12687872, 'trainable_params': 0, 'trainable_pct': 0.0, 'method': 'frozen'}",16.167083740234375,0.8689586598092703,
tl2ef402,v7,,0,,braindecode/seed-v,frozen,flatten,2,ridge,median_std_clip,completed,"{'total_params': 12687872, 'trainable_params': 0, 'trainable_pct': 0.0, 'method': 'frozen'}",37.2579984664917,0.30622368105986464,
tl2ef402,v7,,0,,braindecode/seed-vig,frozen,flatten,2,ridge,median_std_clip,completed,"{'total_params': 12687872, 'trainable_params': 0, 'trainable_pct': 0.0, 'method': 'frozen'}",26.395915746688843,,-0.25726053047740716
tl2ef402,v7,,0,,braindecode/tuab,frozen,flatten,2,ridge,median_std_clip,completed,"{'total_params': 12687872, 'trainable_params': 0, 'trainable_pct': 0.0, 'method': 'frozen'}",56.52612066268921,0.8044203762155768,
tl2ef402,v7,,0,,braindecode/tuev,frozen,flatten,2,ridge,median_std_clip,completed,"{'total_params': 12687872, 'trainable_params': 0, 'trainable_pct': 0.0, 'method': 'frozen'}",12.543757915496826,0.9013649376057554,
tl2ef402,v7,,0,,braindecode/arithmetic_zyma2019,frozen,flatten,3,ridge,median_std_clip,completed,"{'total_params': 12687872, 'trainable_params': 0, 'trainable_pct': 0.0, 'method': 'frozen'}",11.880704402923584,0.7604166666666667,
tl2ef402,v7,,0,,braindecode/bcic2a,frozen,flatten,3,ridge,median_std_clip,completed,"{'total_params': 12687872, 'trainable_params': 0, 'trainable_pct': 0.0, 'method': 'frozen'}",11.705872535705566,0.4496527777777778,
tl2ef402,v7,,0,,braindecode/bcic2020-3,frozen,flatten,3,ridge,median_std_clip,completed,"{'total_params': 12687872, 'trainable_params': 0, 'trainable_pct': 0.0, 'method': 'frozen'}",24.80523133277893,0.27466666666666667,
tl2ef402,v7,,0,,braindecode/physionet,frozen,flatten,3,ridge,median_std_clip,completed,"{'total_params': 12687872, 'trainable_params': 0, 'trainable_pct': 0.0, 'method': 'frozen'}",27.831093311309814,0.546645723173219,
tl2ef402,v7,,0,,braindecode/chbmit,frozen,flatten,3,ridge,median_std_clip,completed,"{'total_params': 12687872, 'trainable_params': 0, 'trainable_pct': 0.0, 'method': 'frozen'}",53.140578508377075,0.9311743497295906,
tl2ef402,v7,,0,,braindecode/faced,frozen,flatten,3,ridge,median_std_clip,completed,"{'total_params': 12687872, 'trainable_params': 0, 'trainable_pct': 0.0, 'method': 'frozen'}",50.3658492565155,0.2777008619399924,
tl2ef402,v7,,0,,braindecode/isruc-sleep,frozen,flatten,3,ridge,median_std_clip,completed,"{'total_params': 12687872, 'trainable_params': 0, 'trainable_pct': 0.0, 'method': 'frozen'}",86.50445914268494,0.6890003711102386,
tl2ef402,v7,,0,,braindecode/mdd_mumtaz2016,frozen,flatten,3,ridge,median_std_clip,completed,"{'total_params': 12687872, 'trainable_params': 0, 'trainable_pct': 0.0, 'method': 'frozen'}",15.546501159667969,0.8667490103877926,
tl2ef402,v7,,0,,braindecode/seed-v,frozen,flatten,3,ridge,median_std_clip,completed,"{'total_params': 12687872, 'trainable_params': 0, 'trainable_pct': 0.0, 'method': 'frozen'}",49.300321102142334,0.3055508727461791,
tl2ef402,v7,,0,,braindecode/seed-vig,frozen,flatten,3,ridge,median_std_clip,completed,"{'total_params': 12687872, 'trainable_params': 0, 'trainable_pct': 0.0, 'method': 'frozen'}",24.94512104988098,,-0.26038922905053297
tl2ef402,v7,,0,,braindecode/tuab,frozen,flatten,3,ridge,median_std_clip,completed,"{'total_params': 12687872, 'trainable_params': 0, 'trainable_pct': 0.0, 'method': 'frozen'}",57.33867835998535,0.8050386654808656,
tl2ef402,v7,,0,,braindecode/tuev,frozen,flatten,3,ridge,median_std_clip,completed,"{'total_params': 12687872, 'trainable_params': 0, 'trainable_pct': 0.0, 'method': 'frozen'}",12.475800514221191,0.9536183037820618,
tl2ef402,v7,,0,,braindecode/arithmetic_zyma2019,frozen,flatten,4,ridge,median_std_clip,completed,"{'total_params': 12687872, 'trainable_params': 0, 'trainable_pct': 0.0, 'method': 'frozen'}",12.00875973701477,0.7638888888888888,
tl2ef402,v7,,0,,braindecode/bcic2a,frozen,flatten,4,ridge,median_std_clip,completed,"{'total_params': 12687872, 'trainable_params': 0, 'trainable_pct': 0.0, 'method': 'frozen'}",11.798184871673584,0.4693287037037037,
tl2ef402,v7,,0,,braindecode/bcic2020-3,frozen,flatten,4,ridge,median_std_clip,completed,"{'total_params': 12687872, 'trainable_params': 0, 'trainable_pct': 0.0, 'method': 'frozen'}",25.234359979629517,0.2733333333333334,
tl2ef402,v7,,0,,braindecode/physionet,frozen,flatten,4,ridge,median_std_clip,completed,"{'total_params': 12687872, 'trainable_params': 0, 'trainable_pct': 0.0, 'method': 'frozen'}",28.40077519416809,0.5336596727016326,
tl2ef402,v7,,0,,braindecode/chbmit,frozen,flatten,4,ridge,median_std_clip,completed,"{'total_params': 12687872, 'trainable_params': 0, 'trainable_pct': 0.0, 'method': 'frozen'}",56.983842611312866,0.9311743497295906,
tl2ef402,v7,,0,,braindecode/faced,frozen,flatten,4,ridge,median_std_clip,completed,"{'total_params': 12687872, 'trainable_params': 0, 'trainable_pct': 0.0, 'method': 'frozen'}",51.492642402648926,0.25388500388500385,
tl2ef402,v7,,0,,braindecode/isruc-sleep,frozen,flatten,4,ridge,median_std_clip,completed,"{'total_params': 12687872, 'trainable_params': 0, 'trainable_pct': 0.0, 'method': 'frozen'}",87.59243392944336,0.6785338252448907,
tl2ef402,v7,,0,,braindecode/mdd_mumtaz2016,frozen,flatten,4,ridge,median_std_clip,completed,"{'total_params': 12687872, 'trainable_params': 0, 'trainable_pct': 0.0, 'method': 'frozen'}",16.142927646636963,0.8466426784836129,
tl2ef402,v7,,0,,braindecode/seed-v,frozen,flatten,4,ridge,median_std_clip,completed,"{'total_params': 12687872, 'trainable_params': 0, 'trainable_pct': 0.0, 'method': 'frozen'}",53.33297801017761,0.30924411254437817,
tl2ef402,v7,,0,,braindecode/seed-vig,frozen,flatten,4,ridge,median_std_clip,completed,"{'total_params': 12687872, 'trainable_params': 0, 'trainable_pct': 0.0, 'method': 'frozen'}",26.055147886276245,,-0.2414815326650015
tl2ef402,v7,,0,,braindecode/tuab,frozen,flatten,4,ridge,median_std_clip,completed,"{'total_params': 12687872, 'trainable_params': 0, 'trainable_pct': 0.0, 'method': 'frozen'}",57.615827322006226,0.8059728199142908,
tl2ef402,v7,,0,,braindecode/tuev,frozen,flatten,4,ridge,median_std_clip,completed,"{'total_params': 12687872, 'trainable_params': 0, 'trainable_pct': 0.0, 'method': 'frozen'}",13.098358869552612,0.9541523801782071,
tl2ef402,v8,,0,,braindecode/arithmetic_zyma2019,frozen,flatten,0,ridge,median_std_clip,completed,"{'total_params': 12687872, 'trainable_params': 0, 'trainable_pct': 0.0, 'method': 'frozen'}",11.631115436553955,0.7152777777777778,
tl2ef402,v8,,0,,braindecode/bcic2a,frozen,flatten,0,ridge,median_std_clip,completed,"{'total_params': 12687872, 'trainable_params': 0, 'trainable_pct': 0.0, 'method': 'frozen'}",8.663771390914917,0.4560185185185185,
tl2ef402,v8,,0,,braindecode/bcic2020-3,frozen,flatten,0,ridge,median_std_clip,completed,"{'total_params': 12687872, 'trainable_params': 0, 'trainable_pct': 0.0, 'method': 'frozen'}",19.427682876586914,0.2786666666666667,
tl2ef402,v8,,0,,braindecode/physionet,frozen,flatten,0,ridge,median_std_clip,completed,"{'total_params': 12687872, 'trainable_params': 0, 'trainable_pct': 0.0, 'method': 'frozen'}",21.234341144561768,0.5223384601858339,
tl2ef402,v8,,0,,braindecode/chbmit,frozen,flatten,0,ridge,median_std_clip,completed,"{'total_params': 12687872, 'trainable_params': 0, 'trainable_pct': 0.0, 'method': 'frozen'}",54.70831084251404,0.9100995793630355,
tl2ef402,v8,,0,,braindecode/faced,frozen,flatten,0,ridge,median_std_clip,completed,"{'total_params': 12687872, 'trainable_params': 0, 'trainable_pct': 0.0, 'method': 'frozen'}",48.82225298881531,0.28370361522535437,
tl2ef402,v8,,0,,braindecode/isruc-sleep,frozen,flatten,0,ridge,median_std_clip,completed,"{'total_params': 12687872, 'trainable_params': 0, 'trainable_pct': 0.0, 'method': 'frozen'}",92.01058864593506,0.6884970932270005,
tl2ef402,v8,,0,,braindecode/mdd_mumtaz2016,frozen,flatten,0,ridge,median_std_clip,completed,"{'total_params': 12687872, 'trainable_params': 0, 'trainable_pct': 0.0, 'method': 'frozen'}",14.706068515777588,0.8509856065068133,
tl2ef402,v8,,0,,braindecode/seed-v,frozen,flatten,0,ridge,median_std_clip,completed,"{'total_params': 12687872, 'trainable_params': 0, 'trainable_pct': 0.0, 'method': 'frozen'}",51.77988290786743,0.3075325806382102,
tl2ef402,v8,,0,,braindecode/seed-vig,frozen,flatten,0,ridge,median_std_clip,completed,"{'total_params': 12687872, 'trainable_params': 0, 'trainable_pct': 0.0, 'method': 'frozen'}",23.204665660858154,,-0.24697786273585187
tl2ef402,v8,,0,,braindecode/tuab,frozen,flatten,0,ridge,median_std_clip,completed,"{'total_params': 12687872, 'trainable_params': 0, 'trainable_pct': 0.0, 'method': 'frozen'}",43.989869356155396,0.8054816607787308,
tl2ef402,v8,,0,,braindecode/tuev,frozen,flatten,0,ridge,median_std_clip,completed,"{'total_params': 12687872, 'trainable_params': 0, 'trainable_pct': 0.0, 'method': 'frozen'}",13.334848165512085,0.8954074502570268,
tl2ef402,v8,,0,,braindecode/arithmetic_zyma2019,frozen,flatten,1,ridge,median_std_clip,completed,"{'total_params': 12687872, 'trainable_params': 0, 'trainable_pct': 0.0, 'method': 'frozen'}",11.386353731155396,0.7291666666666666,
tl2ef402,v8,,0,,braindecode/bcic2a,frozen,flatten,1,ridge,median_std_clip,completed,"{'total_params': 12687872, 'trainable_params': 0, 'trainable_pct': 0.0, 'method': 'frozen'}",12.685709714889526,0.453125,
tl2ef402,v8,,0,,braindecode/bcic2020-3,frozen,flatten,1,ridge,median_std_clip,completed,"{'total_params': 12687872, 'trainable_params': 0, 'trainable_pct': 0.0, 'method': 'frozen'}",25.04133152961731,0.2813333333333333,
tl2ef402,v8,,0,,braindecode/physionet,frozen,flatten,1,ridge,median_std_clip,completed,"{'total_params': 12687872, 'trainable_params': 0, 'trainable_pct': 0.0, 'method': 'frozen'}",29.09673571586609,0.5325233033538703,
tl2ef402,v8,,0,,braindecode/chbmit,frozen,flatten,1,ridge,median_std_clip,completed,"{'total_params': 12687872, 'trainable_params': 0, 'trainable_pct': 0.0, 'method': 'frozen'}",55.25924301147461,0.9096274358314018,
tl2ef402,v8,,0,,braindecode/faced,frozen,flatten,1,ridge,median_std_clip,completed,"{'total_params': 12687872, 'trainable_params': 0, 'trainable_pct': 0.0, 'method': 'frozen'}",50.80591821670532,0.28663878392139264,
tl2ef402,v8,,0,,braindecode/isruc-sleep,frozen,flatten,1,ridge,median_std_clip,completed,"{'total_params': 12687872, 'trainable_params': 0, 'trainable_pct': 0.0, 'method': 'frozen'}",85.75034976005554,0.6843767970846124,
tl2ef402,v8,,0,,braindecode/mdd_mumtaz2016,frozen,flatten,1,ridge,median_std_clip,completed,"{'total_params': 12687872, 'trainable_params': 0, 'trainable_pct': 0.0, 'method': 'frozen'}",15.689414739608765,0.8463871692355976,
tl2ef402,v8,,0,,braindecode/seed-v,frozen,flatten,1,ridge,median_std_clip,completed,"{'total_params': 12687872, 'trainable_params': 0, 'trainable_pct': 0.0, 'method': 'frozen'}",49.10759782791138,0.30585122045986024,
tl2ef402,v8,,0,,braindecode/seed-vig,frozen,flatten,1,ridge,median_std_clip,completed,"{'total_params': 12687872, 'trainable_params': 0, 'trainable_pct': 0.0, 'method': 'frozen'}",25.831193923950195,,-0.26934573348498336
tl2ef402,v8,,0,,braindecode/tuab,frozen,flatten,1,ridge,median_std_clip,completed,"{'total_params': 12687872, 'trainable_params': 0, 'trainable_pct': 0.0, 'method': 'frozen'}",55.85399580001831,0.8036923182039145,
tl2ef402,v8,,0,,braindecode/tuev,frozen,flatten,1,ridge,median_std_clip,completed,"{'total_params': 12687872, 'trainable_params': 0, 'trainable_pct': 0.0, 'method': 'frozen'}",12.943243503570557,0.9532453978799835,
tl2ef402,v8,,0,,braindecode/arithmetic_zyma2019,frozen,flatten,2,ridge,median_std_clip,completed,"{'total_params': 12687872, 'trainable_params': 0, 'trainable_pct': 0.0, 'method': 'frozen'}",12.397627592086792,0.7291666666666667,
tl2ef402,v8,,0,,braindecode/bcic2a,frozen,flatten,2,ridge,median_std_clip,completed,"{'total_params': 12687872, 'trainable_params': 0, 'trainable_pct': 0.0, 'method': 'frozen'}",12.103483438491821,0.46412037037037035,
tl2ef402,v8,,0,,braindecode/bcic2020-3,frozen,flatten,2,ridge,median_std_clip,completed,"{'total_params': 12687872, 'trainable_params': 0, 'trainable_pct': 0.0, 'method': 'frozen'}",24.216708660125732,0.28400000000000003,
tl2ef402,v8,,0,,braindecode/physionet,frozen,flatten,2,ridge,median_std_clip,completed,"{'total_params': 12687872, 'trainable_params': 0, 'trainable_pct': 0.0, 'method': 'frozen'}",29.263424158096313,0.5376202312840399,
tl2ef402,v8,,0,,braindecode/chbmit,frozen,flatten,2,ridge,median_std_clip,completed,"{'total_params': 12687872, 'trainable_params': 0, 'trainable_pct': 0.0, 'method': 'frozen'}",53.798338174819946,0.8838312301485106,
tl2ef402,v8,,0,,braindecode/faced,frozen,flatten,2,ridge,median_std_clip,completed,"{'total_params': 12687872, 'trainable_params': 0, 'trainable_pct': 0.0, 'method': 'frozen'}",49.00939178466797,0.2837583612040134,
tl2ef402,v8,,0,,braindecode/isruc-sleep,frozen,flatten,2,ridge,median_std_clip,completed,"{'total_params': 12687872, 'trainable_params': 0, 'trainable_pct': 0.0, 'method': 'frozen'}",86.77361249923706,0.6943213087363638,
tl2ef402,v8,,0,,braindecode/mdd_mumtaz2016,frozen,flatten,2,ridge,median_std_clip,completed,"{'total_params': 12687872, 'trainable_params': 0, 'trainable_pct': 0.0, 'method': 'frozen'}",16.25511932373047,0.8694728867547623,
tl2ef402,v8,,0,,braindecode/seed-v,frozen,flatten,2,ridge,median_std_clip,completed,"{'total_params': 12687872, 'trainable_params': 0, 'trainable_pct': 0.0, 'method': 'frozen'}",37.33915877342224,0.3083919242429831,
tl2ef402,v8,,0,,braindecode/seed-vig,frozen,flatten,2,ridge,median_std_clip,completed,"{'total_params': 12687872, 'trainable_params': 0, 'trainable_pct': 0.0, 'method': 'frozen'}",26.456096172332764,,-0.260550434206843
tl2ef402,v8,,0,,braindecode/tuab,frozen,flatten,2,ridge,median_std_clip,completed,"{'total_params': 12687872, 'trainable_params': 0, 'trainable_pct': 0.0, 'method': 'frozen'}",55.648587226867676,0.8044598593615939,
tl2ef402,v8,,0,,braindecode/tuev,frozen,flatten,2,ridge,median_std_clip,completed,"{'total_params': 12687872, 'trainable_params': 0, 'trainable_pct': 0.0, 'method': 'frozen'}",12.494811534881592,0.8984848327313119,
tl2ef402,v8,,0,,braindecode/arithmetic_zyma2019,frozen,flatten,3,ridge,median_std_clip,completed,"{'total_params': 12687872, 'trainable_params': 0, 'trainable_pct': 0.0, 'method': 'frozen'}",11.043440341949463,0.7534722222222222,
tl2ef402,v8,,0,,braindecode/bcic2a,frozen,flatten,3,ridge,median_std_clip,completed,"{'total_params': 12687872, 'trainable_params': 0, 'trainable_pct': 0.0, 'method': 'frozen'}",11.716087341308594,0.4600694444444444,
tl2ef402,v8,,0,,braindecode/bcic2020-3,frozen,flatten,3,ridge,median_std_clip,completed,"{'total_params': 12687872, 'trainable_params': 0, 'trainable_pct': 0.0, 'method': 'frozen'}",24.510068893432617,0.2706666666666667,
tl2ef402,v8,,0,,braindecode/physionet,frozen,flatten,3,ridge,median_std_clip,completed,"{'total_params': 12687872, 'trainable_params': 0, 'trainable_pct': 0.0, 'method': 'frozen'}",27.362826585769653,0.5387143397035842,
tl2ef402,v8,,0,,braindecode/chbmit,frozen,flatten,3,ridge,median_std_clip,completed,"{'total_params': 12687872, 'trainable_params': 0, 'trainable_pct': 0.0, 'method': 'frozen'}",56.374722480773926,0.9318825650270409,
tl2ef402,v8,,0,,braindecode/faced,frozen,flatten,3,ridge,median_std_clip,completed,"{'total_params': 12687872, 'trainable_params': 0, 'trainable_pct': 0.0, 'method': 'frozen'}",49.65383577346802,0.2713521381999643,
tl2ef402,v8,,0,,braindecode/isruc-sleep,frozen,flatten,3,ridge,median_std_clip,completed,"{'total_params': 12687872, 'trainable_params': 0, 'trainable_pct': 0.0, 'method': 'frozen'}",87.9916250705719,0.6883129458567865,
tl2ef402,v8,,0,,braindecode/mdd_mumtaz2016,frozen,flatten,3,ridge,median_std_clip,completed,"{'total_params': 12687872, 'trainable_params': 0, 'trainable_pct': 0.0, 'method': 'frozen'}",15.736043691635132,0.8641186651839092,
tl2ef402,v8,,0,,braindecode/seed-v,frozen,flatten,3,ridge,median_std_clip,completed,"{'total_params': 12687872, 'trainable_params': 0, 'trainable_pct': 0.0, 'method': 'frozen'}",51.275898694992065,0.30636081093367173,
tl2ef402,v8,,0,,braindecode/seed-vig,frozen,flatten,3,ridge,median_std_clip,completed,"{'total_params': 12687872, 'trainable_params': 0, 'trainable_pct': 0.0, 'method': 'frozen'}",26.367141246795654,,-0.2625013880727063
tl2ef402,v8,,0,,braindecode/tuab,frozen,flatten,3,ridge,median_std_clip,completed,"{'total_params': 12687872, 'trainable_params': 0, 'trainable_pct': 0.0, 'method': 'frozen'}",57.4545419216156,0.8060604668980025,
tl2ef402,v8,,0,,braindecode/tuev,frozen,flatten,3,ridge,median_std_clip,completed,"{'total_params': 12687872, 'trainable_params': 0, 'trainable_pct': 0.0, 'method': 'frozen'}",13.308513402938843,0.9510343614563892,
tl2ef402,v8,,0,,braindecode/arithmetic_zyma2019,frozen,flatten,4,ridge,median_std_clip,completed,"{'total_params': 12687872, 'trainable_params': 0, 'trainable_pct': 0.0, 'method': 'frozen'}",11.299147605895996,0.7430555555555556,
tl2ef402,v8,,0,,braindecode/bcic2a,frozen,flatten,4,ridge,median_std_clip,completed,"{'total_params': 12687872, 'trainable_params': 0, 'trainable_pct': 0.0, 'method': 'frozen'}",12.635404825210571,0.4247685185185185,
tl2ef402,v8,,0,,braindecode/bcic2020-3,frozen,flatten,4,ridge,median_std_clip,completed,"{'total_params': 12687872, 'trainable_params': 0, 'trainable_pct': 0.0, 'method': 'frozen'}",25.012308597564697,0.27066666666666667,
tl2ef402,v8,,0,,braindecode/physionet,frozen,flatten,4,ridge,median_std_clip,completed,"{'total_params': 12687872, 'trainable_params': 0, 'trainable_pct': 0.0, 'method': 'frozen'}",28.367851495742798,0.5353526691686109,
tl2ef402,v8,,0,,braindecode/chbmit,frozen,flatten,4,ridge,median_std_clip,completed,"{'total_params': 12687872, 'trainable_params': 0, 'trainable_pct': 0.0, 'method': 'frozen'}",57.148881673812866,0.9299939909005064,
tl2ef402,v8,,0,,braindecode/faced,frozen,flatten,4,ridge,median_std_clip,completed,"{'total_params': 12687872, 'trainable_params': 0, 'trainable_pct': 0.0, 'method': 'frozen'}",51.10823082923889,0.2791429584907846,
tl2ef402,v8,,0,,braindecode/isruc-sleep,frozen,flatten,4,ridge,median_std_clip,completed,"{'total_params': 12687872, 'trainable_params': 0, 'trainable_pct': 0.0, 'method': 'frozen'}",89.58186316490173,0.6772153301798325,
tl2ef402,v8,,0,,braindecode/mdd_mumtaz2016,frozen,flatten,4,ridge,median_std_clip,completed,"{'total_params': 12687872, 'trainable_params': 0, 'trainable_pct': 0.0, 'method': 'frozen'}",15.733752727508545,0.8456672126216125,
tl2ef402,v8,,0,,braindecode/seed-v,frozen,flatten,4,ridge,median_std_clip,completed,"{'total_params': 12687872, 'trainable_params': 0, 'trainable_pct': 0.0, 'method': 'frozen'}",48.986021757125854,0.30958869850124604,
tl2ef402,v8,,0,,braindecode/seed-vig,frozen,flatten,4,ridge,median_std_clip,completed,"{'total_params': 12687872, 'trainable_params': 0, 'trainable_pct': 0.0, 'method': 'frozen'}",25.130704402923584,,-0.24324467813248174
tl2ef402,v8,,0,,braindecode/tuab,frozen,flatten,4,ridge,median_std_clip,completed,"{'total_params': 12687872, 'trainable_params': 0, 'trainable_pct': 0.0, 'method': 'frozen'}",55.3316376209259,0.802337290235286,
tl2ef402,v8,,0,,braindecode/tuev,frozen,flatten,4,ridge,median_std_clip,completed,"{'total_params': 12687872, 'trainable_params': 0, 'trainable_pct': 0.0, 'method': 'frozen'}",12.489331722259521,0.9548882633159524,
tl2ef402,v9,,0,,braindecode/arithmetic_zyma2019,frozen,flatten,0,ridge,median_std_clip,completed,"{'total_params': 12687872, 'trainable_params': 0, 'trainable_pct': 0.0, 'method': 'frozen'}",11.774999380111694,0.7152777777777778,
tl2ef402,v9,,0,,braindecode/bcic2a,frozen,flatten,0,ridge,median_std_clip,completed,"{'total_params': 12687872, 'trainable_params': 0, 'trainable_pct': 0.0, 'method': 'frozen'}",9.45167875289917,0.4554398148148148,
tl2ef402,v9,,0,,braindecode/bcic2020-3,frozen,flatten,0,ridge,median_std_clip,completed,"{'total_params': 12687872, 'trainable_params': 0, 'trainable_pct': 0.0, 'method': 'frozen'}",22.197134971618652,0.2813333333333333,
tl2ef402,v9,,0,,braindecode/physionet,frozen,flatten,0,ridge,median_std_clip,completed,"{'total_params': 12687872, 'trainable_params': 0, 'trainable_pct': 0.0, 'method': 'frozen'}",24.040180206298828,0.5212021197898619,
tl2ef402,v9,,0,,braindecode/chbmit,frozen,flatten,0,ridge,median_std_clip,completed,"{'total_params': 12687872, 'trainable_params': 0, 'trainable_pct': 0.0, 'method': 'frozen'}",53.09455180168152,0.9100995793630355,
tl2ef402,v9,,0,,braindecode/faced,frozen,flatten,0,ridge,median_std_clip,completed,"{'total_params': 12687872, 'trainable_params': 0, 'trainable_pct': 0.0, 'method': 'frozen'}",51.259296894073486,0.2796780514171818,
tl2ef402,v9,,0,,braindecode/isruc-sleep,frozen,flatten,0,ridge,median_std_clip,completed,"{'total_params': 12687872, 'trainable_params': 0, 'trainable_pct': 0.0, 'method': 'frozen'}",88.30226922035217,0.6881462120420798,
tl2ef402,v9,,0,,braindecode/mdd_mumtaz2016,frozen,flatten,0,ridge,median_std_clip,completed,"{'total_params': 12687872, 'trainable_params': 0, 'trainable_pct': 0.0, 'method': 'frozen'}",15.579020261764526,0.8500989563594483,
tl2ef402,v9,,0,,braindecode/seed-v,frozen,flatten,0,ridge,median_std_clip,completed,"{'total_params': 12687872, 'trainable_params': 0, 'trainable_pct': 0.0, 'method': 'frozen'}",48.000675678253174,0.3076603902903478,
tl2ef402,v9,,0,,braindecode/seed-vig,frozen,flatten,0,ridge,median_std_clip,completed,"{'total_params': 12687872, 'trainable_params': 0, 'trainable_pct': 0.0, 'method': 'frozen'}",23.047695636749268,,-0.24879202103996834
tl2ef402,v9,,0,,braindecode/tuab,frozen,flatten,0,ridge,median_std_clip,completed,"{'total_params': 12687872, 'trainable_params': 0, 'trainable_pct': 0.0, 'method': 'frozen'}",55.40055561065674,0.8065429453418849,
tl2ef402,v9,,0,,braindecode/tuev,frozen,flatten,0,ridge,median_std_clip,completed,"{'total_params': 12687872, 'trainable_params': 0, 'trainable_pct': 0.0, 'method': 'frozen'}",12.44156289100647,0.8954074502570268,
tl2ef402,v9,,0,,braindecode/arithmetic_zyma2019,frozen,flatten,1,ridge,median_std_clip,completed,"{'total_params': 12687872, 'trainable_params': 0, 'trainable_pct': 0.0, 'method': 'frozen'}",11.612199306488037,0.7430555555555556,
tl2ef402,v9,,0,,braindecode/bcic2a,frozen,flatten,1,ridge,median_std_clip,completed,"{'total_params': 12687872, 'trainable_params': 0, 'trainable_pct': 0.0, 'method': 'frozen'}",9.127200603485107,0.45833333333333337,
tl2ef402,v9,,0,,braindecode/bcic2020-3,frozen,flatten,1,ridge,median_std_clip,completed,"{'total_params': 12687872, 'trainable_params': 0, 'trainable_pct': 0.0, 'method': 'frozen'}",21.50732445716858,0.2786666666666667,
tl2ef402,v9,,0,,braindecode/physionet,frozen,flatten,1,ridge,median_std_clip,completed,"{'total_params': 12687872, 'trainable_params': 0, 'trainable_pct': 0.0, 'method': 'frozen'}",23.96633815765381,0.5342265429642367,
tl2ef402,v9,,0,,braindecode/chbmit,frozen,flatten,1,ridge,median_std_clip,completed,"{'total_params': 12687872, 'trainable_params': 0, 'trainable_pct': 0.0, 'method': 'frozen'}",55.53686237335205,0.9096274358314018,
tl2ef402,v9,,0,,braindecode/faced,frozen,flatten,1,ridge,median_std_clip,completed,"{'total_params': 12687872, 'trainable_params': 0, 'trainable_pct': 0.0, 'method': 'frozen'}",50.233383655548096,0.28732197753936883,
tl2ef402,v9,,0,,braindecode/isruc-sleep,frozen,flatten,1,ridge,median_std_clip,completed,"{'total_params': 12687872, 'trainable_params': 0, 'trainable_pct': 0.0, 'method': 'frozen'}",88.80434918403625,0.67419399129459,
tl2ef402,v9,,0,,braindecode/mdd_mumtaz2016,frozen,flatten,1,ridge,median_std_clip,completed,"{'total_params': 12687872, 'trainable_params': 0, 'trainable_pct': 0.0, 'method': 'frozen'}",18.187928915023804,0.8470135946864965,
tl2ef402,v9,,0,,braindecode/seed-v,frozen,flatten,1,ridge,median_std_clip,completed,"{'total_params': 12687872, 'trainable_params': 0, 'trainable_pct': 0.0, 'method': 'frozen'}",51.77377486228943,0.3062062303541854,
tl2ef402,v9,,0,,braindecode/seed-vig,frozen,flatten,1,ridge,median_std_clip,completed,"{'total_params': 12687872, 'trainable_params': 0, 'trainable_pct': 0.0, 'method': 'frozen'}",18.979583024978638,,-0.27042346206225987
tl2ef402,v9,,0,,braindecode/tuab,frozen,flatten,1,ridge,median_std_clip,completed,"{'total_params': 12687872, 'trainable_params': 0, 'trainable_pct': 0.0, 'method': 'frozen'}",55.972949743270874,0.8032406422143716,
tl2ef402,v9,,0,,braindecode/tuev,frozen,flatten,1,ridge,median_std_clip,completed,"{'total_params': 12687872, 'trainable_params': 0, 'trainable_pct': 0.0, 'method': 'frozen'}",13.343835353851318,0.9526706852363054,
tl2ef402,v9,,0,,braindecode/arithmetic_zyma2019,frozen,flatten,2,ridge,median_std_clip,completed,"{'total_params': 12687872, 'trainable_params': 0, 'trainable_pct': 0.0, 'method': 'frozen'}",11.68827772140503,0.7291666666666667,
tl2ef402,v9,,0,,braindecode/bcic2a,frozen,flatten,2,ridge,median_std_clip,completed,"{'total_params': 12687872, 'trainable_params': 0, 'trainable_pct': 0.0, 'method': 'frozen'}",9.464093208312988,0.4652777777777778,
tl2ef402,v9,,0,,braindecode/bcic2020-3,frozen,flatten,2,ridge,median_std_clip,completed,"{'total_params': 12687872, 'trainable_params': 0, 'trainable_pct': 0.0, 'method': 'frozen'}",21.248417615890503,0.2866666666666666,
tl2ef402,v9,,0,,braindecode/physionet,frozen,flatten,2,ridge,median_std_clip,completed,"{'total_params': 12687872, 'trainable_params': 0, 'trainable_pct': 0.0, 'method': 'frozen'}",24.02209210395813,0.5353654658598984,
tl2ef402,v9,,0,,braindecode/chbmit,frozen,flatten,2,ridge,median_std_clip,completed,"{'total_params': 12687872, 'trainable_params': 0, 'trainable_pct': 0.0, 'method': 'frozen'}",54.094011306762695,0.883359086616877,
tl2ef402,v9,,0,,braindecode/faced,frozen,flatten,2,ridge,median_std_clip,completed,"{'total_params': 12687872, 'trainable_params': 0, 'trainable_pct': 0.0, 'method': 'frozen'}",51.31551718711853,0.2834277739169043,
tl2ef402,v9,,0,,braindecode/isruc-sleep,frozen,flatten,2,ridge,median_std_clip,completed,"{'total_params': 12687872, 'trainable_params': 0, 'trainable_pct': 0.0, 'method': 'frozen'}",86.82088875770569,0.6932320603781762,
tl2ef402,v9,,0,,braindecode/mdd_mumtaz2016,frozen,flatten,2,ridge,median_std_clip,completed,"{'total_params': 12687872, 'trainable_params': 0, 'trainable_pct': 0.0, 'method': 'frozen'}",16.609479904174805,0.8686984351128042,
tl2ef402,v9,,0,,braindecode/seed-v,frozen,flatten,2,ridge,median_std_clip,completed,"{'total_params': 12687872, 'trainable_params': 0, 'trainable_pct': 0.0, 'method': 'frozen'}",50.865649938583374,0.30831264259711055,
tl2ef402,v9,,0,,braindecode/seed-vig,frozen,flatten,2,ridge,median_std_clip,completed,"{'total_params': 12687872, 'trainable_params': 0, 'trainable_pct': 0.0, 'method': 'frozen'}",19.096298933029175,,-0.2619990661526912
tl2ef402,v9,,0,,braindecode/tuab,frozen,flatten,2,ridge,median_std_clip,completed,"{'total_params': 12687872, 'trainable_params': 0, 'trainable_pct': 0.0, 'method': 'frozen'}",55.182466983795166,0.8049115353511367,
tl2ef402,v9,,0,,braindecode/tuev,frozen,flatten,2,ridge,median_std_clip,completed,"{'total_params': 12687872, 'trainable_params': 0, 'trainable_pct': 0.0, 'method': 'frozen'}",12.466769695281982,0.8934815055843924,
tl2ef402,v9,,0,,braindecode/arithmetic_zyma2019,frozen,flatten,3,ridge,median_std_clip,completed,"{'total_params': 12687872, 'trainable_params': 0, 'trainable_pct': 0.0, 'method': 'frozen'}",11.254854679107666,0.7534722222222222,
tl2ef402,v9,,0,,braindecode/bcic2a,frozen,flatten,3,ridge,median_std_clip,completed,"{'total_params': 12687872, 'trainable_params': 0, 'trainable_pct': 0.0, 'method': 'frozen'}",9.417646408081055,0.4618055555555556,
tl2ef402,v9,,0,,braindecode/bcic2020-3,frozen,flatten,3,ridge,median_std_clip,completed,"{'total_params': 12687872, 'trainable_params': 0, 'trainable_pct': 0.0, 'method': 'frozen'}",21.28107237815857,0.2653333333333333,
tl2ef402,v9,,0,,braindecode/physionet,frozen,flatten,3,ridge,median_std_clip,completed,"{'total_params': 12687872, 'trainable_params': 0, 'trainable_pct': 0.0, 'method': 'frozen'}",24.17155170440674,0.5375831179841272,
tl2ef402,v9,,0,,braindecode/chbmit,frozen,flatten,3,ridge,median_std_clip,completed,"{'total_params': 12687872, 'trainable_params': 0, 'trainable_pct': 0.0, 'method': 'frozen'}",53.12397813796997,0.9316464932612241,
tl2ef402,v9,,0,,braindecode/faced,frozen,flatten,3,ridge,median_std_clip,completed,"{'total_params': 12687872, 'trainable_params': 0, 'trainable_pct': 0.0, 'method': 'frozen'}",51.91919445991516,0.27239834440921395,
tl2ef402,v9,,0,,braindecode/isruc-sleep,frozen,flatten,3,ridge,median_std_clip,completed,"{'total_params': 12687872, 'trainable_params': 0, 'trainable_pct': 0.0, 'method': 'frozen'}",89.88846850395203,0.6791093078840396,
tl2ef402,v9,,0,,braindecode/mdd_mumtaz2016,frozen,flatten,3,ridge,median_std_clip,completed,"{'total_params': 12687872, 'trainable_params': 0, 'trainable_pct': 0.0, 'method': 'frozen'}",15.9728422164917,0.8635748330002055,
tl2ef402,v9,,0,,braindecode/seed-v,frozen,flatten,3,ridge,median_std_clip,completed,"{'total_params': 12687872, 'trainable_params': 0, 'trainable_pct': 0.0, 'method': 'frozen'}",50.469117879867554,0.30564824980123717,
tl2ef402,v9,,0,,braindecode/seed-vig,frozen,flatten,3,ridge,median_std_clip,completed,"{'total_params': 12687872, 'trainable_params': 0, 'trainable_pct': 0.0, 'method': 'frozen'}",23.293566703796387,,-0.26430634332228964
tl2ef402,v9,,0,,braindecode/tuab,frozen,flatten,3,ridge,median_std_clip,completed,"{'total_params': 12687872, 'trainable_params': 0, 'trainable_pct': 0.0, 'method': 'frozen'}",60.8504102230072,0.8055298246164255,
tl2ef402,v9,,0,,braindecode/tuev,frozen,flatten,3,ridge,median_std_clip,completed,"{'total_params': 12687872, 'trainable_params': 0, 'trainable_pct': 0.0, 'method': 'frozen'}",13.324305295944214,0.9510343614563892,
tl2ef402,v9,,0,,braindecode/arithmetic_zyma2019,frozen,flatten,4,ridge,median_std_clip,completed,"{'total_params': 12687872, 'trainable_params': 0, 'trainable_pct': 0.0, 'method': 'frozen'}",12.032715082168579,0.7430555555555556,
tl2ef402,v9,,0,,braindecode/bcic2a,frozen,flatten,4,ridge,median_std_clip,completed,"{'total_params': 12687872, 'trainable_params': 0, 'trainable_pct': 0.0, 'method': 'frozen'}",8.952666282653809,0.4600694444444445,
tl2ef402,v9,,0,,braindecode/bcic2020-3,frozen,flatten,4,ridge,median_std_clip,completed,"{'total_params': 12687872, 'trainable_params': 0, 'trainable_pct': 0.0, 'method': 'frozen'}",19.46607756614685,0.272,
tl2ef402,v9,,0,,braindecode/physionet,frozen,flatten,4,ridge,median_std_clip,completed,"{'total_params': 12687872, 'trainable_params': 0, 'trainable_pct': 0.0, 'method': 'frozen'}",26.103349924087524,0.5359272463977778,
tl2ef402,v9,,0,,braindecode/chbmit,frozen,flatten,4,ridge,median_std_clip,completed,"{'total_params': 12687872, 'trainable_params': 0, 'trainable_pct': 0.0, 'method': 'frozen'}",55.033210039138794,0.9060863593441497,
tl2ef402,v9,,0,,braindecode/faced,frozen,flatten,4,ridge,median_std_clip,completed,"{'total_params': 12687872, 'trainable_params': 0, 'trainable_pct': 0.0, 'method': 'frozen'}",51.173290491104126,0.27671302127823866,
tl2ef402,v9,,0,,braindecode/isruc-sleep,frozen,flatten,4,ridge,median_std_clip,completed,"{'total_params': 12687872, 'trainable_params': 0, 'trainable_pct': 0.0, 'method': 'frozen'}",88.01549124717712,0.6762051031750899,
tl2ef402,v9,,0,,braindecode/mdd_mumtaz2016,frozen,flatten,4,ridge,median_std_clip,completed,"{'total_params': 12687872, 'trainable_params': 0, 'trainable_pct': 0.0, 'method': 'frozen'}",16.77141761779785,0.8600593446479465,
tl2ef402,v9,,0,,braindecode/seed-v,frozen,flatten,4,ridge,median_std_clip,completed,"{'total_params': 12687872, 'trainable_params': 0, 'trainable_pct': 0.0, 'method': 'frozen'}",48.628469467163086,0.30886495552243415,
tl2ef402,v9,,0,,braindecode/seed-vig,frozen,flatten,4,ridge,median_std_clip,completed,"{'total_params': 12687872, 'trainable_params': 0, 'trainable_pct': 0.0, 'method': 'frozen'}",22.965065717697144,,-0.2443730753727551
tl2ef402,v9,,0,,braindecode/tuab,frozen,flatten,4,ridge,median_std_clip,completed,"{'total_params': 12687872, 'trainable_params': 0, 'trainable_pct': 0.0, 'method': 'frozen'}",56.81852054595947,0.804499342507611,
tl2ef402,v9,,0,,braindecode/tuev,frozen,flatten,4,ridge,median_std_clip,completed,"{'total_params': 12687872, 'trainable_params': 0, 'trainable_pct': 0.0, 'method': 'frozen'}",13.091575622558594,0.9548882633159524,
