run_id,version,n_chans,n_flatline,noise_sigma,dataset,finetuning,head,seed,training,scaler,status,adapter_stats,fit_time,test_balanced_accuracy,test_r2
hnhbuysb,v9,,0,,braindecode/arithmetic_zyma2019,frozen,flatten,0,ridge,median_std_clip,completed,"{'total_params': 12687872, 'trainable_params': 0, 'trainable_pct': 0.0, 'method': 'frozen'}",11.175934076309204,0.6701388888888888,
hnhbuysb,v9,,0,,braindecode/bcic2a,frozen,flatten,0,ridge,median_std_clip,completed,"{'total_params': 12687872, 'trainable_params': 0, 'trainable_pct': 0.0, 'method': 'frozen'}",9.188014030456543,0.45023148148148145,
hnhbuysb,v9,,0,,braindecode/bcic2020-3,frozen,flatten,0,ridge,median_std_clip,completed,"{'total_params': 12687872, 'trainable_params': 0, 'trainable_pct': 0.0, 'method': 'frozen'}",20.840285539627075,0.276,
hnhbuysb,v9,,0,,braindecode/physionet,frozen,flatten,0,ridge,median_std_clip,completed,"{'total_params': 12687872, 'trainable_params': 0, 'trainable_pct': 0.0, 'method': 'frozen'}",23.688278913497925,0.5664997781250602,
hnhbuysb,v9,,0,,braindecode/chbmit,frozen,flatten,0,ridge,median_std_clip,completed,"{'total_params': 12687872, 'trainable_params': 0, 'trainable_pct': 0.0, 'method': 'frozen'}",53.567469358444214,0.7133444930895356,
hnhbuysb,v9,,0,,braindecode/faced,frozen,flatten,0,ridge,median_std_clip,completed,"{'total_params': 12687872, 'trainable_params': 0, 'trainable_pct': 0.0, 'method': 'frozen'}",51.87775754928589,0.3100708168642951,
hnhbuysb,v9,,0,,braindecode/isruc-sleep,frozen,flatten,0,ridge,median_std_clip,completed,"{'total_params': 12687872, 'trainable_params': 0, 'trainable_pct': 0.0, 'method': 'frozen'}",89.04753279685974,0.6430508568146246,
hnhbuysb,v9,,0,,braindecode/mdd_mumtaz2016,frozen,flatten,0,ridge,median_std_clip,completed,"{'total_params': 12687872, 'trainable_params': 0, 'trainable_pct': 0.0, 'method': 'frozen'}",16.08171272277832,0.7837118104580285,
hnhbuysb,v9,,0,,braindecode/seed-v,frozen,flatten,0,ridge,median_std_clip,completed,"{'total_params': 12687872, 'trainable_params': 0, 'trainable_pct': 0.0, 'method': 'frozen'}",50.03132510185242,0.28236883075868974,
hnhbuysb,v9,,0,,braindecode/seed-vig,frozen,flatten,0,ridge,median_std_clip,completed,"{'total_params': 12687872, 'trainable_params': 0, 'trainable_pct': 0.0, 'method': 'frozen'}",23.61448097229004,,-0.1759737230996523
hnhbuysb,v9,,0,,braindecode/tuab,frozen,flatten,0,ridge,median_std_clip,completed,"{'total_params': 12687872, 'trainable_params': 0, 'trainable_pct': 0.0, 'method': 'frozen'}",58.736656188964844,0.7990128653451107,
hnhbuysb,v9,,0,,braindecode/tuev,frozen,flatten,0,ridge,median_std_clip,completed,"{'total_params': 12687872, 'trainable_params': 0, 'trainable_pct': 0.0, 'method': 'frozen'}",13.078221082687378,0.9493574014289403,
hnhbuysb,v9,,0,,braindecode/arithmetic_zyma2019,frozen,flatten,1,ridge,median_std_clip,completed,"{'total_params': 12687872, 'trainable_params': 0, 'trainable_pct': 0.0, 'method': 'frozen'}",12.440135955810547,0.6770833333333333,
hnhbuysb,v9,,0,,braindecode/bcic2a,frozen,flatten,1,ridge,median_std_clip,completed,"{'total_params': 12687872, 'trainable_params': 0, 'trainable_pct': 0.0, 'method': 'frozen'}",11.931330442428589,0.4369212962962963,
hnhbuysb,v9,,0,,braindecode/bcic2020-3,frozen,flatten,1,ridge,median_std_clip,completed,"{'total_params': 12687872, 'trainable_params': 0, 'trainable_pct': 0.0, 'method': 'frozen'}",24.207587242126465,0.26,
hnhbuysb,v9,,0,,braindecode/physionet,frozen,flatten,1,ridge,median_std_clip,completed,"{'total_params': 12687872, 'trainable_params': 0, 'trainable_pct': 0.0, 'method': 'frozen'}",26.379962682724,0.5687634983379241,
hnhbuysb,v9,,0,,braindecode/chbmit,frozen,flatten,1,ridge,median_std_clip,completed,"{'total_params': 12687872, 'trainable_params': 0, 'trainable_pct': 0.0, 'method': 'frozen'}",54.31579804420471,0.9524851918619623,
hnhbuysb,v9,,0,,braindecode/faced,frozen,flatten,1,ridge,median_std_clip,completed,"{'total_params': 12687872, 'trainable_params': 0, 'trainable_pct': 0.0, 'method': 'frozen'}",51.47435522079468,0.30864153961980045,
hnhbuysb,v9,,0,,braindecode/isruc-sleep,frozen,flatten,1,ridge,median_std_clip,completed,"{'total_params': 12687872, 'trainable_params': 0, 'trainable_pct': 0.0, 'method': 'frozen'}",87.89228057861328,0.6395684203838222,
hnhbuysb,v9,,0,,braindecode/mdd_mumtaz2016,frozen,flatten,1,ridge,median_std_clip,completed,"{'total_params': 12687872, 'trainable_params': 0, 'trainable_pct': 0.0, 'method': 'frozen'}",16.913953065872192,0.8271314653416484,
hnhbuysb,v9,,0,,braindecode/seed-v,frozen,flatten,1,ridge,median_std_clip,completed,"{'total_params': 12687872, 'trainable_params': 0, 'trainable_pct': 0.0, 'method': 'frozen'}",48.40822911262512,0.28349778090422373,
hnhbuysb,v9,,0,,braindecode/seed-vig,frozen,flatten,1,ridge,median_std_clip,completed,"{'total_params': 12687872, 'trainable_params': 0, 'trainable_pct': 0.0, 'method': 'frozen'}",25.659228563308716,,-0.18319798423536016
hnhbuysb,v9,,0,,braindecode/tuab,frozen,flatten,1,ridge,median_std_clip,completed,"{'total_params': 12687872, 'trainable_params': 0, 'trainable_pct': 0.0, 'method': 'frozen'}",57.345927000045776,0.7991794786208566,
hnhbuysb,v9,,0,,braindecode/tuev,frozen,flatten,1,ridge,median_std_clip,completed,"{'total_params': 12687872, 'trainable_params': 0, 'trainable_pct': 0.0, 'method': 'frozen'}",13.0599946975708,0.9480678051117392,
hnhbuysb,v9,,0,,braindecode/arithmetic_zyma2019,frozen,flatten,2,ridge,median_std_clip,completed,"{'total_params': 12687872, 'trainable_params': 0, 'trainable_pct': 0.0, 'method': 'frozen'}",11.339054346084595,0.6458333333333334,
hnhbuysb,v9,,0,,braindecode/bcic2a,frozen,flatten,2,ridge,median_std_clip,completed,"{'total_params': 12687872, 'trainable_params': 0, 'trainable_pct': 0.0, 'method': 'frozen'}",12.025242328643799,0.42071759259259256,
hnhbuysb,v9,,0,,braindecode/bcic2020-3,frozen,flatten,2,ridge,median_std_clip,completed,"{'total_params': 12687872, 'trainable_params': 0, 'trainable_pct': 0.0, 'method': 'frozen'}",21.61291742324829,0.2773333333333333,
hnhbuysb,v9,,0,,braindecode/physionet,frozen,flatten,2,ridge,median_std_clip,completed,"{'total_params': 12687872, 'trainable_params': 0, 'trainable_pct': 0.0, 'method': 'frozen'}",27.78034806251526,0.5749891002300093,
hnhbuysb,v9,,0,,braindecode/chbmit,frozen,flatten,2,ridge,median_std_clip,completed,"{'total_params': 12687872, 'trainable_params': 0, 'trainable_pct': 0.0, 'method': 'frozen'}",52.49796414375305,0.8757404069018799,
hnhbuysb,v9,,0,,braindecode/faced,frozen,flatten,2,ridge,median_std_clip,completed,"{'total_params': 12687872, 'trainable_params': 0, 'trainable_pct': 0.0, 'method': 'frozen'}",50.09432339668274,0.30582506261854087,
hnhbuysb,v9,,0,,braindecode/isruc-sleep,frozen,flatten,2,ridge,median_std_clip,completed,"{'total_params': 12687872, 'trainable_params': 0, 'trainable_pct': 0.0, 'method': 'frozen'}",86.5339093208313,0.6347055035220952,
hnhbuysb,v9,,0,,braindecode/mdd_mumtaz2016,frozen,flatten,2,ridge,median_std_clip,completed,"{'total_params': 12687872, 'trainable_params': 0, 'trainable_pct': 0.0, 'method': 'frozen'}",16.339675664901733,0.8187682529175986,
hnhbuysb,v9,,0,,braindecode/seed-v,frozen,flatten,2,ridge,median_std_clip,completed,"{'total_params': 12687872, 'trainable_params': 0, 'trainable_pct': 0.0, 'method': 'frozen'}",50.36850666999817,0.2866514195625175,
hnhbuysb,v9,,0,,braindecode/seed-vig,frozen,flatten,2,ridge,median_std_clip,completed,"{'total_params': 12687872, 'trainable_params': 0, 'trainable_pct': 0.0, 'method': 'frozen'}",25.7204647064209,,-0.17579678943668808
hnhbuysb,v9,,0,,braindecode/tuab,frozen,flatten,2,ridge,median_std_clip,completed,"{'total_params': 12687872, 'trainable_params': 0, 'trainable_pct': 0.0, 'method': 'frozen'}",56.60854530334473,0.8060778282813574,
hnhbuysb,v9,,0,,braindecode/tuev,frozen,flatten,2,ridge,median_std_clip,completed,"{'total_params': 12687872, 'trainable_params': 0, 'trainable_pct': 0.0, 'method': 'frozen'}",13.388099193572998,0.953577667534529,
hnhbuysb,v9,,0,,braindecode/arithmetic_zyma2019,frozen,flatten,3,ridge,median_std_clip,completed,"{'total_params': 12687872, 'trainable_params': 0, 'trainable_pct': 0.0, 'method': 'frozen'}",13.031444787979126,0.6458333333333334,
hnhbuysb,v9,,0,,braindecode/bcic2a,frozen,flatten,3,ridge,median_std_clip,completed,"{'total_params': 12687872, 'trainable_params': 0, 'trainable_pct': 0.0, 'method': 'frozen'}",11.758300304412842,0.41666666666666663,
hnhbuysb,v9,,0,,braindecode/bcic2020-3,frozen,flatten,3,ridge,median_std_clip,completed,"{'total_params': 12687872, 'trainable_params': 0, 'trainable_pct': 0.0, 'method': 'frozen'}",24.776623010635376,0.2773333333333333,
hnhbuysb,v9,,0,,braindecode/physionet,frozen,flatten,3,ridge,median_std_clip,completed,"{'total_params': 12687872, 'trainable_params': 0, 'trainable_pct': 0.0, 'method': 'frozen'}",25.90764045715332,0.5721571692866532,
hnhbuysb,v9,,0,,braindecode/chbmit,frozen,flatten,3,ridge,median_std_clip,completed,"{'total_params': 12687872, 'trainable_params': 0, 'trainable_pct': 0.0, 'method': 'frozen'}",55.884052991867065,0.855845995364409,
hnhbuysb,v9,,0,,braindecode/faced,frozen,flatten,3,ridge,median_std_clip,completed,"{'total_params': 12687872, 'trainable_params': 0, 'trainable_pct': 0.0, 'method': 'frozen'}",51.13638997077942,0.3174838446577577,
hnhbuysb,v9,,0,,braindecode/isruc-sleep,frozen,flatten,3,ridge,median_std_clip,completed,"{'total_params': 12687872, 'trainable_params': 0, 'trainable_pct': 0.0, 'method': 'frozen'}",88.74610781669617,0.6362183371669683,
hnhbuysb,v9,,0,,braindecode/mdd_mumtaz2016,frozen,flatten,3,ridge,median_std_clip,completed,"{'total_params': 12687872, 'trainable_params': 0, 'trainable_pct': 0.0, 'method': 'frozen'}",16.844091415405273,0.8369221460987879,
hnhbuysb,v9,,0,,braindecode/seed-v,frozen,flatten,3,ridge,median_std_clip,completed,"{'total_params': 12687872, 'trainable_params': 0, 'trainable_pct': 0.0, 'method': 'frozen'}",49.44306683540344,0.28156879858170464,
hnhbuysb,v9,,0,,braindecode/seed-vig,frozen,flatten,3,ridge,median_std_clip,completed,"{'total_params': 12687872, 'trainable_params': 0, 'trainable_pct': 0.0, 'method': 'frozen'}",22.999799251556396,,-0.1826358546388105
hnhbuysb,v9,,0,,braindecode/tuab,frozen,flatten,3,ridge,median_std_clip,completed,"{'total_params': 12687872, 'trainable_params': 0, 'trainable_pct': 0.0, 'method': 'frozen'}",55.42974376678467,0.8062531222487808,
hnhbuysb,v9,,0,,braindecode/tuev,frozen,flatten,3,ridge,median_std_clip,completed,"{'total_params': 12687872, 'trainable_params': 0, 'trainable_pct': 0.0, 'method': 'frozen'}",12.495650053024292,0.9009482289952978,
hnhbuysb,v9,,0,,braindecode/arithmetic_zyma2019,frozen,flatten,4,ridge,median_std_clip,completed,"{'total_params': 12687872, 'trainable_params': 0, 'trainable_pct': 0.0, 'method': 'frozen'}",11.843554258346558,0.6388888888888888,
hnhbuysb,v9,,0,,braindecode/bcic2a,frozen,flatten,4,ridge,median_std_clip,completed,"{'total_params': 12687872, 'trainable_params': 0, 'trainable_pct': 0.0, 'method': 'frozen'}",9.53438925743103,0.44849537037037035,
hnhbuysb,v9,,0,,braindecode/bcic2020-3,frozen,flatten,4,ridge,median_std_clip,completed,"{'total_params': 12687872, 'trainable_params': 0, 'trainable_pct': 0.0, 'method': 'frozen'}",21.51857304573059,0.2773333333333333,
hnhbuysb,v9,,0,,braindecode/physionet,frozen,flatten,4,ridge,median_std_clip,completed,"{'total_params': 12687872, 'trainable_params': 0, 'trainable_pct': 0.0, 'method': 'frozen'}",21.396334648132324,0.561974862295442,
hnhbuysb,v9,,0,,braindecode/chbmit,frozen,flatten,4,ridge,median_std_clip,completed,"{'total_params': 12687872, 'trainable_params': 0, 'trainable_pct': 0.0, 'method': 'frozen'}",54.120134115219116,0.9226757661601854,
hnhbuysb,v9,,0,,braindecode/faced,frozen,flatten,4,ridge,median_std_clip,completed,"{'total_params': 12687872, 'trainable_params': 0, 'trainable_pct': 0.0, 'method': 'frozen'}",49.21452260017395,0.3044407283537718,
hnhbuysb,v9,,0,,braindecode/isruc-sleep,frozen,flatten,4,ridge,median_std_clip,completed,"{'total_params': 12687872, 'trainable_params': 0, 'trainable_pct': 0.0, 'method': 'frozen'}",86.07392597198486,0.6328213209084798,
hnhbuysb,v9,,0,,braindecode/mdd_mumtaz2016,frozen,flatten,4,ridge,median_std_clip,completed,"{'total_params': 12687872, 'trainable_params': 0, 'trainable_pct': 0.0, 'method': 'frozen'}",15.657233238220215,0.8303165806251265,
hnhbuysb,v9,,0,,braindecode/seed-v,frozen,flatten,4,ridge,median_std_clip,completed,"{'total_params': 12687872, 'trainable_params': 0, 'trainable_pct': 0.0, 'method': 'frozen'}",48.329293966293335,0.28357853405672795,
hnhbuysb,v9,,0,,braindecode/seed-vig,frozen,flatten,4,ridge,median_std_clip,completed,"{'total_params': 12687872, 'trainable_params': 0, 'trainable_pct': 0.0, 'method': 'frozen'}",23.26695990562439,,-0.18162307241433173
hnhbuysb,v9,,0,,braindecode/tuab,frozen,flatten,4,ridge,median_std_clip,completed,"{'total_params': 12687872, 'trainable_params': 0, 'trainable_pct': 0.0, 'method': 'frozen'}",57.04228210449219,0.795394697049461,
hnhbuysb,v9,,0,,braindecode/tuev,frozen,flatten,4,ridge,median_std_clip,completed,"{'total_params': 12687872, 'trainable_params': 0, 'trainable_pct': 0.0, 'method': 'frozen'}",13.105285167694092,0.8959810089541526,
0hfltxhc,v9,,0,,braindecode/arithmetic_zyma2019,frozen,flatten,0,ridge,median_std_clip,completed,"{'total_params': 12687872, 'trainable_params': 0, 'trainable_pct': 0.0, 'method': 'frozen'}",11.587517976760864,0.6527777777777778,
0hfltxhc,v9,,0,,braindecode/bcic2a,frozen,flatten,0,ridge,median_std_clip,completed,"{'total_params': 12687872, 'trainable_params': 0, 'trainable_pct': 0.0, 'method': 'frozen'}",9.25019359588623,0.42013888888888884,
0hfltxhc,v9,,0,,braindecode/bcic2020-3,frozen,flatten,0,ridge,median_std_clip,completed,"{'total_params': 12687872, 'trainable_params': 0, 'trainable_pct': 0.0, 'method': 'frozen'}",20.836683988571167,0.26666666666666666,
0hfltxhc,v9,,0,,braindecode/physionet,frozen,flatten,0,ridge,median_std_clip,completed,"{'total_params': 12687872, 'trainable_params': 0, 'trainable_pct': 0.0, 'method': 'frozen'}",23.63575839996338,0.5381743453878629,
0hfltxhc,v9,,0,,braindecode/chbmit,frozen,flatten,0,ridge,median_std_clip,completed,"{'total_params': 12687872, 'trainable_params': 0, 'trainable_pct': 0.0, 'method': 'frozen'}",54.3690664768219,0.8757404069018799,
0hfltxhc,v9,,0,,braindecode/faced,frozen,flatten,0,ridge,median_std_clip,completed,"{'total_params': 12687872, 'trainable_params': 0, 'trainable_pct': 0.0, 'method': 'frozen'}",53.103251695632935,0.30153481783916564,
0hfltxhc,v9,,0,,braindecode/isruc-sleep,frozen,flatten,0,ridge,median_std_clip,completed,"{'total_params': 12687872, 'trainable_params': 0, 'trainable_pct': 0.0, 'method': 'frozen'}",90.68338918685913,0.6698719188682662,
0hfltxhc,v9,,0,,braindecode/mdd_mumtaz2016,frozen,flatten,0,ridge,median_std_clip,completed,"{'total_params': 12687872, 'trainable_params': 0, 'trainable_pct': 0.0, 'method': 'frozen'}",16.69765591621399,0.8130853597284369,
0hfltxhc,v9,,0,,braindecode/seed-v,frozen,flatten,0,ridge,median_std_clip,completed,"{'total_params': 12687872, 'trainable_params': 0, 'trainable_pct': 0.0, 'method': 'frozen'}",50.06275200843811,0.2763058577961349,
0hfltxhc,v9,,0,,braindecode/seed-vig,frozen,flatten,0,ridge,median_std_clip,completed,"{'total_params': 12687872, 'trainable_params': 0, 'trainable_pct': 0.0, 'method': 'frozen'}",23.36775040626526,,-0.28724949853245185
0hfltxhc,v9,,0,,braindecode/tuab,frozen,flatten,0,ridge,median_std_clip,completed,"{'total_params': 12687872, 'trainable_params': 0, 'trainable_pct': 0.0, 'method': 'frozen'}",57.06770348548889,0.7763444991296906,
0hfltxhc,v9,,0,,braindecode/tuev,frozen,flatten,0,ridge,median_std_clip,completed,"{'total_params': 12687872, 'trainable_params': 0, 'trainable_pct': 0.0, 'method': 'frozen'}",12.814308404922485,0.947498271443202,
0hfltxhc,v9,,0,,braindecode/arithmetic_zyma2019,frozen,flatten,1,ridge,median_std_clip,completed,"{'total_params': 12687872, 'trainable_params': 0, 'trainable_pct': 0.0, 'method': 'frozen'}",11.893129348754883,0.6631944444444444,
0hfltxhc,v9,,0,,braindecode/bcic2a,frozen,flatten,1,ridge,median_std_clip,completed,"{'total_params': 12687872, 'trainable_params': 0, 'trainable_pct': 0.0, 'method': 'frozen'}",9.159655332565308,0.42071759259259267,
0hfltxhc,v9,,0,,braindecode/bcic2020-3,frozen,flatten,1,ridge,median_std_clip,completed,"{'total_params': 12687872, 'trainable_params': 0, 'trainable_pct': 0.0, 'method': 'frozen'}",21.51535153388977,0.2786666666666667,
0hfltxhc,v9,,0,,braindecode/physionet,frozen,flatten,1,ridge,median_std_clip,completed,"{'total_params': 12687872, 'trainable_params': 0, 'trainable_pct': 0.0, 'method': 'frozen'}",23.81446099281311,0.533643057269212,
0hfltxhc,v9,,0,,braindecode/chbmit,frozen,flatten,1,ridge,median_std_clip,completed,"{'total_params': 12687872, 'trainable_params': 0, 'trainable_pct': 0.0, 'method': 'frozen'}",52.77767729759216,0.8989398231607864,
0hfltxhc,v9,,0,,braindecode/faced,frozen,flatten,1,ridge,median_std_clip,completed,"{'total_params': 12687872, 'trainable_params': 0, 'trainable_pct': 0.0, 'method': 'frozen'}",51.331289768218994,0.3015183789640311,
0hfltxhc,v9,,0,,braindecode/isruc-sleep,frozen,flatten,1,ridge,median_std_clip,completed,"{'total_params': 12687872, 'trainable_params': 0, 'trainable_pct': 0.0, 'method': 'frozen'}",88.13997673988342,0.6602611727464914,
0hfltxhc,v9,,0,,braindecode/mdd_mumtaz2016,frozen,flatten,1,ridge,median_std_clip,completed,"{'total_params': 12687872, 'trainable_params': 0, 'trainable_pct': 0.0, 'method': 'frozen'}",15.641053915023804,0.8039288338686259,
0hfltxhc,v9,,0,,braindecode/seed-v,frozen,flatten,1,ridge,median_std_clip,completed,"{'total_params': 12687872, 'trainable_params': 0, 'trainable_pct': 0.0, 'method': 'frozen'}",48.21215295791626,0.27648832467003687,
0hfltxhc,v9,,0,,braindecode/seed-vig,frozen,flatten,1,ridge,median_std_clip,completed,"{'total_params': 12687872, 'trainable_params': 0, 'trainable_pct': 0.0, 'method': 'frozen'}",18.960346698760986,,-0.25756410768894256
0hfltxhc,v9,,0,,braindecode/tuab,frozen,flatten,1,ridge,median_std_clip,completed,"{'total_params': 12687872, 'trainable_params': 0, 'trainable_pct': 0.0, 'method': 'frozen'}",55.93067669868469,0.7836550416337174,
0hfltxhc,v9,,0,,braindecode/tuev,frozen,flatten,1,ridge,median_std_clip,completed,"{'total_params': 12687872, 'trainable_params': 0, 'trainable_pct': 0.0, 'method': 'frozen'}",12.444175004959106,0.8690968977978288,
0hfltxhc,v9,,0,,braindecode/arithmetic_zyma2019,frozen,flatten,2,ridge,median_std_clip,completed,"{'total_params': 12687872, 'trainable_params': 0, 'trainable_pct': 0.0, 'method': 'frozen'}",11.782687187194824,0.6666666666666666,
0hfltxhc,v9,,0,,braindecode/bcic2a,frozen,flatten,2,ridge,median_std_clip,completed,"{'total_params': 12687872, 'trainable_params': 0, 'trainable_pct': 0.0, 'method': 'frozen'}",9.410056829452515,0.42071759259259256,
0hfltxhc,v9,,0,,braindecode/bcic2020-3,frozen,flatten,2,ridge,median_std_clip,completed,"{'total_params': 12687872, 'trainable_params': 0, 'trainable_pct': 0.0, 'method': 'frozen'}",21.6564679145813,0.26,
0hfltxhc,v9,,0,,braindecode/physionet,frozen,flatten,2,ridge,median_std_clip,completed,"{'total_params': 12687872, 'trainable_params': 0, 'trainable_pct': 0.0, 'method': 'frozen'}",23.945650577545166,0.5217933182418073,
0hfltxhc,v9,,0,,braindecode/chbmit,frozen,flatten,2,ridge,median_std_clip,completed,"{'total_params': 12687872, 'trainable_params': 0, 'trainable_pct': 0.0, 'method': 'frozen'}",54.53933119773865,0.9015366125847712,
0hfltxhc,v9,,0,,braindecode/faced,frozen,flatten,2,ridge,median_std_clip,completed,"{'total_params': 12687872, 'trainable_params': 0, 'trainable_pct': 0.0, 'method': 'frozen'}",50.60844278335571,0.30650237443715705,
0hfltxhc,v9,,0,,braindecode/isruc-sleep,frozen,flatten,2,ridge,median_std_clip,completed,"{'total_params': 12687872, 'trainable_params': 0, 'trainable_pct': 0.0, 'method': 'frozen'}",89.21786832809448,0.6631607570634609,
0hfltxhc,v9,,0,,braindecode/mdd_mumtaz2016,frozen,flatten,2,ridge,median_std_clip,completed,"{'total_params': 12687872, 'trainable_params': 0, 'trainable_pct': 0.0, 'method': 'frozen'}",17.320210695266724,0.7804674846981268,
0hfltxhc,v9,,0,,braindecode/seed-v,frozen,flatten,2,ridge,median_std_clip,completed,"{'total_params': 12687872, 'trainable_params': 0, 'trainable_pct': 0.0, 'method': 'frozen'}",50.95404386520386,0.27733796766338864,
0hfltxhc,v9,,0,,braindecode/seed-vig,frozen,flatten,2,ridge,median_std_clip,completed,"{'total_params': 12687872, 'trainable_params': 0, 'trainable_pct': 0.0, 'method': 'frozen'}",19.130836486816406,,-0.26592005017509424
0hfltxhc,v9,,0,,braindecode/tuab,frozen,flatten,2,ridge,median_std_clip,completed,"{'total_params': 12687872, 'trainable_params': 0, 'trainable_pct': 0.0, 'method': 'frozen'}",56.33083128929138,0.7877904111399596,
0hfltxhc,v9,,0,,braindecode/tuev,frozen,flatten,2,ridge,median_std_clip,completed,"{'total_params': 12687872, 'trainable_params': 0, 'trainable_pct': 0.0, 'method': 'frozen'}",13.347256660461426,0.868840008815679,
0hfltxhc,v9,,0,,braindecode/arithmetic_zyma2019,frozen,flatten,3,ridge,median_std_clip,completed,"{'total_params': 12687872, 'trainable_params': 0, 'trainable_pct': 0.0, 'method': 'frozen'}",11.875023126602173,0.6631944444444444,
0hfltxhc,v9,,0,,braindecode/bcic2a,frozen,flatten,3,ridge,median_std_clip,completed,"{'total_params': 12687872, 'trainable_params': 0, 'trainable_pct': 0.0, 'method': 'frozen'}",9.770684003829956,0.4380787037037037,
0hfltxhc,v9,,0,,braindecode/bcic2020-3,frozen,flatten,3,ridge,median_std_clip,completed,"{'total_params': 12687872, 'trainable_params': 0, 'trainable_pct': 0.0, 'method': 'frozen'}",21.01535439491272,0.2693333333333333,
0hfltxhc,v9,,0,,braindecode/physionet,frozen,flatten,3,ridge,median_std_clip,completed,"{'total_params': 12687872, 'trainable_params': 0, 'trainable_pct': 0.0, 'method': 'frozen'}",24.017279148101807,0.5495019996769906,
0hfltxhc,v9,,0,,braindecode/chbmit,frozen,flatten,3,ridge,median_std_clip,completed,"{'total_params': 12687872, 'trainable_params': 0, 'trainable_pct': 0.0, 'method': 'frozen'}",53.225616693496704,0.8996480384582368,
0hfltxhc,v9,,0,,braindecode/faced,frozen,flatten,3,ridge,median_std_clip,completed,"{'total_params': 12687872, 'trainable_params': 0, 'trainable_pct': 0.0, 'method': 'frozen'}",50.44718670845032,0.3103054855772247,
0hfltxhc,v9,,0,,braindecode/isruc-sleep,frozen,flatten,3,ridge,median_std_clip,completed,"{'total_params': 12687872, 'trainable_params': 0, 'trainable_pct': 0.0, 'method': 'frozen'}",86.28013968467712,0.6667066947845337,
0hfltxhc,v9,,0,,braindecode/mdd_mumtaz2016,frozen,flatten,3,ridge,median_std_clip,completed,"{'total_params': 12687872, 'trainable_params': 0, 'trainable_pct': 0.0, 'method': 'frozen'}",16.518385410308838,0.8023144976608458,
0hfltxhc,v9,,0,,braindecode/seed-v,frozen,flatten,3,ridge,median_std_clip,completed,"{'total_params': 12687872, 'trainable_params': 0, 'trainable_pct': 0.0, 'method': 'frozen'}",49.53485107421875,0.27843248645446533,
0hfltxhc,v9,,0,,braindecode/seed-vig,frozen,flatten,3,ridge,median_std_clip,completed,"{'total_params': 12687872, 'trainable_params': 0, 'trainable_pct': 0.0, 'method': 'frozen'}",24.287724256515503,,-0.2719866318924744
0hfltxhc,v9,,0,,braindecode/tuab,frozen,flatten,3,ridge,median_std_clip,completed,"{'total_params': 12687872, 'trainable_params': 0, 'trainable_pct': 0.0, 'method': 'frozen'}",54.33725547790527,0.7861811229118736,
0hfltxhc,v9,,0,,braindecode/tuev,frozen,flatten,3,ridge,median_std_clip,completed,"{'total_params': 12687872, 'trainable_params': 0, 'trainable_pct': 0.0, 'method': 'frozen'}",12.399291753768921,0.8692600926213429,
0hfltxhc,v9,,0,,braindecode/arithmetic_zyma2019,frozen,flatten,4,ridge,median_std_clip,completed,"{'total_params': 12687872, 'trainable_params': 0, 'trainable_pct': 0.0, 'method': 'frozen'}",11.099669694900513,0.6493055555555556,
0hfltxhc,v9,,0,,braindecode/bcic2a,frozen,flatten,4,ridge,median_std_clip,completed,"{'total_params': 12687872, 'trainable_params': 0, 'trainable_pct': 0.0, 'method': 'frozen'}",9.176893472671509,0.4068287037037037,
0hfltxhc,v9,,0,,braindecode/bcic2020-3,frozen,flatten,4,ridge,median_std_clip,completed,"{'total_params': 12687872, 'trainable_params': 0, 'trainable_pct': 0.0, 'method': 'frozen'}",19.42685031890869,0.256,
0hfltxhc,v9,,0,,braindecode/physionet,frozen,flatten,4,ridge,median_std_clip,completed,"{'total_params': 12687872, 'trainable_params': 0, 'trainable_pct': 0.0, 'method': 'frozen'}",25.049864292144775,0.5415846838822349,
0hfltxhc,v9,,0,,braindecode/chbmit,frozen,flatten,4,ridge,median_std_clip,completed,"{'total_params': 12687872, 'trainable_params': 0, 'trainable_pct': 0.0, 'method': 'frozen'}",53.81207728385925,0.876920765730964,
0hfltxhc,v9,,0,,braindecode/faced,frozen,flatten,4,ridge,median_std_clip,completed,"{'total_params': 12687872, 'trainable_params': 0, 'trainable_pct': 0.0, 'method': 'frozen'}",51.29057002067566,0.3020861988253293,
0hfltxhc,v9,,0,,braindecode/isruc-sleep,frozen,flatten,4,ridge,median_std_clip,completed,"{'total_params': 12687872, 'trainable_params': 0, 'trainable_pct': 0.0, 'method': 'frozen'}",88.15612387657166,0.6640121548954279,
0hfltxhc,v9,,0,,braindecode/mdd_mumtaz2016,frozen,flatten,4,ridge,median_std_clip,completed,"{'total_params': 12687872, 'trainable_params': 0, 'trainable_pct': 0.0, 'method': 'frozen'}",15.848531007766724,0.8162346473262629,
0hfltxhc,v9,,0,,braindecode/seed-v,frozen,flatten,4,ridge,median_std_clip,completed,"{'total_params': 12687872, 'trainable_params': 0, 'trainable_pct': 0.0, 'method': 'frozen'}",50.448225259780884,0.27488318103253884,
0hfltxhc,v9,,0,,braindecode/seed-vig,frozen,flatten,4,ridge,median_std_clip,completed,"{'total_params': 12687872, 'trainable_params': 0, 'trainable_pct': 0.0, 'method': 'frozen'}",22.803458213806152,,-0.2790725144808548
0hfltxhc,v9,,0,,braindecode/tuab,frozen,flatten,4,ridge,median_std_clip,completed,"{'total_params': 12687872, 'trainable_params': 0, 'trainable_pct': 0.0, 'method': 'frozen'}",58.266873598098755,0.7796862854032209,
0hfltxhc,v9,,0,,braindecode/tuev,frozen,flatten,4,ridge,median_std_clip,completed,"{'total_params': 12687872, 'trainable_params': 0, 'trainable_pct': 0.0, 'method': 'frozen'}",13.033974170684814,0.9526575901090477,
ab3zq84f,v9,,0,,braindecode/arithmetic_zyma2019,frozen,flatten,0,ridge,median_std_clip,completed,"{'total_params': 12687872, 'trainable_params': 0, 'trainable_pct': 0.0, 'method': 'frozen'}",11.911701202392578,0.6666666666666667,
ab3zq84f,v9,,0,,braindecode/bcic2a,frozen,flatten,0,ridge,median_std_clip,completed,"{'total_params': 12687872, 'trainable_params': 0, 'trainable_pct': 0.0, 'method': 'frozen'}",9.148393154144287,0.44155092592592593,
ab3zq84f,v9,,0,,braindecode/bcic2020-3,frozen,flatten,0,ridge,median_std_clip,completed,"{'total_params': 12687872, 'trainable_params': 0, 'trainable_pct': 0.0, 'method': 'frozen'}",20.892760753631592,0.2706666666666667,
ab3zq84f,v9,,0,,braindecode/physionet,frozen,flatten,0,ridge,median_std_clip,completed,"{'total_params': 12687872, 'trainable_params': 0, 'trainable_pct': 0.0, 'method': 'frozen'}",23.661875009536743,0.5715685533343974,
ab3zq84f,v9,,0,,braindecode/chbmit,frozen,flatten,0,ridge,median_std_clip,completed,"{'total_params': 12687872, 'trainable_params': 0, 'trainable_pct': 0.0, 'method': 'frozen'}",54.3780038356781,0.8288694308524336,
ab3zq84f,v9,,0,,braindecode/faced,frozen,flatten,0,ridge,median_std_clip,completed,"{'total_params': 12687872, 'trainable_params': 0, 'trainable_pct': 0.0, 'method': 'frozen'}",52.1365327835083,0.2796195350543177,
ab3zq84f,v9,,0,,braindecode/isruc-sleep,frozen,flatten,0,ridge,median_std_clip,completed,"{'total_params': 12687872, 'trainable_params': 0, 'trainable_pct': 0.0, 'method': 'frozen'}",87.71521592140198,0.6939071514560011,
ab3zq84f,v9,,0,,braindecode/mdd_mumtaz2016,frozen,flatten,0,ridge,median_std_clip,completed,"{'total_params': 12687872, 'trainable_params': 0, 'trainable_pct': 0.0, 'method': 'frozen'}",16.142913818359375,0.8485592895209513,
ab3zq84f,v9,,0,,braindecode/seed-v,frozen,flatten,0,ridge,median_std_clip,completed,"{'total_params': 12687872, 'trainable_params': 0, 'trainable_pct': 0.0, 'method': 'frozen'}",48.3466591835022,0.28798981201891705,
ab3zq84f,v9,,0,,braindecode/seed-vig,frozen,flatten,0,ridge,median_std_clip,completed,"{'total_params': 12687872, 'trainable_params': 0, 'trainable_pct': 0.0, 'method': 'frozen'}",22.884609937667847,,-0.2041011248670901
ab3zq84f,v9,,0,,braindecode/tuab,frozen,flatten,0,ridge,median_std_clip,completed,"{'total_params': 12687872, 'trainable_params': 0, 'trainable_pct': 0.0, 'method': 'frozen'}",57.25933122634888,0.7905928744402353,
ab3zq84f,v9,,0,,braindecode/tuev,frozen,flatten,0,ridge,median_std_clip,completed,"{'total_params': 12687872, 'trainable_params': 0, 'trainable_pct': 0.0, 'method': 'frozen'}",12.971955299377441,0.9037220368818647,
ab3zq84f,v9,,0,,braindecode/arithmetic_zyma2019,frozen,flatten,1,ridge,median_std_clip,completed,"{'total_params': 12687872, 'trainable_params': 0, 'trainable_pct': 0.0, 'method': 'frozen'}",11.269812822341919,0.6770833333333333,
ab3zq84f,v9,,0,,braindecode/bcic2a,frozen,flatten,1,ridge,median_std_clip,completed,"{'total_params': 12687872, 'trainable_params': 0, 'trainable_pct': 0.0, 'method': 'frozen'}",8.766968727111816,0.4201388888888889,
ab3zq84f,v9,,0,,braindecode/bcic2020-3,frozen,flatten,1,ridge,median_std_clip,completed,"{'total_params': 12687872, 'trainable_params': 0, 'trainable_pct': 0.0, 'method': 'frozen'}",19.615415573120117,0.2773333333333333,
ab3zq84f,v9,,0,,braindecode/physionet,frozen,flatten,1,ridge,median_std_clip,completed,"{'total_params': 12687872, 'trainable_params': 0, 'trainable_pct': 0.0, 'method': 'frozen'}",25.712871551513672,0.5659085333502505,
ab3zq84f,v9,,0,,braindecode/chbmit,frozen,flatten,1,ridge,median_std_clip,completed,"{'total_params': 12687872, 'trainable_params': 0, 'trainable_pct': 0.0, 'method': 'frozen'}",52.685972452163696,0.926925057944888,
ab3zq84f,v9,,0,,braindecode/faced,frozen,flatten,1,ridge,median_std_clip,completed,"{'total_params': 12687872, 'trainable_params': 0, 'trainable_pct': 0.0, 'method': 'frozen'}",50.776468992233276,0.2844622165274339,
ab3zq84f,v9,,0,,braindecode/isruc-sleep,frozen,flatten,1,ridge,median_std_clip,completed,"{'total_params': 12687872, 'trainable_params': 0, 'trainable_pct': 0.0, 'method': 'frozen'}",87.91112446784973,0.6961698169585497,
ab3zq84f,v9,,0,,braindecode/mdd_mumtaz2016,frozen,flatten,1,ridge,median_std_clip,completed,"{'total_params': 12687872, 'trainable_params': 0, 'trainable_pct': 0.0, 'method': 'frozen'}",16.101340293884277,0.8540100562528694,
ab3zq84f,v9,,0,,braindecode/seed-v,frozen,flatten,1,ridge,median_std_clip,completed,"{'total_params': 12687872, 'trainable_params': 0, 'trainable_pct': 0.0, 'method': 'frozen'}",49.90135478973389,0.29037686379000094,
ab3zq84f,v9,,0,,braindecode/seed-vig,frozen,flatten,1,ridge,median_std_clip,completed,"{'total_params': 12687872, 'trainable_params': 0, 'trainable_pct': 0.0, 'method': 'frozen'}",22.902089595794678,,-0.18649591161733636
ab3zq84f,v9,,0,,braindecode/tuab,frozen,flatten,1,ridge,median_std_clip,completed,"{'total_params': 12687872, 'trainable_params': 0, 'trainable_pct': 0.0, 'method': 'frozen'}",56.08506631851196,0.7923032507230177,
ab3zq84f,v9,,0,,braindecode/tuev,frozen,flatten,1,ridge,median_std_clip,completed,"{'total_params': 12687872, 'trainable_params': 0, 'trainable_pct': 0.0, 'method': 'frozen'}",13.212358713150024,0.9100510674517599,
ab3zq84f,v9,,0,,braindecode/arithmetic_zyma2019,frozen,flatten,2,ridge,median_std_clip,completed,"{'total_params': 12687872, 'trainable_params': 0, 'trainable_pct': 0.0, 'method': 'frozen'}",13.455180406570435,0.6805555555555556,
ab3zq84f,v9,,0,,braindecode/bcic2a,frozen,flatten,2,ridge,median_std_clip,completed,"{'total_params': 12687872, 'trainable_params': 0, 'trainable_pct': 0.0, 'method': 'frozen'}",9.219908237457275,0.43344907407407407,
ab3zq84f,v9,,0,,braindecode/bcic2020-3,frozen,flatten,2,ridge,median_std_clip,completed,"{'total_params': 12687872, 'trainable_params': 0, 'trainable_pct': 0.0, 'method': 'frozen'}",21.7811176776886,0.2746666666666667,
ab3zq84f,v9,,0,,braindecode/physionet,frozen,flatten,2,ridge,median_std_clip,completed,"{'total_params': 12687872, 'trainable_params': 0, 'trainable_pct': 0.0, 'method': 'frozen'}",24.457244396209717,0.5625161623369033,
ab3zq84f,v9,,0,,braindecode/chbmit,frozen,flatten,2,ridge,median_std_clip,completed,"{'total_params': 12687872, 'trainable_params': 0, 'trainable_pct': 0.0, 'method': 'frozen'}",56.29183268547058,0.9214310241222423,
ab3zq84f,v9,,0,,braindecode/faced,frozen,flatten,2,ridge,median_std_clip,completed,"{'total_params': 12687872, 'trainable_params': 0, 'trainable_pct': 0.0, 'method': 'frozen'}",51.536877393722534,0.30545209621296576,
ab3zq84f,v9,,0,,braindecode/isruc-sleep,frozen,flatten,2,ridge,median_std_clip,completed,"{'total_params': 12687872, 'trainable_params': 0, 'trainable_pct': 0.0, 'method': 'frozen'}",89.33733034133911,0.6984779845118501,
ab3zq84f,v9,,0,,braindecode/mdd_mumtaz2016,frozen,flatten,2,ridge,median_std_clip,completed,"{'total_params': 12687872, 'trainable_params': 0, 'trainable_pct': 0.0, 'method': 'frozen'}",16.373727083206177,0.8485093154899468,
ab3zq84f,v9,,0,,braindecode/seed-v,frozen,flatten,2,ridge,median_std_clip,completed,"{'total_params': 12687872, 'trainable_params': 0, 'trainable_pct': 0.0, 'method': 'frozen'}",49.54240679740906,0.2906638283839745,
ab3zq84f,v9,,0,,braindecode/seed-vig,frozen,flatten,2,ridge,median_std_clip,completed,"{'total_params': 12687872, 'trainable_params': 0, 'trainable_pct': 0.0, 'method': 'frozen'}",23.05036425590515,,-0.19042684151010847
ab3zq84f,v9,,0,,braindecode/tuab,frozen,flatten,2,ridge,median_std_clip,completed,"{'total_params': 12687872, 'trainable_params': 0, 'trainable_pct': 0.0, 'method': 'frozen'}",55.32163381576538,0.79039545871015,
ab3zq84f,v9,,0,,braindecode/tuev,frozen,flatten,2,ridge,median_std_clip,completed,"{'total_params': 12687872, 'trainable_params': 0, 'trainable_pct': 0.0, 'method': 'frozen'}",12.524872303009033,0.9060845356826267,
ab3zq84f,v9,,0,,braindecode/arithmetic_zyma2019,frozen,flatten,3,ridge,median_std_clip,completed,"{'total_params': 12687872, 'trainable_params': 0, 'trainable_pct': 0.0, 'method': 'frozen'}",11.816640853881836,0.6840277777777778,
ab3zq84f,v9,,0,,braindecode/bcic2a,frozen,flatten,3,ridge,median_std_clip,completed,"{'total_params': 12687872, 'trainable_params': 0, 'trainable_pct': 0.0, 'method': 'frozen'}",9.025380373001099,0.4461805555555556,
ab3zq84f,v9,,0,,braindecode/bcic2020-3,frozen,flatten,3,ridge,median_std_clip,completed,"{'total_params': 12687872, 'trainable_params': 0, 'trainable_pct': 0.0, 'method': 'frozen'}",21.33578062057495,0.2773333333333333,
ab3zq84f,v9,,0,,braindecode/physionet,frozen,flatten,3,ridge,median_std_clip,completed,"{'total_params': 12687872, 'trainable_params': 0, 'trainable_pct': 0.0, 'method': 'frozen'}",23.821308612823486,0.5795050149480409,
ab3zq84f,v9,,0,,braindecode/chbmit,frozen,flatten,3,ridge,median_std_clip,completed,"{'total_params': 12687872, 'trainable_params': 0, 'trainable_pct': 0.0, 'method': 'frozen'}",53.74879217147827,0.8740879045411623,
ab3zq84f,v9,,0,,braindecode/faced,frozen,flatten,3,ridge,median_std_clip,completed,"{'total_params': 12687872, 'trainable_params': 0, 'trainable_pct': 0.0, 'method': 'frozen'}",49.02161169052124,0.3022721541743281,
ab3zq84f,v9,,0,,braindecode/isruc-sleep,frozen,flatten,3,ridge,median_std_clip,completed,"{'total_params': 12687872, 'trainable_params': 0, 'trainable_pct': 0.0, 'method': 'frozen'}",85.77808856964111,0.6993022257529812,
ab3zq84f,v9,,0,,braindecode/mdd_mumtaz2016,frozen,flatten,3,ridge,median_std_clip,completed,"{'total_params': 12687872, 'trainable_params': 0, 'trainable_pct': 0.0, 'method': 'frozen'}",15.430926322937012,0.8417760926180189,
ab3zq84f,v9,,0,,braindecode/seed-v,frozen,flatten,3,ridge,median_std_clip,completed,"{'total_params': 12687872, 'trainable_params': 0, 'trainable_pct': 0.0, 'method': 'frozen'}",48.37882661819458,0.28684979720971654,
ab3zq84f,v9,,0,,braindecode/seed-vig,frozen,flatten,3,ridge,median_std_clip,completed,"{'total_params': 12687872, 'trainable_params': 0, 'trainable_pct': 0.0, 'method': 'frozen'}",19.12278413772583,,-0.20240192685967973
ab3zq84f,v9,,0,,braindecode/tuab,frozen,flatten,3,ridge,median_std_clip,completed,"{'total_params': 12687872, 'trainable_params': 0, 'trainable_pct': 0.0, 'method': 'frozen'}",57.222543478012085,0.8112484402757212,
ab3zq84f,v9,,0,,braindecode/tuev,frozen,flatten,3,ridge,median_std_clip,completed,"{'total_params': 12687872, 'trainable_params': 0, 'trainable_pct': 0.0, 'method': 'frozen'}",13.021873712539673,0.9537860159321817,
ab3zq84f,v9,,0,,braindecode/arithmetic_zyma2019,frozen,flatten,4,ridge,median_std_clip,completed,"{'total_params': 12687872, 'trainable_params': 0, 'trainable_pct': 0.0, 'method': 'frozen'}",11.456615447998047,0.7013888888888888,
ab3zq84f,v9,,0,,braindecode/bcic2a,frozen,flatten,4,ridge,median_std_clip,completed,"{'total_params': 12687872, 'trainable_params': 0, 'trainable_pct': 0.0, 'method': 'frozen'}",9.01502799987793,0.4380787037037037,
ab3zq84f,v9,,0,,braindecode/bcic2020-3,frozen,flatten,4,ridge,median_std_clip,completed,"{'total_params': 12687872, 'trainable_params': 0, 'trainable_pct': 0.0, 'method': 'frozen'}",21.678608417510986,0.28933333333333333,
ab3zq84f,v9,,0,,braindecode/physionet,frozen,flatten,4,ridge,median_std_clip,completed,"{'total_params': 12687872, 'trainable_params': 0, 'trainable_pct': 0.0, 'method': 'frozen'}",23.676215410232544,0.5693265672304693,
ab3zq84f,v9,,0,,braindecode/chbmit,frozen,flatten,4,ridge,median_std_clip,completed,"{'total_params': 12687872, 'trainable_params': 0, 'trainable_pct': 0.0, 'method': 'frozen'}",54.26247715950012,0.8300497896815178,
ab3zq84f,v9,,0,,braindecode/faced,frozen,flatten,4,ridge,median_std_clip,completed,"{'total_params': 12687872, 'trainable_params': 0, 'trainable_pct': 0.0, 'method': 'frozen'}",53.81280517578125,0.3143716187194448,
ab3zq84f,v9,,0,,braindecode/isruc-sleep,frozen,flatten,4,ridge,median_std_clip,completed,"{'total_params': 12687872, 'trainable_params': 0, 'trainable_pct': 0.0, 'method': 'frozen'}",89.52753400802612,0.6948526701895748,
ab3zq84f,v9,,0,,braindecode/mdd_mumtaz2016,frozen,flatten,4,ridge,median_std_clip,completed,"{'total_params': 12687872, 'trainable_params': 0, 'trainable_pct': 0.0, 'method': 'frozen'}",16.345048427581787,0.8430149916259468,
ab3zq84f,v9,,0,,braindecode/seed-v,frozen,flatten,4,ridge,median_std_clip,completed,"{'total_params': 12687872, 'trainable_params': 0, 'trainable_pct': 0.0, 'method': 'frozen'}",50.18639659881592,0.28908697576999104,
ab3zq84f,v9,,0,,braindecode/seed-vig,frozen,flatten,4,ridge,median_std_clip,completed,"{'total_params': 12687872, 'trainable_params': 0, 'trainable_pct': 0.0, 'method': 'frozen'}",22.79935073852539,,-0.17821221745325322
ab3zq84f,v9,,0,,braindecode/tuab,frozen,flatten,4,ridge,median_std_clip,completed,"{'total_params': 12687872, 'trainable_params': 0, 'trainable_pct': 0.0, 'method': 'frozen'}",57.393288373947144,0.8127132369907234,
ab3zq84f,v9,,0,,braindecode/tuev,frozen,flatten,4,ridge,median_std_clip,completed,"{'total_params': 12687872, 'trainable_params': 0, 'trainable_pct': 0.0, 'method': 'frozen'}",12.838916778564453,0.9506011825234677,
mi2jxz5g,v9,,0,,braindecode/arithmetic_zyma2019,frozen,flatten,0,ridge,median_std_clip,completed,"{'total_params': 12687872, 'trainable_params': 0, 'trainable_pct': 0.0, 'method': 'frozen'}",12.697388887405396,0.673611111111111,
mi2jxz5g,v9,,0,,braindecode/bcic2a,frozen,flatten,0,ridge,median_std_clip,completed,"{'total_params': 12687872, 'trainable_params': 0, 'trainable_pct': 0.0, 'method': 'frozen'}",9.144840717315674,0.46990740740740744,
mi2jxz5g,v9,,0,,braindecode/bcic2020-3,frozen,flatten,0,ridge,median_std_clip,completed,"{'total_params': 12687872, 'trainable_params': 0, 'trainable_pct': 0.0, 'method': 'frozen'}",20.764699459075928,0.28933333333333333,
mi2jxz5g,v9,,0,,braindecode/physionet,frozen,flatten,0,ridge,median_std_clip,completed,"{'total_params': 12687872, 'trainable_params': 0, 'trainable_pct': 0.0, 'method': 'frozen'}",23.662848711013794,0.5846633785771066,
mi2jxz5g,v9,,0,,braindecode/chbmit,frozen,flatten,0,ridge,median_std_clip,completed,"{'total_params': 12687872, 'trainable_params': 0, 'trainable_pct': 0.0, 'method': 'frozen'}",52.847641468048096,0.8572624259593098,
mi2jxz5g,v9,,0,,braindecode/faced,frozen,flatten,0,ridge,median_std_clip,completed,"{'total_params': 12687872, 'trainable_params': 0, 'trainable_pct': 0.0, 'method': 'frozen'}",51.4059636592865,0.3234775490210273,
mi2jxz5g,v9,,0,,braindecode/isruc-sleep,frozen,flatten,0,ridge,median_std_clip,completed,"{'total_params': 12687872, 'trainable_params': 0, 'trainable_pct': 0.0, 'method': 'frozen'}",87.36672258377075,0.657733916688528,
mi2jxz5g,v9,,0,,braindecode/mdd_mumtaz2016,frozen,flatten,0,ridge,median_std_clip,completed,"{'total_params': 12687872, 'trainable_params': 0, 'trainable_pct': 0.0, 'method': 'frozen'}",15.56961464881897,0.8472474225942123,
mi2jxz5g,v9,,0,,braindecode/seed-v,frozen,flatten,0,ridge,median_std_clip,completed,"{'total_params': 12687872, 'trainable_params': 0, 'trainable_pct': 0.0, 'method': 'frozen'}",48.27414679527283,0.2891541250095185,
mi2jxz5g,v9,,0,,braindecode/seed-vig,frozen,flatten,0,ridge,median_std_clip,completed,"{'total_params': 12687872, 'trainable_params': 0, 'trainable_pct': 0.0, 'method': 'frozen'}",22.873055696487427,,-0.11808542072658268
mi2jxz5g,v9,,0,,braindecode/tuab,frozen,flatten,0,ridge,median_std_clip,completed,"{'total_params': 12687872, 'trainable_params': 0, 'trainable_pct': 0.0, 'method': 'frozen'}",55.554741621017456,0.8110510245456357,
mi2jxz5g,v9,,0,,braindecode/tuev,frozen,flatten,0,ridge,median_std_clip,completed,"{'total_params': 12687872, 'trainable_params': 0, 'trainable_pct': 0.0, 'method': 'frozen'}",12.444823026657104,0.9521235137129023,
mi2jxz5g,v9,,0,,braindecode/arithmetic_zyma2019,frozen,flatten,1,ridge,median_std_clip,completed,"{'total_params': 12687872, 'trainable_params': 0, 'trainable_pct': 0.0, 'method': 'frozen'}",11.621005535125732,0.7222222222222222,
mi2jxz5g,v9,,0,,braindecode/bcic2a,frozen,flatten,1,ridge,median_std_clip,completed,"{'total_params': 12687872, 'trainable_params': 0, 'trainable_pct': 0.0, 'method': 'frozen'}",9.508431196212769,0.4722222222222222,
mi2jxz5g,v9,,0,,braindecode/bcic2020-3,frozen,flatten,1,ridge,median_std_clip,completed,"{'total_params': 12687872, 'trainable_params': 0, 'trainable_pct': 0.0, 'method': 'frozen'}",21.18134570121765,0.284,
mi2jxz5g,v9,,0,,braindecode/physionet,frozen,flatten,1,ridge,median_std_clip,completed,"{'total_params': 12687872, 'trainable_params': 0, 'trainable_pct': 0.0, 'method': 'frozen'}",24.07175064086914,0.581768775693411,
mi2jxz5g,v9,,0,,braindecode/chbmit,frozen,flatten,1,ridge,median_std_clip,completed,"{'total_params': 12687872, 'trainable_params': 0, 'trainable_pct': 0.0, 'method': 'frozen'}",54.56502318382263,0.837131942656022,
mi2jxz5g,v9,,0,,braindecode/faced,frozen,flatten,1,ridge,median_std_clip,completed,"{'total_params': 12687872, 'trainable_params': 0, 'trainable_pct': 0.0, 'method': 'frozen'}",50.185343980789185,0.3098530394726047,
mi2jxz5g,v9,,0,,braindecode/isruc-sleep,frozen,flatten,1,ridge,median_std_clip,completed,"{'total_params': 12687872, 'trainable_params': 0, 'trainable_pct': 0.0, 'method': 'frozen'}",88.82521629333496,0.6580951438670678,
mi2jxz5g,v9,,0,,braindecode/mdd_mumtaz2016,frozen,flatten,1,ridge,median_std_clip,completed,"{'total_params': 12687872, 'trainable_params': 0, 'trainable_pct': 0.0, 'method': 'frozen'}",18.21909785270691,0.8481791368726486,
mi2jxz5g,v9,,0,,braindecode/seed-v,frozen,flatten,1,ridge,median_std_clip,completed,"{'total_params': 12687872, 'trainable_params': 0, 'trainable_pct': 0.0, 'method': 'frozen'}",50.996575355529785,0.2850220923460961,
mi2jxz5g,v9,,0,,braindecode/seed-vig,frozen,flatten,1,ridge,median_std_clip,completed,"{'total_params': 12687872, 'trainable_params': 0, 'trainable_pct': 0.0, 'method': 'frozen'}",23.76949954032898,,-0.11960210743421662
mi2jxz5g,v9,,0,,braindecode/tuab,frozen,flatten,1,ridge,median_std_clip,completed,"{'total_params': 12687872, 'trainable_params': 0, 'trainable_pct': 0.0, 'method': 'frozen'}",56.29456353187561,0.8076302719800714,
mi2jxz5g,v9,,0,,braindecode/tuev,frozen,flatten,1,ridge,median_std_clip,completed,"{'total_params': 12687872, 'trainable_params': 0, 'trainable_pct': 0.0, 'method': 'frozen'}",13.3057279586792,0.8907849333491499,
mi2jxz5g,v9,,0,,braindecode/arithmetic_zyma2019,frozen,flatten,2,ridge,median_std_clip,completed,"{'total_params': 12687872, 'trainable_params': 0, 'trainable_pct': 0.0, 'method': 'frozen'}",12.000653505325317,0.6840277777777778,
mi2jxz5g,v9,,0,,braindecode/bcic2a,frozen,flatten,2,ridge,median_std_clip,completed,"{'total_params': 12687872, 'trainable_params': 0, 'trainable_pct': 0.0, 'method': 'frozen'}",9.466851234436035,0.4375,
mi2jxz5g,v9,,0,,braindecode/bcic2020-3,frozen,flatten,2,ridge,median_std_clip,completed,"{'total_params': 12687872, 'trainable_params': 0, 'trainable_pct': 0.0, 'method': 'frozen'}",19.612749099731445,0.29333333333333333,
mi2jxz5g,v9,,0,,braindecode/physionet,frozen,flatten,2,ridge,median_std_clip,completed,"{'total_params': 12687872, 'trainable_params': 0, 'trainable_pct': 0.0, 'method': 'frozen'}",25.77018904685974,0.5687622389350484,
mi2jxz5g,v9,,0,,braindecode/chbmit,frozen,flatten,2,ridge,median_std_clip,completed,"{'total_params': 12687872, 'trainable_params': 0, 'trainable_pct': 0.0, 'method': 'frozen'}",53.27012801170349,0.8572624259593098,
mi2jxz5g,v9,,0,,braindecode/faced,frozen,flatten,2,ridge,median_std_clip,completed,"{'total_params': 12687872, 'trainable_params': 0, 'trainable_pct': 0.0, 'method': 'frozen'}",49.92981553077698,0.3249264322633888,
mi2jxz5g,v9,,0,,braindecode/isruc-sleep,frozen,flatten,2,ridge,median_std_clip,completed,"{'total_params': 12687872, 'trainable_params': 0, 'trainable_pct': 0.0, 'method': 'frozen'}",86.22942018508911,0.6544062712667948,
mi2jxz5g,v9,,0,,braindecode/mdd_mumtaz2016,frozen,flatten,2,ridge,median_std_clip,completed,"{'total_params': 12687872, 'trainable_params': 0, 'trainable_pct': 0.0, 'method': 'frozen'}",16.467694520950317,0.8448725866383442,
mi2jxz5g,v9,,0,,braindecode/seed-v,frozen,flatten,2,ridge,median_std_clip,completed,"{'total_params': 12687872, 'trainable_params': 0, 'trainable_pct': 0.0, 'method': 'frozen'}",49.101638078689575,0.28989492697566105,
mi2jxz5g,v9,,0,,braindecode/seed-vig,frozen,flatten,2,ridge,median_std_clip,completed,"{'total_params': 12687872, 'trainable_params': 0, 'trainable_pct': 0.0, 'method': 'frozen'}",23.654585123062134,,-0.1120132434334955
mi2jxz5g,v9,,0,,braindecode/tuab,frozen,flatten,2,ridge,median_std_clip,completed,"{'total_params': 12687872, 'trainable_params': 0, 'trainable_pct': 0.0, 'method': 'frozen'}",54.26636838912964,0.8046130315663552,
mi2jxz5g,v9,,0,,braindecode/tuev,frozen,flatten,2,ridge,median_std_clip,completed,"{'total_params': 12687872, 'trainable_params': 0, 'trainable_pct': 0.0, 'method': 'frozen'}",12.4356050491333,0.8941826442972749,
mi2jxz5g,v9,,0,,braindecode/arithmetic_zyma2019,frozen,flatten,3,ridge,median_std_clip,completed,"{'total_params': 12687872, 'trainable_params': 0, 'trainable_pct': 0.0, 'method': 'frozen'}",11.41480565071106,0.7395833333333333,
mi2jxz5g,v9,,0,,braindecode/bcic2a,frozen,flatten,3,ridge,median_std_clip,completed,"{'total_params': 12687872, 'trainable_params': 0, 'trainable_pct': 0.0, 'method': 'frozen'}",9.438342094421387,0.47627314814814814,
mi2jxz5g,v9,,0,,braindecode/bcic2020-3,frozen,flatten,3,ridge,median_std_clip,completed,"{'total_params': 12687872, 'trainable_params': 0, 'trainable_pct': 0.0, 'method': 'frozen'}",21.090043783187866,0.2813333333333333,
mi2jxz5g,v9,,0,,braindecode/physionet,frozen,flatten,3,ridge,median_std_clip,completed,"{'total_params': 12687872, 'trainable_params': 0, 'trainable_pct': 0.0, 'method': 'frozen'}",23.663450717926025,0.577263063586261,
mi2jxz5g,v9,,0,,braindecode/chbmit,frozen,flatten,3,ridge,median_std_clip,completed,"{'total_params': 12687872, 'trainable_params': 0, 'trainable_pct': 0.0, 'method': 'frozen'}",52.87055730819702,0.8574984977251267,
mi2jxz5g,v9,,0,,braindecode/faced,frozen,flatten,3,ridge,median_std_clip,completed,"{'total_params': 12687872, 'trainable_params': 0, 'trainable_pct': 0.0, 'method': 'frozen'}",51.4267680644989,0.3235408914756741,
mi2jxz5g,v9,,0,,braindecode/isruc-sleep,frozen,flatten,3,ridge,median_std_clip,completed,"{'total_params': 12687872, 'trainable_params': 0, 'trainable_pct': 0.0, 'method': 'frozen'}",88.40571570396423,0.656100083036068,
mi2jxz5g,v9,,0,,braindecode/mdd_mumtaz2016,frozen,flatten,3,ridge,median_std_clip,completed,"{'total_params': 12687872, 'trainable_params': 0, 'trainable_pct': 0.0, 'method': 'frozen'}",15.83267879486084,0.8562791106022531,
mi2jxz5g,v9,,0,,braindecode/seed-v,frozen,flatten,3,ridge,median_std_clip,completed,"{'total_params': 12687872, 'trainable_params': 0, 'trainable_pct': 0.0, 'method': 'frozen'}",50.01319718360901,0.2860512759785037,
mi2jxz5g,v9,,0,,braindecode/seed-vig,frozen,flatten,3,ridge,median_std_clip,completed,"{'total_params': 12687872, 'trainable_params': 0, 'trainable_pct': 0.0, 'method': 'frozen'}",22.902773141860962,,-0.11703454165730465
mi2jxz5g,v9,,0,,braindecode/tuab,frozen,flatten,3,ridge,median_std_clip,completed,"{'total_params': 12687872, 'trainable_params': 0, 'trainable_pct': 0.0, 'method': 'frozen'}",57.48546314239502,0.8041613555768123,
mi2jxz5g,v9,,0,,braindecode/tuev,frozen,flatten,3,ridge,median_std_clip,completed,"{'total_params': 12687872, 'trainable_params': 0, 'trainable_pct': 0.0, 'method': 'frozen'}",13.117539405822754,0.8944219208255609,
mi2jxz5g,v9,,0,,braindecode/arithmetic_zyma2019,frozen,flatten,4,ridge,median_std_clip,completed,"{'total_params': 12687872, 'trainable_params': 0, 'trainable_pct': 0.0, 'method': 'frozen'}",12.113749742507935,0.7291666666666667,
mi2jxz5g,v9,,0,,braindecode/bcic2a,frozen,flatten,4,ridge,median_std_clip,completed,"{'total_params': 12687872, 'trainable_params': 0, 'trainable_pct': 0.0, 'method': 'frozen'}",9.017710447311401,0.4681712962962963,
mi2jxz5g,v9,,0,,braindecode/bcic2020-3,frozen,flatten,4,ridge,median_std_clip,completed,"{'total_params': 12687872, 'trainable_params': 0, 'trainable_pct': 0.0, 'method': 'frozen'}",21.93568992614746,0.2773333333333333,
mi2jxz5g,v9,,0,,braindecode/physionet,frozen,flatten,4,ridge,median_std_clip,completed,"{'total_params': 12687872, 'trainable_params': 0, 'trainable_pct': 0.0, 'method': 'frozen'}",21.682950735092163,0.5693278092622707,
mi2jxz5g,v9,,0,,braindecode/chbmit,frozen,flatten,4,ridge,median_std_clip,completed,"{'total_params': 12687872, 'trainable_params': 0, 'trainable_pct': 0.0, 'method': 'frozen'}",54.8025164604187,0.880697913984033,
mi2jxz5g,v9,,0,,braindecode/faced,frozen,flatten,4,ridge,median_std_clip,completed,"{'total_params': 12687872, 'trainable_params': 0, 'trainable_pct': 0.0, 'method': 'frozen'}",51.133673906326294,0.3206526263591481,
mi2jxz5g,v9,,0,,braindecode/isruc-sleep,frozen,flatten,4,ridge,median_std_clip,completed,"{'total_params': 12687872, 'trainable_params': 0, 'trainable_pct': 0.0, 'method': 'frozen'}",87.39132499694824,0.6561771123231068,
mi2jxz5g,v9,,0,,braindecode/mdd_mumtaz2016,frozen,flatten,4,ridge,median_std_clip,completed,"{'total_params': 12687872, 'trainable_params': 0, 'trainable_pct': 0.0, 'method': 'frozen'}",16.731860637664795,0.8469528772110835,
mi2jxz5g,v9,,0,,braindecode/seed-v,frozen,flatten,4,ridge,median_std_clip,completed,"{'total_params': 12687872, 'trainable_params': 0, 'trainable_pct': 0.0, 'method': 'frozen'}",48.331960916519165,0.2834741749249455,
mi2jxz5g,v9,,0,,braindecode/seed-vig,frozen,flatten,4,ridge,median_std_clip,completed,"{'total_params': 12687872, 'trainable_params': 0, 'trainable_pct': 0.0, 'method': 'frozen'}",23.819899559020996,,-0.11094208810785888
mi2jxz5g,v9,,0,,braindecode/tuab,frozen,flatten,4,ridge,median_std_clip,completed,"{'total_params': 12687872, 'trainable_params': 0, 'trainable_pct': 0.0, 'method': 'frozen'}",57.35174298286438,0.781878300062949,
mi2jxz5g,v9,,0,,braindecode/tuev,frozen,flatten,4,ridge,median_std_clip,completed,"{'total_params': 12687872, 'trainable_params': 0, 'trainable_pct': 0.0, 'method': 'frozen'}",13.087255001068115,0.8983688158113835,
se0wazkq,v9,,0,,braindecode/arithmetic_zyma2019,frozen,flatten,0,ridge,median_std_clip,completed,"{'total_params': 12687872, 'trainable_params': 0, 'trainable_pct': 0.0, 'method': 'frozen'}",11.253608226776123,0.6458333333333333,
se0wazkq,v9,,0,,braindecode/bcic2a,frozen,flatten,0,ridge,median_std_clip,completed,"{'total_params': 12687872, 'trainable_params': 0, 'trainable_pct': 0.0, 'method': 'frozen'}",9.196926593780518,0.41898148148148145,
se0wazkq,v9,,0,,braindecode/bcic2020-3,frozen,flatten,0,ridge,median_std_clip,completed,"{'total_params': 12687872, 'trainable_params': 0, 'trainable_pct': 0.0, 'method': 'frozen'}",20.789490699768066,0.252,
se0wazkq,v9,,0,,braindecode/physionet,frozen,flatten,0,ridge,median_std_clip,completed,"{'total_params': 12687872, 'trainable_params': 0, 'trainable_pct': 0.0, 'method': 'frozen'}",23.577004432678223,0.5087893350313443,
se0wazkq,v9,,0,,braindecode/chbmit,frozen,flatten,0,ridge,median_std_clip,completed,"{'total_params': 12687872, 'trainable_params': 0, 'trainable_pct': 0.0, 'method': 'frozen'}",52.64866518974304,0.9505966177354279,
se0wazkq,v9,,0,,braindecode/faced,frozen,flatten,0,ridge,median_std_clip,completed,"{'total_params': 12687872, 'trainable_params': 0, 'trainable_pct': 0.0, 'method': 'frozen'}",50.20387625694275,0.2553233300515909,
se0wazkq,v9,,0,,braindecode/isruc-sleep,frozen,flatten,0,ridge,median_std_clip,completed,"{'total_params': 12687872, 'trainable_params': 0, 'trainable_pct': 0.0, 'method': 'frozen'}",88.09841251373291,0.6482350263960144,
se0wazkq,v9,,0,,braindecode/mdd_mumtaz2016,frozen,flatten,0,ridge,median_std_clip,completed,"{'total_params': 12687872, 'trainable_params': 0, 'trainable_pct': 0.0, 'method': 'frozen'}",15.997450590133667,0.8398157299971163,
se0wazkq,v9,,0,,braindecode/seed-v,frozen,flatten,0,ridge,median_std_clip,completed,"{'total_params': 12687872, 'trainable_params': 0, 'trainable_pct': 0.0, 'method': 'frozen'}",49.91826772689819,0.3094453244883592,
se0wazkq,v9,,0,,braindecode/seed-vig,frozen,flatten,0,ridge,median_std_clip,completed,"{'total_params': 12687872, 'trainable_params': 0, 'trainable_pct': 0.0, 'method': 'frozen'}",22.838555812835693,,-0.3038521416304212
se0wazkq,v9,,0,,braindecode/tuab,frozen,flatten,0,ridge,median_std_clip,completed,"{'total_params': 12687872, 'trainable_params': 0, 'trainable_pct': 0.0, 'method': 'frozen'}",55.92020034790039,0.805863051167917,
se0wazkq,v9,,0,,braindecode/tuev,frozen,flatten,0,ridge,median_std_clip,completed,"{'total_params': 12687872, 'trainable_params': 0, 'trainable_pct': 0.0, 'method': 'frozen'}",13.25064492225647,0.9116404338776022,
se0wazkq,v9,,0,,braindecode/arithmetic_zyma2019,frozen,flatten,1,ridge,median_std_clip,completed,"{'total_params': 12687872, 'trainable_params': 0, 'trainable_pct': 0.0, 'method': 'frozen'}",13.351492643356323,0.6527777777777778,
se0wazkq,v9,,0,,braindecode/bcic2a,frozen,flatten,1,ridge,median_std_clip,completed,"{'total_params': 12687872, 'trainable_params': 0, 'trainable_pct': 0.0, 'method': 'frozen'}",9.231061697006226,0.4212962962962963,
se0wazkq,v9,,0,,braindecode/bcic2020-3,frozen,flatten,1,ridge,median_std_clip,completed,"{'total_params': 12687872, 'trainable_params': 0, 'trainable_pct': 0.0, 'method': 'frozen'}",21.81945514678955,0.2813333333333333,
se0wazkq,v9,,0,,braindecode/physionet,frozen,flatten,1,ridge,median_std_clip,completed,"{'total_params': 12687872, 'trainable_params': 0, 'trainable_pct': 0.0, 'method': 'frozen'}",24.899646997451782,0.5053956582922571,
se0wazkq,v9,,0,,braindecode/chbmit,frozen,flatten,1,ridge,median_std_clip,completed,"{'total_params': 12687872, 'trainable_params': 0, 'trainable_pct': 0.0, 'method': 'frozen'}",55.460426568984985,0.9288136320714224,
se0wazkq,v9,,0,,braindecode/faced,frozen,flatten,1,ridge,median_std_clip,completed,"{'total_params': 12687872, 'trainable_params': 0, 'trainable_pct': 0.0, 'method': 'frozen'}",50.285792112350464,0.24059801913062784,
se0wazkq,v9,,0,,braindecode/isruc-sleep,frozen,flatten,1,ridge,median_std_clip,completed,"{'total_params': 12687872, 'trainable_params': 0, 'trainable_pct': 0.0, 'method': 'frozen'}",89.05819487571716,0.6540932512610365,
se0wazkq,v9,,0,,braindecode/mdd_mumtaz2016,frozen,flatten,1,ridge,median_std_clip,completed,"{'total_params': 12687872, 'trainable_params': 0, 'trainable_pct': 0.0, 'method': 'frozen'}",16.738544464111328,0.8349742283727658,
se0wazkq,v9,,0,,braindecode/seed-v,frozen,flatten,1,ridge,median_std_clip,completed,"{'total_params': 12687872, 'trainable_params': 0, 'trainable_pct': 0.0, 'method': 'frozen'}",49.368828535079956,0.3123016260378802,
se0wazkq,v9,,0,,braindecode/seed-vig,frozen,flatten,1,ridge,median_std_clip,completed,"{'total_params': 12687872, 'trainable_params': 0, 'trainable_pct': 0.0, 'method': 'frozen'}",19.053306102752686,,-0.3177068564779115
se0wazkq,v9,,0,,braindecode/tuab,frozen,flatten,1,ridge,median_std_clip,completed,"{'total_params': 12687872, 'trainable_params': 0, 'trainable_pct': 0.0, 'method': 'frozen'}",55.17528510093689,0.7714897523034635,
se0wazkq,v9,,0,,braindecode/tuev,frozen,flatten,1,ridge,median_std_clip,completed,"{'total_params': 12687872, 'trainable_params': 0, 'trainable_pct': 0.0, 'method': 'frozen'}",12.50463342666626,0.9060982806432673,
se0wazkq,v9,,0,,braindecode/arithmetic_zyma2019,frozen,flatten,2,ridge,median_std_clip,completed,"{'total_params': 12687872, 'trainable_params': 0, 'trainable_pct': 0.0, 'method': 'frozen'}",11.769150733947754,0.65625,
se0wazkq,v9,,0,,braindecode/bcic2a,frozen,flatten,2,ridge,median_std_clip,completed,"{'total_params': 12687872, 'trainable_params': 0, 'trainable_pct': 0.0, 'method': 'frozen'}",9.170713663101196,0.40625,
se0wazkq,v9,,0,,braindecode/bcic2020-3,frozen,flatten,2,ridge,median_std_clip,completed,"{'total_params': 12687872, 'trainable_params': 0, 'trainable_pct': 0.0, 'method': 'frozen'}",21.329179763793945,0.2586666666666667,
se0wazkq,v9,,0,,braindecode/physionet,frozen,flatten,2,ridge,median_std_clip,completed,"{'total_params': 12687872, 'trainable_params': 0, 'trainable_pct': 0.0, 'method': 'frozen'}",24.530547380447388,0.5054058666934969,
se0wazkq,v9,,0,,braindecode/chbmit,frozen,flatten,2,ridge,median_std_clip,completed,"{'total_params': 12687872, 'trainable_params': 0, 'trainable_pct': 0.0, 'method': 'frozen'}",53.91349935531616,0.905850287578333,
se0wazkq,v9,,0,,braindecode/faced,frozen,flatten,2,ridge,median_std_clip,completed,"{'total_params': 12687872, 'trainable_params': 0, 'trainable_pct': 0.0, 'method': 'frozen'}",49.131694316864014,0.24168901750423488,
se0wazkq,v9,,0,,braindecode/isruc-sleep,frozen,flatten,2,ridge,median_std_clip,completed,"{'total_params': 12687872, 'trainable_params': 0, 'trainable_pct': 0.0, 'method': 'frozen'}",86.05756950378418,0.6590619003651128,
se0wazkq,v9,,0,,braindecode/mdd_mumtaz2016,frozen,flatten,2,ridge,median_std_clip,completed,"{'total_params': 12687872, 'trainable_params': 0, 'trainable_pct': 0.0, 'method': 'frozen'}",15.41418719291687,0.829141607542073,
se0wazkq,v9,,0,,braindecode/seed-v,frozen,flatten,2,ridge,median_std_clip,completed,"{'total_params': 12687872, 'trainable_params': 0, 'trainable_pct': 0.0, 'method': 'frozen'}",48.417677879333496,0.3104191308476352,
se0wazkq,v9,,0,,braindecode/seed-vig,frozen,flatten,2,ridge,median_std_clip,completed,"{'total_params': 12687872, 'trainable_params': 0, 'trainable_pct': 0.0, 'method': 'frozen'}",19.261805772781372,,-0.29565907500949584
se0wazkq,v9,,0,,braindecode/tuab,frozen,flatten,2,ridge,median_std_clip,completed,"{'total_params': 12687872, 'trainable_params': 0, 'trainable_pct': 0.0, 'method': 'frozen'}",57.141704082489014,0.8016573960613181,
se0wazkq,v9,,0,,braindecode/tuev,frozen,flatten,2,ridge,median_std_clip,completed,"{'total_params': 12687872, 'trainable_params': 0, 'trainable_pct': 0.0, 'method': 'frozen'}",13.205924272537231,0.9137275490443039,
se0wazkq,v9,,0,,braindecode/arithmetic_zyma2019,frozen,flatten,3,ridge,median_std_clip,completed,"{'total_params': 12687872, 'trainable_params': 0, 'trainable_pct': 0.0, 'method': 'frozen'}",11.478842496871948,0.6631944444444444,
se0wazkq,v9,,0,,braindecode/bcic2a,frozen,flatten,3,ridge,median_std_clip,completed,"{'total_params': 12687872, 'trainable_params': 0, 'trainable_pct': 0.0, 'method': 'frozen'}",9.75321888923645,0.41261574074074076,
se0wazkq,v9,,0,,braindecode/bcic2020-3,frozen,flatten,3,ridge,median_std_clip,completed,"{'total_params': 12687872, 'trainable_params': 0, 'trainable_pct': 0.0, 'method': 'frozen'}",22.048800945281982,0.2626666666666667,
se0wazkq,v9,,0,,braindecode/physionet,frozen,flatten,3,ridge,median_std_clip,completed,"{'total_params': 12687872, 'trainable_params': 0, 'trainable_pct': 0.0, 'method': 'frozen'}",24.569178342819214,0.4958007252215003,
se0wazkq,v9,,0,,braindecode/chbmit,frozen,flatten,3,ridge,median_std_clip,completed,"{'total_params': 12687872, 'trainable_params': 0, 'trainable_pct': 0.0, 'method': 'frozen'}",54.506577491760254,0.9067945746416002,
se0wazkq,v9,,0,,braindecode/faced,frozen,flatten,3,ridge,median_std_clip,completed,"{'total_params': 12687872, 'trainable_params': 0, 'trainable_pct': 0.0, 'method': 'frozen'}",52.13446021080017,0.25046647193386323,
se0wazkq,v9,,0,,braindecode/isruc-sleep,frozen,flatten,3,ridge,median_std_clip,completed,"{'total_params': 12687872, 'trainable_params': 0, 'trainable_pct': 0.0, 'method': 'frozen'}",89.89854001998901,0.6582224009441084,
se0wazkq,v9,,0,,braindecode/mdd_mumtaz2016,frozen,flatten,3,ridge,median_std_clip,completed,"{'total_params': 12687872, 'trainable_params': 0, 'trainable_pct': 0.0, 'method': 'frozen'}",16.62671422958374,0.8308728577037108,
se0wazkq,v9,,0,,braindecode/seed-v,frozen,flatten,3,ridge,median_std_clip,completed,"{'total_params': 12687872, 'trainable_params': 0, 'trainable_pct': 0.0, 'method': 'frozen'}",50.052228927612305,0.31189555512258227,
se0wazkq,v9,,0,,braindecode/seed-vig,frozen,flatten,3,ridge,median_std_clip,completed,"{'total_params': 12687872, 'trainable_params': 0, 'trainable_pct': 0.0, 'method': 'frozen'}",23.592789888381958,,-0.3167328826417939
se0wazkq,v9,,0,,braindecode/tuab,frozen,flatten,3,ridge,median_std_clip,completed,"{'total_params': 12687872, 'trainable_params': 0, 'trainable_pct': 0.0, 'method': 'frozen'}",58.04452037811279,0.8036701964412525,
se0wazkq,v9,,0,,braindecode/tuev,frozen,flatten,3,ridge,median_std_clip,completed,"{'total_params': 12687872, 'trainable_params': 0, 'trainable_pct': 0.0, 'method': 'frozen'}",13.053687572479248,0.9131318369364033,
se0wazkq,v9,,0,,braindecode/arithmetic_zyma2019,frozen,flatten,4,ridge,median_std_clip,completed,"{'total_params': 12687872, 'trainable_params': 0, 'trainable_pct': 0.0, 'method': 'frozen'}",12.461415767669678,0.65625,
se0wazkq,v9,,0,,braindecode/bcic2a,frozen,flatten,4,ridge,median_std_clip,completed,"{'total_params': 12687872, 'trainable_params': 0, 'trainable_pct': 0.0, 'method': 'frozen'}",8.962765455245972,0.4224537037037037,
se0wazkq,v9,,0,,braindecode/bcic2020-3,frozen,flatten,4,ridge,median_std_clip,completed,"{'total_params': 12687872, 'trainable_params': 0, 'trainable_pct': 0.0, 'method': 'frozen'}",19.45835852622986,0.2853333333333333,
se0wazkq,v9,,0,,braindecode/physionet,frozen,flatten,4,ridge,median_std_clip,completed,"{'total_params': 12687872, 'trainable_params': 0, 'trainable_pct': 0.0, 'method': 'frozen'}",25.615251541137695,0.5037180178548238,
se0wazkq,v9,,0,,braindecode/chbmit,frozen,flatten,4,ridge,median_std_clip,completed,"{'total_params': 12687872, 'trainable_params': 0, 'trainable_pct': 0.0, 'method': 'frozen'}",52.74572014808655,0.908211005236501,
se0wazkq,v9,,0,,braindecode/faced,frozen,flatten,4,ridge,median_std_clip,completed,"{'total_params': 12687872, 'trainable_params': 0, 'trainable_pct': 0.0, 'method': 'frozen'}",51.25122618675232,0.26556022479935526,
se0wazkq,v9,,0,,braindecode/isruc-sleep,frozen,flatten,4,ridge,median_std_clip,completed,"{'total_params': 12687872, 'trainable_params': 0, 'trainable_pct': 0.0, 'method': 'frozen'}",86.99957060813904,0.6555243094791209,
se0wazkq,v9,,0,,braindecode/mdd_mumtaz2016,frozen,flatten,4,ridge,median_std_clip,completed,"{'total_params': 12687872, 'trainable_params': 0, 'trainable_pct': 0.0, 'method': 'frozen'}",15.646273851394653,0.8318296562233904,
se0wazkq,v9,,0,,braindecode/seed-v,frozen,flatten,4,ridge,median_std_clip,completed,"{'total_params': 12687872, 'trainable_params': 0, 'trainable_pct': 0.0, 'method': 'frozen'}",49.703115940093994,0.30975363750821655,
se0wazkq,v9,,0,,braindecode/seed-vig,frozen,flatten,4,ridge,median_std_clip,completed,"{'total_params': 12687872, 'trainable_params': 0, 'trainable_pct': 0.0, 'method': 'frozen'}",23.378845691680908,,-0.3187514434352263
se0wazkq,v9,,0,,braindecode/tuab,frozen,flatten,4,ridge,median_std_clip,completed,"{'total_params': 12687872, 'trainable_params': 0, 'trainable_pct': 0.0, 'method': 'frozen'}",55.50303840637207,0.7767172088271994,
se0wazkq,v9,,0,,braindecode/tuev,frozen,flatten,4,ridge,median_std_clip,completed,"{'total_params': 12687872, 'trainable_params': 0, 'trainable_pct': 0.0, 'method': 'frozen'}",12.474070072174072,0.909994181431275,
a8gdctp4,v9,,0,,braindecode/arithmetic_zyma2019,frozen,flatten,0,ridge,median_std_clip,completed,"{'total_params': 12687872, 'trainable_params': 0, 'trainable_pct': 0.0, 'method': 'frozen'}",11.622385025024414,0.59375,
a8gdctp4,v9,,0,,braindecode/bcic2a,frozen,flatten,0,ridge,median_std_clip,completed,"{'total_params': 12687872, 'trainable_params': 0, 'trainable_pct': 0.0, 'method': 'frozen'}",9.192062377929688,0.26331018518518523,
a8gdctp4,v9,,0,,braindecode/bcic2020-3,frozen,flatten,0,ridge,median_std_clip,completed,"{'total_params': 12687872, 'trainable_params': 0, 'trainable_pct': 0.0, 'method': 'frozen'}",20.818313121795654,0.22266666666666665,
a8gdctp4,v9,,0,,braindecode/physionet,frozen,flatten,0,ridge,median_std_clip,completed,"{'total_params': 12687872, 'trainable_params': 0, 'trainable_pct': 0.0, 'method': 'frozen'}",23.396617889404297,0.3310730236413602,
a8gdctp4,v9,,0,,braindecode/chbmit,frozen,flatten,0,ridge,median_std_clip,completed,"{'total_params': 12687872, 'trainable_params': 0, 'trainable_pct': 0.0, 'method': 'frozen'}",54.20041370391846,0.8344922310927977,
a8gdctp4,v9,,0,,braindecode/faced,frozen,flatten,0,ridge,median_std_clip,completed,"{'total_params': 12687872, 'trainable_params': 0, 'trainable_pct': 0.0, 'method': 'frozen'}",50.27813196182251,0.15886921049964528,
a8gdctp4,v9,,0,,braindecode/isruc-sleep,frozen,flatten,0,ridge,median_std_clip,completed,"{'total_params': 12687872, 'trainable_params': 0, 'trainable_pct': 0.0, 'method': 'frozen'}",89.15964984893799,0.49819180481376446,
a8gdctp4,v9,,0,,braindecode/mdd_mumtaz2016,frozen,flatten,0,ridge,median_std_clip,completed,"{'total_params': 12687872, 'trainable_params': 0, 'trainable_pct': 0.0, 'method': 'frozen'}",17.95946168899536,0.6996606432727274,
a8gdctp4,v9,,0,,braindecode/seed-v,frozen,flatten,0,ridge,median_std_clip,completed,"{'total_params': 12687872, 'trainable_params': 0, 'trainable_pct': 0.0, 'method': 'frozen'}",50.83642768859863,0.2786626729436375,
a8gdctp4,v9,,0,,braindecode/seed-vig,frozen,flatten,0,ridge,median_std_clip,completed,"{'total_params': 12687872, 'trainable_params': 0, 'trainable_pct': 0.0, 'method': 'frozen'}",22.900200843811035,,-0.8489260672271943
a8gdctp4,v9,,0,,braindecode/tuab,frozen,flatten,0,ridge,median_std_clip,completed,"{'total_params': 12687872, 'trainable_params': 0, 'trainable_pct': 0.0, 'method': 'frozen'}",56.059420108795166,0.7069236076730594,
a8gdctp4,v9,,0,,braindecode/tuev,frozen,flatten,0,ridge,median_std_clip,completed,"{'total_params': 12687872, 'trainable_params': 0, 'trainable_pct': 0.0, 'method': 'frozen'}",13.295645475387573,0.793461717691501,
a8gdctp4,v9,,0,,braindecode/arithmetic_zyma2019,frozen,flatten,1,ridge,median_std_clip,completed,"{'total_params': 12687872, 'trainable_params': 0, 'trainable_pct': 0.0, 'method': 'frozen'}",11.675492763519287,0.6041666666666666,
a8gdctp4,v9,,0,,braindecode/bcic2a,frozen,flatten,1,ridge,median_std_clip,completed,"{'total_params': 12687872, 'trainable_params': 0, 'trainable_pct': 0.0, 'method': 'frozen'}",8.733405828475952,0.25925925925925924,
a8gdctp4,v9,,0,,braindecode/bcic2020-3,frozen,flatten,1,ridge,median_std_clip,completed,"{'total_params': 12687872, 'trainable_params': 0, 'trainable_pct': 0.0, 'method': 'frozen'}",19.537947416305542,0.24800000000000005,
a8gdctp4,v9,,0,,braindecode/physionet,frozen,flatten,1,ridge,median_std_clip,completed,"{'total_params': 12687872, 'trainable_params': 0, 'trainable_pct': 0.0, 'method': 'frozen'}",25.600239515304565,0.3305151660710589,
a8gdctp4,v9,,0,,braindecode/chbmit,frozen,flatten,1,ridge,median_std_clip,completed,"{'total_params': 12687872, 'trainable_params': 0, 'trainable_pct': 0.0, 'method': 'frozen'}",53.413541078567505,0.7965919821443901,
a8gdctp4,v9,,0,,braindecode/faced,frozen,flatten,1,ridge,median_std_clip,completed,"{'total_params': 12687872, 'trainable_params': 0, 'trainable_pct': 0.0, 'method': 'frozen'}",49.96819829940796,0.15540618801488365,
a8gdctp4,v9,,0,,braindecode/isruc-sleep,frozen,flatten,1,ridge,median_std_clip,completed,"{'total_params': 12687872, 'trainable_params': 0, 'trainable_pct': 0.0, 'method': 'frozen'}",86.5764729976654,0.5039340506311911,
a8gdctp4,v9,,0,,braindecode/mdd_mumtaz2016,frozen,flatten,1,ridge,median_std_clip,completed,"{'total_params': 12687872, 'trainable_params': 0, 'trainable_pct': 0.0, 'method': 'frozen'}",16.407094478607178,0.6966531594185201,
a8gdctp4,v9,,0,,braindecode/seed-v,frozen,flatten,1,ridge,median_std_clip,completed,"{'total_params': 12687872, 'trainable_params': 0, 'trainable_pct': 0.0, 'method': 'frozen'}",48.54261827468872,0.2790011008182919,
a8gdctp4,v9,,0,,braindecode/seed-vig,frozen,flatten,1,ridge,median_std_clip,completed,"{'total_params': 12687872, 'trainable_params': 0, 'trainable_pct': 0.0, 'method': 'frozen'}",24.106544971466064,,-0.8377348276764913
a8gdctp4,v9,,0,,braindecode/tuab,frozen,flatten,1,ridge,median_std_clip,completed,"{'total_params': 12687872, 'trainable_params': 0, 'trainable_pct': 0.0, 'method': 'frozen'}",54.32656145095825,0.7060771002233458,
a8gdctp4,v9,,0,,braindecode/tuev,frozen,flatten,1,ridge,median_std_clip,completed,"{'total_params': 12687872, 'trainable_params': 0, 'trainable_pct': 0.0, 'method': 'frozen'}",12.435110330581665,0.7953000683479621,
a8gdctp4,v9,,0,,braindecode/arithmetic_zyma2019,frozen,flatten,2,ridge,median_std_clip,completed,"{'total_params': 12687872, 'trainable_params': 0, 'trainable_pct': 0.0, 'method': 'frozen'}",11.263525485992432,0.5972222222222222,
a8gdctp4,v9,,0,,braindecode/bcic2a,frozen,flatten,2,ridge,median_std_clip,completed,"{'total_params': 12687872, 'trainable_params': 0, 'trainable_pct': 0.0, 'method': 'frozen'}",9.224556922912598,0.25578703703703703,
a8gdctp4,v9,,0,,braindecode/bcic2020-3,frozen,flatten,2,ridge,median_std_clip,completed,"{'total_params': 12687872, 'trainable_params': 0, 'trainable_pct': 0.0, 'method': 'frozen'}",21.228394269943237,0.22400000000000003,
a8gdctp4,v9,,0,,braindecode/physionet,frozen,flatten,2,ridge,median_std_clip,completed,"{'total_params': 12687872, 'trainable_params': 0, 'trainable_pct': 0.0, 'method': 'frozen'}",24.1565899848938,0.3174880561705495,
a8gdctp4,v9,,0,,braindecode/chbmit,frozen,flatten,2,ridge,median_std_clip,completed,"{'total_params': 12687872, 'trainable_params': 0, 'trainable_pct': 0.0, 'method': 'frozen'}",52.790871381759644,0.8643016567945747,
a8gdctp4,v9,,0,,braindecode/faced,frozen,flatten,2,ridge,median_std_clip,completed,"{'total_params': 12687872, 'trainable_params': 0, 'trainable_pct': 0.0, 'method': 'frozen'}",51.17857575416565,0.1625269356247617,
a8gdctp4,v9,,0,,braindecode/isruc-sleep,frozen,flatten,2,ridge,median_std_clip,completed,"{'total_params': 12687872, 'trainable_params': 0, 'trainable_pct': 0.0, 'method': 'frozen'}",88.1212146282196,0.4952164409674139,
a8gdctp4,v9,,0,,braindecode/mdd_mumtaz2016,frozen,flatten,2,ridge,median_std_clip,completed,"{'total_params': 12687872, 'trainable_params': 0, 'trainable_pct': 0.0, 'method': 'frozen'}",16.026355504989624,0.7000096836838289,
a8gdctp4,v9,,0,,braindecode/seed-v,frozen,flatten,2,ridge,median_std_clip,completed,"{'total_params': 12687872, 'trainable_params': 0, 'trainable_pct': 0.0, 'method': 'frozen'}",50.27526879310608,0.2779098268428412,
a8gdctp4,v9,,0,,braindecode/seed-vig,frozen,flatten,2,ridge,median_std_clip,completed,"{'total_params': 12687872, 'trainable_params': 0, 'trainable_pct': 0.0, 'method': 'frozen'}",23.181708097457886,,-0.8473941893839054
a8gdctp4,v9,,0,,braindecode/tuab,frozen,flatten,2,ridge,median_std_clip,completed,"{'total_params': 12687872, 'trainable_params': 0, 'trainable_pct': 0.0, 'method': 'frozen'}",57.701476097106934,0.7072173510785339,
a8gdctp4,v9,,0,,braindecode/tuev,frozen,flatten,2,ridge,median_std_clip,completed,"{'total_params': 12687872, 'trainable_params': 0, 'trainable_pct': 0.0, 'method': 'frozen'}",13.065715789794922,0.8961599747260207,
a8gdctp4,v9,,0,,braindecode/arithmetic_zyma2019,frozen,flatten,3,ridge,median_std_clip,completed,"{'total_params': 12687872, 'trainable_params': 0, 'trainable_pct': 0.0, 'method': 'frozen'}",12.503122568130493,0.5833333333333334,
a8gdctp4,v9,,0,,braindecode/bcic2a,frozen,flatten,3,ridge,median_std_clip,completed,"{'total_params': 12687872, 'trainable_params': 0, 'trainable_pct': 0.0, 'method': 'frozen'}",9.164458751678467,0.27546296296296297,
a8gdctp4,v9,,0,,braindecode/bcic2020-3,frozen,flatten,3,ridge,median_std_clip,completed,"{'total_params': 12687872, 'trainable_params': 0, 'trainable_pct': 0.0, 'method': 'frozen'}",21.386377334594727,0.22666666666666666,
a8gdctp4,v9,,0,,braindecode/physionet,frozen,flatten,3,ridge,median_std_clip,completed,"{'total_params': 12687872, 'trainable_params': 0, 'trainable_pct': 0.0, 'method': 'frozen'}",24.65895676612854,0.32940437273479745,
a8gdctp4,v9,,0,,braindecode/chbmit,frozen,flatten,3,ridge,median_std_clip,completed,"{'total_params': 12687872, 'trainable_params': 0, 'trainable_pct': 0.0, 'method': 'frozen'}",54.70428729057312,0.7501931496265775,
a8gdctp4,v9,,0,,braindecode/faced,frozen,flatten,3,ridge,median_std_clip,completed,"{'total_params': 12687872, 'trainable_params': 0, 'trainable_pct': 0.0, 'method': 'frozen'}",50.99604797363281,0.1559001083457605,
a8gdctp4,v9,,0,,braindecode/isruc-sleep,frozen,flatten,3,ridge,median_std_clip,completed,"{'total_params': 12687872, 'trainable_params': 0, 'trainable_pct': 0.0, 'method': 'frozen'}",87.35198187828064,0.4947413160887546,
a8gdctp4,v9,,0,,braindecode/mdd_mumtaz2016,frozen,flatten,3,ridge,median_std_clip,completed,"{'total_params': 12687872, 'trainable_params': 0, 'trainable_pct': 0.0, 'method': 'frozen'}",16.85897731781006,0.6961389324730282,
a8gdctp4,v9,,0,,braindecode/seed-v,frozen,flatten,3,ridge,median_std_clip,completed,"{'total_params': 12687872, 'trainable_params': 0, 'trainable_pct': 0.0, 'method': 'frozen'}",48.47555708885193,0.27719364409541986,
a8gdctp4,v9,,0,,braindecode/seed-vig,frozen,flatten,3,ridge,median_std_clip,completed,"{'total_params': 12687872, 'trainable_params': 0, 'trainable_pct': 0.0, 'method': 'frozen'}",19.19573163986206,,-0.858863985039326
a8gdctp4,v9,,0,,braindecode/tuab,frozen,flatten,3,ridge,median_std_clip,completed,"{'total_params': 12687872, 'trainable_params': 0, 'trainable_pct': 0.0, 'method': 'frozen'}",57.40583372116089,0.7076690270680768,
a8gdctp4,v9,,0,,braindecode/tuev,frozen,flatten,3,ridge,median_std_clip,completed,"{'total_params': 12687872, 'trainable_params': 0, 'trainable_pct': 0.0, 'method': 'frozen'}",13.028058528900146,0.7892549873976268,
a8gdctp4,v9,,0,,braindecode/arithmetic_zyma2019,frozen,flatten,4,ridge,median_std_clip,completed,"{'total_params': 12687872, 'trainable_params': 0, 'trainable_pct': 0.0, 'method': 'frozen'}",11.254444599151611,0.5972222222222222,
a8gdctp4,v9,,0,,braindecode/bcic2a,frozen,flatten,4,ridge,median_std_clip,completed,"{'total_params': 12687872, 'trainable_params': 0, 'trainable_pct': 0.0, 'method': 'frozen'}",9.199288129806519,0.26157407407407407,
a8gdctp4,v9,,0,,braindecode/bcic2020-3,frozen,flatten,4,ridge,median_std_clip,completed,"{'total_params': 12687872, 'trainable_params': 0, 'trainable_pct': 0.0, 'method': 'frozen'}",21.08841896057129,0.23333333333333334,
a8gdctp4,v9,,0,,braindecode/physionet,frozen,flatten,4,ridge,median_std_clip,completed,"{'total_params': 12687872, 'trainable_params': 0, 'trainable_pct': 0.0, 'method': 'frozen'}",24.005335330963135,0.3225363914159749,
a8gdctp4,v9,,0,,braindecode/chbmit,frozen,flatten,4,ridge,median_std_clip,completed,"{'total_params': 12687872, 'trainable_params': 0, 'trainable_pct': 0.0, 'method': 'frozen'}",53.08252263069153,0.7738647094171174,
a8gdctp4,v9,,0,,braindecode/faced,frozen,flatten,4,ridge,median_std_clip,completed,"{'total_params': 12687872, 'trainable_params': 0, 'trainable_pct': 0.0, 'method': 'frozen'}",49.43657970428467,0.1572016449733841,
a8gdctp4,v9,,0,,braindecode/isruc-sleep,frozen,flatten,4,ridge,median_std_clip,completed,"{'total_params': 12687872, 'trainable_params': 0, 'trainable_pct': 0.0, 'method': 'frozen'}",85.98635482788086,0.49126274788878294,
a8gdctp4,v9,,0,,braindecode/mdd_mumtaz2016,frozen,flatten,4,ridge,median_std_clip,completed,"{'total_params': 12687872, 'trainable_params': 0, 'trainable_pct': 0.0, 'method': 'frozen'}",15.945347785949707,0.6963337242456303,
a8gdctp4,v9,,0,,braindecode/seed-v,frozen,flatten,4,ridge,median_std_clip,completed,"{'total_params': 12687872, 'trainable_params': 0, 'trainable_pct': 0.0, 'method': 'frozen'}",49.84971737861633,0.278892526919387,
a8gdctp4,v9,,0,,braindecode/seed-vig,frozen,flatten,4,ridge,median_std_clip,completed,"{'total_params': 12687872, 'trainable_params': 0, 'trainable_pct': 0.0, 'method': 'frozen'}",23.324195384979248,,-0.8459554411691013
a8gdctp4,v9,,0,,braindecode/tuab,frozen,flatten,4,ridge,median_std_clip,completed,"{'total_params': 12687872, 'trainable_params': 0, 'trainable_pct': 0.0, 'method': 'frozen'}",56.13589406013489,0.7024723729986806,
a8gdctp4,v9,,0,,braindecode/tuev,frozen,flatten,4,ridge,median_std_clip,completed,"{'total_params': 12687872, 'trainable_params': 0, 'trainable_pct': 0.0, 'method': 'frozen'}",13.310561418533325,0.8012424480551384,
4jsjobya,v9,,0,,braindecode/arithmetic_zyma2019,frozen,flatten,0,ridge,median_std_clip,completed,"{'total_params': 12687872, 'trainable_params': 0, 'trainable_pct': 0.0, 'method': 'frozen'}",13.421277284622192,0.6736111111111112,
4jsjobya,v9,,0,,braindecode/bcic2a,frozen,flatten,0,ridge,median_std_clip,completed,"{'total_params': 12687872, 'trainable_params': 0, 'trainable_pct': 0.0, 'method': 'frozen'}",9.177541971206665,0.4097222222222222,
4jsjobya,v9,,0,,braindecode/bcic2020-3,frozen,flatten,0,ridge,median_std_clip,completed,"{'total_params': 12687872, 'trainable_params': 0, 'trainable_pct': 0.0, 'method': 'frozen'}",20.81119704246521,0.2693333333333333,
4jsjobya,v9,,0,,braindecode/physionet,frozen,flatten,0,ridge,median_std_clip,completed,"{'total_params': 12687872, 'trainable_params': 0, 'trainable_pct': 0.0, 'method': 'frozen'}",23.537660598754883,0.5206480577992614,
4jsjobya,v9,,0,,braindecode/chbmit,frozen,flatten,0,ridge,median_std_clip,completed,"{'total_params': 12687872, 'trainable_params': 0, 'trainable_pct': 0.0, 'method': 'frozen'}",56.16377234458923,0.7855395312902396,
4jsjobya,v9,,0,,braindecode/faced,frozen,flatten,0,ridge,median_std_clip,completed,"{'total_params': 12687872, 'trainable_params': 0, 'trainable_pct': 0.0, 'method': 'frozen'}",52.37725067138672,0.26580831608005523,
4jsjobya,v9,,0,,braindecode/isruc-sleep,frozen,flatten,0,ridge,median_std_clip,completed,"{'total_params': 12687872, 'trainable_params': 0, 'trainable_pct': 0.0, 'method': 'frozen'}",89.08104372024536,0.7084369391472851,
4jsjobya,v9,,0,,braindecode/mdd_mumtaz2016,frozen,flatten,0,ridge,median_std_clip,completed,"{'total_params': 12687872, 'trainable_params': 0, 'trainable_pct': 0.0, 'method': 'frozen'}",16.434651851654053,0.8328254908781838,
4jsjobya,v9,,0,,braindecode/seed-v,frozen,flatten,0,ridge,median_std_clip,completed,"{'total_params': 12687872, 'trainable_params': 0, 'trainable_pct': 0.0, 'method': 'frozen'}",49.32995891571045,0.3029132193661891,
4jsjobya,v9,,0,,braindecode/seed-vig,frozen,flatten,0,ridge,median_std_clip,completed,"{'total_params': 12687872, 'trainable_params': 0, 'trainable_pct': 0.0, 'method': 'frozen'}",22.902170181274414,,-0.2755639272442083
4jsjobya,v9,,0,,braindecode/tuab,frozen,flatten,0,ridge,median_std_clip,completed,"{'total_params': 12687872, 'trainable_params': 0, 'trainable_pct': 0.0, 'method': 'frozen'}",55.036813259124756,0.7872558485460122,
4jsjobya,v9,,0,,braindecode/tuev,frozen,flatten,0,ridge,median_std_clip,completed,"{'total_params': 12687872, 'trainable_params': 0, 'trainable_pct': 0.0, 'method': 'frozen'}",12.484878778457642,0.903278448799667,
4jsjobya,v9,,0,,braindecode/arithmetic_zyma2019,frozen,flatten,1,ridge,median_std_clip,completed,"{'total_params': 12687872, 'trainable_params': 0, 'trainable_pct': 0.0, 'method': 'frozen'}",11.877000570297241,0.6388888888888888,
4jsjobya,v9,,0,,braindecode/bcic2a,frozen,flatten,1,ridge,median_std_clip,completed,"{'total_params': 12687872, 'trainable_params': 0, 'trainable_pct': 0.0, 'method': 'frozen'}",9.647141456604004,0.41261574074074076,
4jsjobya,v9,,0,,braindecode/bcic2020-3,frozen,flatten,1,ridge,median_std_clip,completed,"{'total_params': 12687872, 'trainable_params': 0, 'trainable_pct': 0.0, 'method': 'frozen'}",21.164944171905518,0.2693333333333333,
4jsjobya,v9,,0,,braindecode/physionet,frozen,flatten,1,ridge,median_std_clip,completed,"{'total_params': 12687872, 'trainable_params': 0, 'trainable_pct': 0.0, 'method': 'frozen'}",24.177127838134766,0.5093063474159705,
4jsjobya,v9,,0,,braindecode/chbmit,frozen,flatten,1,ridge,median_std_clip,completed,"{'total_params': 12687872, 'trainable_params': 0, 'trainable_pct': 0.0, 'method': 'frozen'}",55.44656777381897,0.8106275216756803,
4jsjobya,v9,,0,,braindecode/faced,frozen,flatten,1,ridge,median_std_clip,completed,"{'total_params': 12687872, 'trainable_params': 0, 'trainable_pct': 0.0, 'method': 'frozen'}",48.92877507209778,0.2638753155057503,
4jsjobya,v9,,0,,braindecode/isruc-sleep,frozen,flatten,1,ridge,median_std_clip,completed,"{'total_params': 12687872, 'trainable_params': 0, 'trainable_pct': 0.0, 'method': 'frozen'}",86.03656244277954,0.7065746861113793,
4jsjobya,v9,,0,,braindecode/mdd_mumtaz2016,frozen,flatten,1,ridge,median_std_clip,completed,"{'total_params': 12687872, 'trainable_params': 0, 'trainable_pct': 0.0, 'method': 'frozen'}",15.872695446014404,0.8707476134483423,
4jsjobya,v9,,0,,braindecode/seed-v,frozen,flatten,1,ridge,median_std_clip,completed,"{'total_params': 12687872, 'trainable_params': 0, 'trainable_pct': 0.0, 'method': 'frozen'}",49.939229011535645,0.29846661271252845,
4jsjobya,v9,,0,,braindecode/seed-vig,frozen,flatten,1,ridge,median_std_clip,completed,"{'total_params': 12687872, 'trainable_params': 0, 'trainable_pct': 0.0, 'method': 'frozen'}",23.39836359024048,,-0.2741408222323707
4jsjobya,v9,,0,,braindecode/tuab,frozen,flatten,1,ridge,median_std_clip,completed,"{'total_params': 12687872, 'trainable_params': 0, 'trainable_pct': 0.0, 'method': 'frozen'}",56.55874514579773,0.7840719948565502,
4jsjobya,v9,,0,,braindecode/tuev,frozen,flatten,1,ridge,median_std_clip,completed,"{'total_params': 12687872, 'trainable_params': 0, 'trainable_pct': 0.0, 'method': 'frozen'}",13.024093866348267,0.9570992997395468,
4jsjobya,v9,,0,,braindecode/arithmetic_zyma2019,frozen,flatten,2,ridge,median_std_clip,completed,"{'total_params': 12687872, 'trainable_params': 0, 'trainable_pct': 0.0, 'method': 'frozen'}",11.452358961105347,0.6458333333333333,
4jsjobya,v9,,0,,braindecode/bcic2a,frozen,flatten,2,ridge,median_std_clip,completed,"{'total_params': 12687872, 'trainable_params': 0, 'trainable_pct': 0.0, 'method': 'frozen'}",9.62438178062439,0.40567129629629634,
4jsjobya,v9,,0,,braindecode/bcic2020-3,frozen,flatten,2,ridge,median_std_clip,completed,"{'total_params': 12687872, 'trainable_params': 0, 'trainable_pct': 0.0, 'method': 'frozen'}",19.687365531921387,0.24933333333333335,
4jsjobya,v9,,0,,braindecode/physionet,frozen,flatten,2,ridge,median_std_clip,completed,"{'total_params': 12687872, 'trainable_params': 0, 'trainable_pct': 0.0, 'method': 'frozen'}",26.61093497276306,0.5352887320350378,
4jsjobya,v9,,0,,braindecode/chbmit,frozen,flatten,2,ridge,median_std_clip,completed,"{'total_params': 12687872, 'trainable_params': 0, 'trainable_pct': 0.0, 'method': 'frozen'}",54.31215834617615,0.9115160099579362,
4jsjobya,v9,,0,,braindecode/faced,frozen,flatten,2,ridge,median_std_clip,completed,"{'total_params': 12687872, 'trainable_params': 0, 'trainable_pct': 0.0, 'method': 'frozen'}",53.379416704177856,0.27290583812322944,
4jsjobya,v9,,0,,braindecode/isruc-sleep,frozen,flatten,2,ridge,median_std_clip,completed,"{'total_params': 12687872, 'trainable_params': 0, 'trainable_pct': 0.0, 'method': 'frozen'}",90.98419427871704,0.7053890220835822,
4jsjobya,v9,,0,,braindecode/mdd_mumtaz2016,frozen,flatten,2,ridge,median_std_clip,completed,"{'total_params': 12687872, 'trainable_params': 0, 'trainable_pct': 0.0, 'method': 'frozen'}",16.81185817718506,0.856906848600659,
4jsjobya,v9,,0,,braindecode/seed-v,frozen,flatten,2,ridge,median_std_clip,completed,"{'total_params': 12687872, 'trainable_params': 0, 'trainable_pct': 0.0, 'method': 'frozen'}",49.912846326828,0.3021338036738013,
4jsjobya,v9,,0,,braindecode/seed-vig,frozen,flatten,2,ridge,median_std_clip,completed,"{'total_params': 12687872, 'trainable_params': 0, 'trainable_pct': 0.0, 'method': 'frozen'}",23.256208658218384,,-0.28856918861745573
4jsjobya,v9,,0,,braindecode/tuab,frozen,flatten,2,ridge,median_std_clip,completed,"{'total_params': 12687872, 'trainable_params': 0, 'trainable_pct': 0.0, 'method': 'frozen'}",59.05492043495178,0.7838658984347873,
4jsjobya,v9,,0,,braindecode/tuev,frozen,flatten,2,ridge,median_std_clip,completed,"{'total_params': 12687872, 'trainable_params': 0, 'trainable_pct': 0.0, 'method': 'frozen'}",12.798375129699707,0.9053682893281921,
4jsjobya,v9,,0,,braindecode/arithmetic_zyma2019,frozen,flatten,3,ridge,median_std_clip,completed,"{'total_params': 12687872, 'trainable_params': 0, 'trainable_pct': 0.0, 'method': 'frozen'}",11.641749382019043,0.6666666666666667,
4jsjobya,v9,,0,,braindecode/bcic2a,frozen,flatten,3,ridge,median_std_clip,completed,"{'total_params': 12687872, 'trainable_params': 0, 'trainable_pct': 0.0, 'method': 'frozen'}",9.294048547744751,0.4045138888888889,
4jsjobya,v9,,0,,braindecode/bcic2020-3,frozen,flatten,3,ridge,median_std_clip,completed,"{'total_params': 12687872, 'trainable_params': 0, 'trainable_pct': 0.0, 'method': 'frozen'}",20.838937759399414,0.2533333333333333,
4jsjobya,v9,,0,,braindecode/physionet,frozen,flatten,3,ridge,median_std_clip,completed,"{'total_params': 12687872, 'trainable_params': 0, 'trainable_pct': 0.0, 'method': 'frozen'}",23.928159952163696,0.5053675345232148,
4jsjobya,v9,,0,,braindecode/chbmit,frozen,flatten,3,ridge,median_std_clip,completed,"{'total_params': 12687872, 'trainable_params': 0, 'trainable_pct': 0.0, 'method': 'frozen'}",52.73645901679993,0.8724354021804447,
4jsjobya,v9,,0,,braindecode/faced,frozen,flatten,3,ridge,median_std_clip,completed,"{'total_params': 12687872, 'trainable_params': 0, 'trainable_pct': 0.0, 'method': 'frozen'}",51.3530068397522,0.275164750708229,
4jsjobya,v9,,0,,braindecode/isruc-sleep,frozen,flatten,3,ridge,median_std_clip,completed,"{'total_params': 12687872, 'trainable_params': 0, 'trainable_pct': 0.0, 'method': 'frozen'}",88.0694043636322,0.7020089272583094,
4jsjobya,v9,,0,,braindecode/mdd_mumtaz2016,frozen,flatten,3,ridge,median_std_clip,completed,"{'total_params': 12687872, 'trainable_params': 0, 'trainable_pct': 0.0, 'method': 'frozen'}",15.639379739761353,0.8360588787421945,
4jsjobya,v9,,0,,braindecode/seed-v,frozen,flatten,3,ridge,median_std_clip,completed,"{'total_params': 12687872, 'trainable_params': 0, 'trainable_pct': 0.0, 'method': 'frozen'}",48.07737159729004,0.30306015555424026,
4jsjobya,v9,,0,,braindecode/seed-vig,frozen,flatten,3,ridge,median_std_clip,completed,"{'total_params': 12687872, 'trainable_params': 0, 'trainable_pct': 0.0, 'method': 'frozen'}",22.99760389328003,,-0.300688291723189
4jsjobya,v9,,0,,braindecode/tuab,frozen,flatten,3,ridge,median_std_clip,completed,"{'total_params': 12687872, 'trainable_params': 0, 'trainable_pct': 0.0, 'method': 'frozen'}",55.778464555740356,0.8089900603280069,
4jsjobya,v9,,0,,braindecode/tuev,frozen,flatten,3,ridge,median_std_clip,completed,"{'total_params': 12687872, 'trainable_params': 0, 'trainable_pct': 0.0, 'method': 'frozen'}",12.513903856277466,0.9068486215891821,
4jsjobya,v9,,0,,braindecode/arithmetic_zyma2019,frozen,flatten,4,ridge,median_std_clip,completed,"{'total_params': 12687872, 'trainable_params': 0, 'trainable_pct': 0.0, 'method': 'frozen'}",11.60637879371643,0.6840277777777778,
4jsjobya,v9,,0,,braindecode/bcic2a,frozen,flatten,4,ridge,median_std_clip,completed,"{'total_params': 12687872, 'trainable_params': 0, 'trainable_pct': 0.0, 'method': 'frozen'}",9.264369010925293,0.39178240740740733,
4jsjobya,v9,,0,,braindecode/bcic2020-3,frozen,flatten,4,ridge,median_std_clip,completed,"{'total_params': 12687872, 'trainable_params': 0, 'trainable_pct': 0.0, 'method': 'frozen'}",21.46609902381897,0.288,
4jsjobya,v9,,0,,braindecode/physionet,frozen,flatten,4,ridge,median_std_clip,completed,"{'total_params': 12687872, 'trainable_params': 0, 'trainable_pct': 0.0, 'method': 'frozen'}",21.678871154785156,0.5160937182652189,
4jsjobya,v9,,0,,braindecode/chbmit,frozen,flatten,4,ridge,median_std_clip,completed,"{'total_params': 12687872, 'trainable_params': 0, 'trainable_pct': 0.0, 'method': 'frozen'}",54.62787461280823,0.8291055026182504,
4jsjobya,v9,,0,,braindecode/faced,frozen,flatten,4,ridge,median_std_clip,completed,"{'total_params': 12687872, 'trainable_params': 0, 'trainable_pct': 0.0, 'method': 'frozen'}",50.01876401901245,0.265468076609381,
4jsjobya,v9,,0,,braindecode/isruc-sleep,frozen,flatten,4,ridge,median_std_clip,completed,"{'total_params': 12687872, 'trainable_params': 0, 'trainable_pct': 0.0, 'method': 'frozen'}",88.79057884216309,0.7004326960768925,
4jsjobya,v9,,0,,braindecode/mdd_mumtaz2016,frozen,flatten,4,ridge,median_std_clip,completed,"{'total_params': 12687872, 'trainable_params': 0, 'trainable_pct': 0.0, 'method': 'frozen'}",16.616559982299805,0.8526450068456645,
4jsjobya,v9,,0,,braindecode/seed-v,frozen,flatten,4,ridge,median_std_clip,completed,"{'total_params': 12687872, 'trainable_params': 0, 'trainable_pct': 0.0, 'method': 'frozen'}",52.13507342338562,0.3023829528289809,
4jsjobya,v9,,0,,braindecode/seed-vig,frozen,flatten,4,ridge,median_std_clip,completed,"{'total_params': 12687872, 'trainable_params': 0, 'trainable_pct': 0.0, 'method': 'frozen'}",23.31497883796692,,-0.2614255210341361
4jsjobya,v9,,0,,braindecode/tuab,frozen,flatten,4,ridge,median_std_clip,completed,"{'total_params': 12687872, 'trainable_params': 0, 'trainable_pct': 0.0, 'method': 'frozen'}",58.48918890953064,0.7792875336306797,
4jsjobya,v9,,0,,braindecode/tuev,frozen,flatten,4,ridge,median_std_clip,completed,"{'total_params': 12687872, 'trainable_params': 0, 'trainable_pct': 0.0, 'method': 'frozen'}",13.343721151351929,0.9069626141796637,
6ikegvah,v9,,0,,braindecode/arithmetic_zyma2019,frozen,flatten,0,ridge,median_std_clip,completed,"{'total_params': 12687872, 'trainable_params': 0, 'trainable_pct': 0.0, 'method': 'frozen'}",11.98251724243164,0.6180555555555556,
6ikegvah,v9,,0,,braindecode/bcic2a,frozen,flatten,0,ridge,median_std_clip,completed,"{'total_params': 12687872, 'trainable_params': 0, 'trainable_pct': 0.0, 'method': 'frozen'}",9.141028642654419,0.4722222222222222,
6ikegvah,v9,,0,,braindecode/bcic2020-3,frozen,flatten,0,ridge,median_std_clip,completed,"{'total_params': 12687872, 'trainable_params': 0, 'trainable_pct': 0.0, 'method': 'frozen'}",21.268810510635376,0.27199999999999996,
6ikegvah,v9,,0,,braindecode/physionet,frozen,flatten,0,ridge,median_std_clip,completed,"{'total_params': 12687872, 'trainable_params': 0, 'trainable_pct': 0.0, 'method': 'frozen'}",24.10603976249695,0.5262888045766434,
6ikegvah,v9,,0,,braindecode/chbmit,frozen,flatten,0,ridge,median_std_clip,completed,"{'total_params': 12687872, 'trainable_params': 0, 'trainable_pct': 0.0, 'method': 'frozen'}",52.90887427330017,0.899776804875955,
6ikegvah,v9,,0,,braindecode/faced,frozen,flatten,0,ridge,median_std_clip,completed,"{'total_params': 12687872, 'trainable_params': 0, 'trainable_pct': 0.0, 'method': 'frozen'}",49.83658957481384,0.2893786467156032,
6ikegvah,v9,,0,,braindecode/isruc-sleep,frozen,flatten,0,ridge,median_std_clip,completed,"{'total_params': 12687872, 'trainable_params': 0, 'trainable_pct': 0.0, 'method': 'frozen'}",87.7408492565155,0.6897227824540431,
6ikegvah,v9,,0,,braindecode/mdd_mumtaz2016,frozen,flatten,0,ridge,median_std_clip,completed,"{'total_params': 12687872, 'trainable_params': 0, 'trainable_pct': 0.0, 'method': 'frozen'}",16.539706468582153,0.8601981343935865,
6ikegvah,v9,,0,,braindecode/seed-v,frozen,flatten,0,ridge,median_std_clip,completed,"{'total_params': 12687872, 'trainable_params': 0, 'trainable_pct': 0.0, 'method': 'frozen'}",49.122607946395874,0.30112666918255576,
6ikegvah,v9,,0,,braindecode/seed-vig,frozen,flatten,0,ridge,median_std_clip,completed,"{'total_params': 12687872, 'trainable_params': 0, 'trainable_pct': 0.0, 'method': 'frozen'}",22.974786043167114,,-0.2783615749702497
6ikegvah,v9,,0,,braindecode/tuab,frozen,flatten,0,ridge,median_std_clip,completed,"{'total_params': 12687872, 'trainable_params': 0, 'trainable_pct': 0.0, 'method': 'frozen'}",55.1171669960022,0.7836550416337174,
6ikegvah,v9,,0,,braindecode/tuev,frozen,flatten,0,ridge,median_std_clip,completed,"{'total_params': 12687872, 'trainable_params': 0, 'trainable_pct': 0.0, 'method': 'frozen'}",12.591602325439453,0.9063432284447116,
6ikegvah,v9,,0,,braindecode/arithmetic_zyma2019,frozen,flatten,1,ridge,median_std_clip,completed,"{'total_params': 12687872, 'trainable_params': 0, 'trainable_pct': 0.0, 'method': 'frozen'}",11.104776382446289,0.6284722222222222,
6ikegvah,v9,,0,,braindecode/bcic2a,frozen,flatten,1,ridge,median_std_clip,completed,"{'total_params': 12687872, 'trainable_params': 0, 'trainable_pct': 0.0, 'method': 'frozen'}",9.08042597770691,0.4716435185185185,
6ikegvah,v9,,0,,braindecode/bcic2020-3,frozen,flatten,1,ridge,median_std_clip,completed,"{'total_params': 12687872, 'trainable_params': 0, 'trainable_pct': 0.0, 'method': 'frozen'}",21.353099822998047,0.248,
6ikegvah,v9,,0,,braindecode/physionet,frozen,flatten,1,ridge,median_std_clip,completed,"{'total_params': 12687872, 'trainable_params': 0, 'trainable_pct': 0.0, 'method': 'frozen'}",24.61717987060547,0.55005093141036,
6ikegvah,v9,,0,,braindecode/chbmit,frozen,flatten,1,ridge,median_std_clip,completed,"{'total_params': 12687872, 'trainable_params': 0, 'trainable_pct': 0.0, 'method': 'frozen'}",53.51800489425659,0.8952914413254356,
6ikegvah,v9,,0,,braindecode/faced,frozen,flatten,1,ridge,median_std_clip,completed,"{'total_params': 12687872, 'trainable_params': 0, 'trainable_pct': 0.0, 'method': 'frozen'}",51.36319899559021,0.285178891157152,
6ikegvah,v9,,0,,braindecode/isruc-sleep,frozen,flatten,1,ridge,median_std_clip,completed,"{'total_params': 12687872, 'trainable_params': 0, 'trainable_pct': 0.0, 'method': 'frozen'}",88.76586580276489,0.6898674301036888,
6ikegvah,v9,,0,,braindecode/mdd_mumtaz2016,frozen,flatten,1,ridge,median_std_clip,completed,"{'total_params': 12687872, 'trainable_params': 0, 'trainable_pct': 0.0, 'method': 'frozen'}",15.77898359298706,0.8554594003777414,
6ikegvah,v9,,0,,braindecode/seed-v,frozen,flatten,1,ridge,median_std_clip,completed,"{'total_params': 12687872, 'trainable_params': 0, 'trainable_pct': 0.0, 'method': 'frozen'}",50.551315784454346,0.2956145243955542,
6ikegvah,v9,,0,,braindecode/seed-vig,frozen,flatten,1,ridge,median_std_clip,completed,"{'total_params': 12687872, 'trainable_params': 0, 'trainable_pct': 0.0, 'method': 'frozen'}",19.05214548110962,,-0.27536287164397266
6ikegvah,v9,,0,,braindecode/tuab,frozen,flatten,1,ridge,median_std_clip,completed,"{'total_params': 12687872, 'trainable_params': 0, 'trainable_pct': 0.0, 'method': 'frozen'}",57.76127886772156,0.7861195180031945,
6ikegvah,v9,,0,,braindecode/tuev,frozen,flatten,1,ridge,median_std_clip,completed,"{'total_params': 12687872, 'trainable_params': 0, 'trainable_pct': 0.0, 'method': 'frozen'}",13.19540023803711,0.9043229279649062,
6ikegvah,v9,,0,,braindecode/arithmetic_zyma2019,frozen,flatten,2,ridge,median_std_clip,completed,"{'total_params': 12687872, 'trainable_params': 0, 'trainable_pct': 0.0, 'method': 'frozen'}",11.707176208496094,0.6319444444444444,
6ikegvah,v9,,0,,braindecode/bcic2a,frozen,flatten,2,ridge,median_std_clip,completed,"{'total_params': 12687872, 'trainable_params': 0, 'trainable_pct': 0.0, 'method': 'frozen'}",9.08010482788086,0.47048611111111116,
6ikegvah,v9,,0,,braindecode/bcic2020-3,frozen,flatten,2,ridge,median_std_clip,completed,"{'total_params': 12687872, 'trainable_params': 0, 'trainable_pct': 0.0, 'method': 'frozen'}",21.14522433280945,0.2786666666666667,
6ikegvah,v9,,0,,braindecode/physionet,frozen,flatten,2,ridge,median_std_clip,completed,"{'total_params': 12687872, 'trainable_params': 0, 'trainable_pct': 0.0, 'method': 'frozen'}",24.705166816711426,0.5359439023627046,
6ikegvah,v9,,0,,braindecode/chbmit,frozen,flatten,2,ridge,median_std_clip,completed,"{'total_params': 12687872, 'trainable_params': 0, 'trainable_pct': 0.0, 'method': 'frozen'}",54.7293815612793,0.9019014507683063,
6ikegvah,v9,,0,,braindecode/faced,frozen,flatten,2,ridge,median_std_clip,completed,"{'total_params': 12687872, 'trainable_params': 0, 'trainable_pct': 0.0, 'method': 'frozen'}",52.18244934082031,0.274327725414682,
6ikegvah,v9,,0,,braindecode/isruc-sleep,frozen,flatten,2,ridge,median_std_clip,completed,"{'total_params': 12687872, 'trainable_params': 0, 'trainable_pct': 0.0, 'method': 'frozen'}",86.56085586547852,0.6908388459121994,
6ikegvah,v9,,0,,braindecode/mdd_mumtaz2016,frozen,flatten,2,ridge,median_std_clip,completed,"{'total_params': 12687872, 'trainable_params': 0, 'trainable_pct': 0.0, 'method': 'frozen'}",16.061261653900146,0.8632290010385654,
6ikegvah,v9,,0,,braindecode/seed-v,frozen,flatten,2,ridge,median_std_clip,completed,"{'total_params': 12687872, 'trainable_params': 0, 'trainable_pct': 0.0, 'method': 'frozen'}",48.96375799179077,0.3015754815223546,
6ikegvah,v9,,0,,braindecode/seed-vig,frozen,flatten,2,ridge,median_std_clip,completed,"{'total_params': 12687872, 'trainable_params': 0, 'trainable_pct': 0.0, 'method': 'frozen'}",19.12653946876526,,-0.2818289192482537
6ikegvah,v9,,0,,braindecode/tuab,frozen,flatten,2,ridge,median_std_clip,completed,"{'total_params': 12687872, 'trainable_params': 0, 'trainable_pct': 0.0, 'method': 'frozen'}",57.30947709083557,0.8215454207391245,
6ikegvah,v9,,0,,braindecode/tuev,frozen,flatten,2,ridge,median_std_clip,completed,"{'total_params': 12687872, 'trainable_params': 0, 'trainable_pct': 0.0, 'method': 'frozen'}",12.923440933227539,0.9073452281986413,
6ikegvah,v9,,0,,braindecode/arithmetic_zyma2019,frozen,flatten,3,ridge,median_std_clip,completed,"{'total_params': 12687872, 'trainable_params': 0, 'trainable_pct': 0.0, 'method': 'frozen'}",11.28096604347229,0.7326388888888888,
6ikegvah,v9,,0,,braindecode/bcic2a,frozen,flatten,3,ridge,median_std_clip,completed,"{'total_params': 12687872, 'trainable_params': 0, 'trainable_pct': 0.0, 'method': 'frozen'}",10.126555919647217,0.46990740740740744,
6ikegvah,v9,,0,,braindecode/bcic2020-3,frozen,flatten,3,ridge,median_std_clip,completed,"{'total_params': 12687872, 'trainable_params': 0, 'trainable_pct': 0.0, 'method': 'frozen'}",21.225804328918457,0.2733333333333333,
6ikegvah,v9,,0,,braindecode/physionet,frozen,flatten,3,ridge,median_std_clip,completed,"{'total_params': 12687872, 'trainable_params': 0, 'trainable_pct': 0.0, 'method': 'frozen'}",24.478718996047974,0.5472139107422792,
6ikegvah,v9,,0,,braindecode/chbmit,frozen,flatten,3,ridge,median_std_clip,completed,"{'total_params': 12687872, 'trainable_params': 0, 'trainable_pct': 0.0, 'method': 'frozen'}",53.46475625038147,0.8908060777749163,
6ikegvah,v9,,0,,braindecode/faced,frozen,flatten,3,ridge,median_std_clip,completed,"{'total_params': 12687872, 'trainable_params': 0, 'trainable_pct': 0.0, 'method': 'frozen'}",49.38970732688904,0.27790793144054016,
6ikegvah,v9,,0,,braindecode/isruc-sleep,frozen,flatten,3,ridge,median_std_clip,completed,"{'total_params': 12687872, 'trainable_params': 0, 'trainable_pct': 0.0, 'method': 'frozen'}",86.20151567459106,0.6879226028478282,
6ikegvah,v9,,0,,braindecode/mdd_mumtaz2016,frozen,flatten,3,ridge,median_std_clip,completed,"{'total_params': 12687872, 'trainable_params': 0, 'trainable_pct': 0.0, 'method': 'frozen'}",16.093318939208984,0.8605643351480194,
6ikegvah,v9,,0,,braindecode/seed-v,frozen,flatten,3,ridge,median_std_clip,completed,"{'total_params': 12687872, 'trainable_params': 0, 'trainable_pct': 0.0, 'method': 'frozen'}",49.99461245536804,0.2989348007322659,
6ikegvah,v9,,0,,braindecode/seed-vig,frozen,flatten,3,ridge,median_std_clip,completed,"{'total_params': 12687872, 'trainable_params': 0, 'trainable_pct': 0.0, 'method': 'frozen'}",23.394781351089478,,-0.24036684104291028
6ikegvah,v9,,0,,braindecode/tuab,frozen,flatten,3,ridge,median_std_clip,completed,"{'total_params': 12687872, 'trainable_params': 0, 'trainable_pct': 0.0, 'method': 'frozen'}",55.86575961112976,0.8174976982165939,
6ikegvah,v9,,0,,braindecode/tuev,frozen,flatten,3,ridge,median_std_clip,completed,"{'total_params': 12687872, 'trainable_params': 0, 'trainable_pct': 0.0, 'method': 'frozen'}",13.343101501464844,0.9033366975010638,
6ikegvah,v9,,0,,braindecode/arithmetic_zyma2019,frozen,flatten,4,ridge,median_std_clip,completed,"{'total_params': 12687872, 'trainable_params': 0, 'trainable_pct': 0.0, 'method': 'frozen'}",13.440492868423462,0.625,
6ikegvah,v9,,0,,braindecode/bcic2a,frozen,flatten,4,ridge,median_std_clip,completed,"{'total_params': 12687872, 'trainable_params': 0, 'trainable_pct': 0.0, 'method': 'frozen'}",8.981956481933594,0.4930555555555556,
6ikegvah,v9,,0,,braindecode/bcic2020-3,frozen,flatten,4,ridge,median_std_clip,completed,"{'total_params': 12687872, 'trainable_params': 0, 'trainable_pct': 0.0, 'method': 'frozen'}",19.697182416915894,0.2826666666666667,
6ikegvah,v9,,0,,braindecode/physionet,frozen,flatten,4,ridge,median_std_clip,completed,"{'total_params': 12687872, 'trainable_params': 0, 'trainable_pct': 0.0, 'method': 'frozen'}",25.357069730758667,0.53536543111775,
6ikegvah,v9,,0,,braindecode/chbmit,frozen,flatten,4,ridge,median_std_clip,completed,"{'total_params': 12687872, 'trainable_params': 0, 'trainable_pct': 0.0, 'method': 'frozen'}",56.23004412651062,0.8652459438578419,
6ikegvah,v9,,0,,braindecode/faced,frozen,flatten,4,ridge,median_std_clip,completed,"{'total_params': 12687872, 'trainable_params': 0, 'trainable_pct': 0.0, 'method': 'frozen'}",52.47009515762329,0.280277240875067,
6ikegvah,v9,,0,,braindecode/isruc-sleep,frozen,flatten,4,ridge,median_std_clip,completed,"{'total_params': 12687872, 'trainable_params': 0, 'trainable_pct': 0.0, 'method': 'frozen'}",88.7426450252533,0.692778421140892,
6ikegvah,v9,,0,,braindecode/mdd_mumtaz2016,frozen,flatten,4,ridge,median_std_clip,completed,"{'total_params': 12687872, 'trainable_params': 0, 'trainable_pct': 0.0, 'method': 'frozen'}",16.819950342178345,0.8783550415727547,
6ikegvah,v9,,0,,braindecode/seed-v,frozen,flatten,4,ridge,median_std_clip,completed,"{'total_params': 12687872, 'trainable_params': 0, 'trainable_pct': 0.0, 'method': 'frozen'}",48.84107518196106,0.30141382240783315,
6ikegvah,v9,,0,,braindecode/seed-vig,frozen,flatten,4,ridge,median_std_clip,completed,"{'total_params': 12687872, 'trainable_params': 0, 'trainable_pct': 0.0, 'method': 'frozen'}",22.912043571472168,,-0.256876483979271
6ikegvah,v9,,0,,braindecode/tuab,frozen,flatten,4,ridge,median_std_clip,completed,"{'total_params': 12687872, 'trainable_params': 0, 'trainable_pct': 0.0, 'method': 'frozen'}",54.99607467651367,0.8186861129094767,
6ikegvah,v9,,0,,braindecode/tuev,frozen,flatten,4,ridge,median_std_clip,completed,"{'total_params': 12687872, 'trainable_params': 0, 'trainable_pct': 0.0, 'method': 'frozen'}",12.495089530944824,0.9011270237583812,
qizardwg,v9,,0,,braindecode/arithmetic_zyma2019,frozen,flatten,0,ridge,median_std_clip,completed,"{'total_params': 12687872, 'trainable_params': 0, 'trainable_pct': 0.0, 'method': 'frozen'}",12.987873315811157,0.6319444444444444,
qizardwg,v9,,0,,braindecode/bcic2a,frozen,flatten,0,ridge,median_std_clip,completed,"{'total_params': 12687872, 'trainable_params': 0, 'trainable_pct': 0.0, 'method': 'frozen'}",9.390056371688843,0.4392361111111111,
qizardwg,v9,,0,,braindecode/bcic2020-3,frozen,flatten,0,ridge,median_std_clip,completed,"{'total_params': 12687872, 'trainable_params': 0, 'trainable_pct': 0.0, 'method': 'frozen'}",21.765907526016235,0.27199999999999996,
qizardwg,v9,,0,,braindecode/physionet,frozen,flatten,0,ridge,median_std_clip,completed,"{'total_params': 12687872, 'trainable_params': 0, 'trainable_pct': 0.0, 'method': 'frozen'}",23.89635419845581,0.5523543300517522,
qizardwg,v9,,0,,braindecode/chbmit,frozen,flatten,0,ridge,median_std_clip,completed,"{'total_params': 12687872, 'trainable_params': 0, 'trainable_pct': 0.0, 'method': 'frozen'}",54.44625687599182,0.8828225598763842,
qizardwg,v9,,0,,braindecode/faced,frozen,flatten,0,ridge,median_std_clip,completed,"{'total_params': 12687872, 'trainable_params': 0, 'trainable_pct': 0.0, 'method': 'frozen'}",50.765053033828735,0.29950725602899514,
qizardwg,v9,,0,,braindecode/isruc-sleep,frozen,flatten,0,ridge,median_std_clip,completed,"{'total_params': 12687872, 'trainable_params': 0, 'trainable_pct': 0.0, 'method': 'frozen'}",88.7320785522461,0.6643939660360878,
qizardwg,v9,,0,,braindecode/mdd_mumtaz2016,frozen,flatten,0,ridge,median_std_clip,completed,"{'total_params': 12687872, 'trainable_params': 0, 'trainable_pct': 0.0, 'method': 'frozen'}",18.48848056793213,0.844150928573887,
qizardwg,v9,,0,,braindecode/seed-v,frozen,flatten,0,ridge,median_std_clip,completed,"{'total_params': 12687872, 'trainable_params': 0, 'trainable_pct': 0.0, 'method': 'frozen'}",50.948609352111816,0.2814563756951331,
qizardwg,v9,,0,,braindecode/seed-vig,frozen,flatten,0,ridge,median_std_clip,completed,"{'total_params': 12687872, 'trainable_params': 0, 'trainable_pct': 0.0, 'method': 'frozen'}",22.72041368484497,,-0.11069019309066408
qizardwg,v9,,0,,braindecode/tuab,frozen,flatten,0,ridge,median_std_clip,completed,"{'total_params': 12687872, 'trainable_params': 0, 'trainable_pct': 0.0, 'method': 'frozen'}",59.97692608833313,0.8021967190345727,
qizardwg,v9,,0,,braindecode/tuev,frozen,flatten,0,ridge,median_std_clip,completed,"{'total_params': 12687872, 'trainable_params': 0, 'trainable_pct': 0.0, 'method': 'frozen'}",14.898369073867798,0.8915916680175324,
qizardwg,v9,,0,,braindecode/arithmetic_zyma2019,frozen,flatten,1,ridge,median_std_clip,completed,"{'total_params': 12687872, 'trainable_params': 0, 'trainable_pct': 0.0, 'method': 'frozen'}",14.839388608932495,0.6458333333333333,
qizardwg,v9,,0,,braindecode/bcic2a,frozen,flatten,1,ridge,median_std_clip,completed,"{'total_params': 12687872, 'trainable_params': 0, 'trainable_pct': 0.0, 'method': 'frozen'}",8.69199800491333,0.45833333333333337,
qizardwg,v9,,0,,braindecode/bcic2020-3,frozen,flatten,1,ridge,median_std_clip,completed,"{'total_params': 12687872, 'trainable_params': 0, 'trainable_pct': 0.0, 'method': 'frozen'}",19.50975799560547,0.27066666666666667,
qizardwg,v9,,0,,braindecode/physionet,frozen,flatten,1,ridge,median_std_clip,completed,"{'total_params': 12687872, 'trainable_params': 0, 'trainable_pct': 0.0, 'method': 'frozen'}",25.541244506835938,0.5523683861459152,
qizardwg,v9,,0,,braindecode/chbmit,frozen,flatten,1,ridge,median_std_clip,completed,"{'total_params': 12687872, 'trainable_params': 0, 'trainable_pct': 0.0, 'method': 'frozen'}",61.309420585632324,0.8814061292814834,
qizardwg,v9,,0,,braindecode/faced,frozen,flatten,1,ridge,median_std_clip,completed,"{'total_params': 12687872, 'trainable_params': 0, 'trainable_pct': 0.0, 'method': 'frozen'}",53.27025246620178,0.3042384849450067,
qizardwg,v9,,0,,braindecode/isruc-sleep,frozen,flatten,1,ridge,median_std_clip,completed,"{'total_params': 12687872, 'trainable_params': 0, 'trainable_pct': 0.0, 'method': 'frozen'}",89.69182586669922,0.6583523810199032,
qizardwg,v9,,0,,braindecode/mdd_mumtaz2016,frozen,flatten,1,ridge,median_std_clip,completed,"{'total_params': 12687872, 'trainable_params': 0, 'trainable_pct': 0.0, 'method': 'frozen'}",18.406881093978882,0.8303837149994624,
qizardwg,v9,,0,,braindecode/seed-v,frozen,flatten,1,ridge,median_std_clip,completed,"{'total_params': 12687872, 'trainable_params': 0, 'trainable_pct': 0.0, 'method': 'frozen'}",52.91711211204529,0.2800440815988756,
qizardwg,v9,,0,,braindecode/seed-vig,frozen,flatten,1,ridge,median_std_clip,completed,"{'total_params': 12687872, 'trainable_params': 0, 'trainable_pct': 0.0, 'method': 'frozen'}",23.27743124961853,,-0.10644716636008145
qizardwg,v9,,0,,braindecode/tuab,frozen,flatten,1,ridge,median_std_clip,completed,"{'total_params': 12687872, 'trainable_params': 0, 'trainable_pct': 0.0, 'method': 'frozen'}",59.1811146736145,0.8011922790007908,
qizardwg,v9,,0,,braindecode/tuev,frozen,flatten,1,ridge,median_std_clip,completed,"{'total_params': 12687872, 'trainable_params': 0, 'trainable_pct': 0.0, 'method': 'frozen'}",14.36057734489441,0.8936428966279713,
qizardwg,v9,,0,,braindecode/arithmetic_zyma2019,frozen,flatten,2,ridge,median_std_clip,completed,"{'total_params': 12687872, 'trainable_params': 0, 'trainable_pct': 0.0, 'method': 'frozen'}",13.800018548965454,0.6631944444444444,
qizardwg,v9,,0,,braindecode/bcic2a,frozen,flatten,2,ridge,median_std_clip,completed,"{'total_params': 12687872, 'trainable_params': 0, 'trainable_pct': 0.0, 'method': 'frozen'}",9.397340536117554,0.43749999999999994,
qizardwg,v9,,0,,braindecode/bcic2020-3,frozen,flatten,2,ridge,median_std_clip,completed,"{'total_params': 12687872, 'trainable_params': 0, 'trainable_pct': 0.0, 'method': 'frozen'}",21.850832223892212,0.27599999999999997,
qizardwg,v9,,0,,braindecode/physionet,frozen,flatten,2,ridge,median_std_clip,completed,"{'total_params': 12687872, 'trainable_params': 0, 'trainable_pct': 0.0, 'method': 'frozen'}",24.034265756607056,0.5568984264424066,
qizardwg,v9,,0,,braindecode/chbmit,frozen,flatten,2,ridge,median_std_clip,completed,"{'total_params': 12687872, 'trainable_params': 0, 'trainable_pct': 0.0, 'method': 'frozen'}",56.60219860076904,0.9266246029702121,
qizardwg,v9,,0,,braindecode/faced,frozen,flatten,2,ridge,median_std_clip,completed,"{'total_params': 12687872, 'trainable_params': 0, 'trainable_pct': 0.0, 'method': 'frozen'}",48.82163882255554,0.30594043637521895,
qizardwg,v9,,0,,braindecode/isruc-sleep,frozen,flatten,2,ridge,median_std_clip,completed,"{'total_params': 12687872, 'trainable_params': 0, 'trainable_pct': 0.0, 'method': 'frozen'}",87.059406042099,0.6497001616428267,
qizardwg,v9,,0,,braindecode/mdd_mumtaz2016,frozen,flatten,2,ridge,median_std_clip,completed,"{'total_params': 12687872, 'trainable_params': 0, 'trainable_pct': 0.0, 'method': 'frozen'}",15.768740892410278,0.8131460772038499,
qizardwg,v9,,0,,braindecode/seed-v,frozen,flatten,2,ridge,median_std_clip,completed,"{'total_params': 12687872, 'trainable_params': 0, 'trainable_pct': 0.0, 'method': 'frozen'}",48.426342725753784,0.28339528796717534,
qizardwg,v9,,0,,braindecode/seed-vig,frozen,flatten,2,ridge,median_std_clip,completed,"{'total_params': 12687872, 'trainable_params': 0, 'trainable_pct': 0.0, 'method': 'frozen'}",23.177592039108276,,-0.11130908731069233
qizardwg,v9,,0,,braindecode/tuab,frozen,flatten,2,ridge,median_std_clip,completed,"{'total_params': 12687872, 'trainable_params': 0, 'trainable_pct': 0.0, 'method': 'frozen'}",56.660165309906006,0.8019290177041307,
qizardwg,v9,,0,,braindecode/tuev,frozen,flatten,2,ridge,median_std_clip,completed,"{'total_params': 12687872, 'trainable_params': 0, 'trainable_pct': 0.0, 'method': 'frozen'}",13.145287036895752,0.9522375063033839,
qizardwg,v9,,0,,braindecode/arithmetic_zyma2019,frozen,flatten,3,ridge,median_std_clip,completed,"{'total_params': 12687872, 'trainable_params': 0, 'trainable_pct': 0.0, 'method': 'frozen'}",11.445894718170166,0.6527777777777778,
qizardwg,v9,,0,,braindecode/bcic2a,frozen,flatten,3,ridge,median_std_clip,completed,"{'total_params': 12687872, 'trainable_params': 0, 'trainable_pct': 0.0, 'method': 'frozen'}",9.17060112953186,0.43576388888888884,
qizardwg,v9,,0,,braindecode/bcic2020-3,frozen,flatten,3,ridge,median_std_clip,completed,"{'total_params': 12687872, 'trainable_params': 0, 'trainable_pct': 0.0, 'method': 'frozen'}",21.052358865737915,0.2813333333333333,
qizardwg,v9,,0,,braindecode/physionet,frozen,flatten,3,ridge,median_std_clip,completed,"{'total_params': 12687872, 'trainable_params': 0, 'trainable_pct': 0.0, 'method': 'frozen'}",24.40088438987732,0.5568676796411682,
qizardwg,v9,,0,,braindecode/chbmit,frozen,flatten,3,ridge,median_std_clip,completed,"{'total_params': 12687872, 'trainable_params': 0, 'trainable_pct': 0.0, 'method': 'frozen'}",54.65016508102417,0.8821143445789338,
qizardwg,v9,,0,,braindecode/faced,frozen,flatten,3,ridge,median_std_clip,completed,"{'total_params': 12687872, 'trainable_params': 0, 'trainable_pct': 0.0, 'method': 'frozen'}",52.65996479988098,0.3006210275232014,
qizardwg,v9,,0,,braindecode/isruc-sleep,frozen,flatten,3,ridge,median_std_clip,completed,"{'total_params': 12687872, 'trainable_params': 0, 'trainable_pct': 0.0, 'method': 'frozen'}",90.86329627037048,0.6623518202121582,
qizardwg,v9,,0,,braindecode/mdd_mumtaz2016,frozen,flatten,3,ridge,median_std_clip,completed,"{'total_params': 12687872, 'trainable_params': 0, 'trainable_pct': 0.0, 'method': 'frozen'}",16.488224983215332,0.8274541089639995,
qizardwg,v9,,0,,braindecode/seed-v,frozen,flatten,3,ridge,median_std_clip,completed,"{'total_params': 12687872, 'trainable_params': 0, 'trainable_pct': 0.0, 'method': 'frozen'}",49.80873727798462,0.27857961108964924,
qizardwg,v9,,0,,braindecode/seed-vig,frozen,flatten,3,ridge,median_std_clip,completed,"{'total_params': 12687872, 'trainable_params': 0, 'trainable_pct': 0.0, 'method': 'frozen'}",19.087182760238647,,-0.10911376447915533
qizardwg,v9,,0,,braindecode/tuab,frozen,flatten,3,ridge,median_std_clip,completed,"{'total_params': 12687872, 'trainable_params': 0, 'trainable_pct': 0.0, 'method': 'frozen'}",57.82710671424866,0.7949564621309027,
qizardwg,v9,,0,,braindecode/tuev,frozen,flatten,3,ridge,median_std_clip,completed,"{'total_params': 12687872, 'trainable_params': 0, 'trainable_pct': 0.0, 'method': 'frozen'}",13.462677955627441,0.8970767146818707,
qizardwg,v9,,0,,braindecode/arithmetic_zyma2019,frozen,flatten,4,ridge,median_std_clip,completed,"{'total_params': 12687872, 'trainable_params': 0, 'trainable_pct': 0.0, 'method': 'frozen'}",12.027193069458008,0.6527777777777778,
qizardwg,v9,,0,,braindecode/bcic2a,frozen,flatten,4,ridge,median_std_clip,completed,"{'total_params': 12687872, 'trainable_params': 0, 'trainable_pct': 0.0, 'method': 'frozen'}",9.1892991065979,0.4346064814814814,
qizardwg,v9,,0,,braindecode/bcic2020-3,frozen,flatten,4,ridge,median_std_clip,completed,"{'total_params': 12687872, 'trainable_params': 0, 'trainable_pct': 0.0, 'method': 'frozen'}",21.572373151779175,0.27066666666666667,
qizardwg,v9,,0,,braindecode/physionet,frozen,flatten,4,ridge,median_std_clip,completed,"{'total_params': 12687872, 'trainable_params': 0, 'trainable_pct': 0.0, 'method': 'frozen'}",24.07728385925293,0.5597495379467987,
qizardwg,v9,,0,,braindecode/chbmit,frozen,flatten,4,ridge,median_std_clip,completed,"{'total_params': 12687872, 'trainable_params': 0, 'trainable_pct': 0.0, 'method': 'frozen'}",53.566033363342285,0.8825864881105674,
qizardwg,v9,,0,,braindecode/faced,frozen,flatten,4,ridge,median_std_clip,completed,"{'total_params': 12687872, 'trainable_params': 0, 'trainable_pct': 0.0, 'method': 'frozen'}",50.480422019958496,0.29829801840671405,
qizardwg,v9,,0,,braindecode/isruc-sleep,frozen,flatten,4,ridge,median_std_clip,completed,"{'total_params': 12687872, 'trainable_params': 0, 'trainable_pct': 0.0, 'method': 'frozen'}",88.39797282218933,0.6594790591097087,
qizardwg,v9,,0,,braindecode/mdd_mumtaz2016,frozen,flatten,4,ridge,median_std_clip,completed,"{'total_params': 12687872, 'trainable_params': 0, 'trainable_pct': 0.0, 'method': 'frozen'}",15.58873724937439,0.8353311926817796,
qizardwg,v9,,0,,braindecode/seed-v,frozen,flatten,4,ridge,median_std_clip,completed,"{'total_params': 12687872, 'trainable_params': 0, 'trainable_pct': 0.0, 'method': 'frozen'}",48.62294030189514,0.2824072741842517,
qizardwg,v9,,0,,braindecode/seed-vig,frozen,flatten,4,ridge,median_std_clip,completed,"{'total_params': 12687872, 'trainable_params': 0, 'trainable_pct': 0.0, 'method': 'frozen'}",22.96719741821289,,-0.11866334375172483
qizardwg,v9,,0,,braindecode/tuab,frozen,flatten,4,ridge,median_std_clip,completed,"{'total_params': 12687872, 'trainable_params': 0, 'trainable_pct': 0.0, 'method': 'frozen'}",56.209585666656494,0.8037096795872696,
qizardwg,v9,,0,,braindecode/tuev,frozen,flatten,4,ridge,median_std_clip,completed,"{'total_params': 12687872, 'trainable_params': 0, 'trainable_pct': 0.0, 'method': 'frozen'}",12.476241827011108,0.8980439700109376,
8hesnn4j,v9,,0,,braindecode/arithmetic_zyma2019,frozen,flatten,0,ridge,median_std_clip,completed,"{'total_params': 12687872, 'trainable_params': 0, 'trainable_pct': 0.0, 'method': 'frozen'}",11.622709035873413,0.7152777777777778,
8hesnn4j,v9,,0,,braindecode/bcic2a,frozen,flatten,0,ridge,median_std_clip,completed,"{'total_params': 12687872, 'trainable_params': 0, 'trainable_pct': 0.0, 'method': 'frozen'}",9.817637205123901,0.3940972222222222,
8hesnn4j,v9,,0,,braindecode/bcic2020-3,frozen,flatten,0,ridge,median_std_clip,completed,"{'total_params': 12687872, 'trainable_params': 0, 'trainable_pct': 0.0, 'method': 'frozen'}",21.787709712982178,0.28,
8hesnn4j,v9,,0,,braindecode/physionet,frozen,flatten,0,ridge,median_std_clip,completed,"{'total_params': 12687872, 'trainable_params': 0, 'trainable_pct': 0.0, 'method': 'frozen'}",24.0912823677063,0.5715826441707087,
8hesnn4j,v9,,0,,braindecode/chbmit,frozen,flatten,0,ridge,median_std_clip,completed,"{'total_params': 12687872, 'trainable_params': 0, 'trainable_pct': 0.0, 'method': 'frozen'}",54.41658663749695,0.9036612584771225,
8hesnn4j,v9,,0,,braindecode/faced,frozen,flatten,0,ridge,median_std_clip,completed,"{'total_params': 12687872, 'trainable_params': 0, 'trainable_pct': 0.0, 'method': 'frozen'}",50.94947409629822,0.3027451111690242,
8hesnn4j,v9,,0,,braindecode/isruc-sleep,frozen,flatten,0,ridge,median_std_clip,completed,"{'total_params': 12687872, 'trainable_params': 0, 'trainable_pct': 0.0, 'method': 'frozen'}",89.56355905532837,0.6610297740730195,
8hesnn4j,v9,,0,,braindecode/mdd_mumtaz2016,frozen,flatten,0,ridge,median_std_clip,completed,"{'total_params': 12687872, 'trainable_params': 0, 'trainable_pct': 0.0, 'method': 'frozen'}",16.892709970474243,0.8438503551948006,
8hesnn4j,v9,,0,,braindecode/seed-v,frozen,flatten,0,ridge,median_std_clip,completed,"{'total_params': 12687872, 'trainable_params': 0, 'trainable_pct': 0.0, 'method': 'frozen'}",51.15382242202759,0.2695175452798811,
8hesnn4j,v9,,0,,braindecode/seed-vig,frozen,flatten,0,ridge,median_std_clip,completed,"{'total_params': 12687872, 'trainable_params': 0, 'trainable_pct': 0.0, 'method': 'frozen'}",22.958340167999268,,-0.20647170053236086
8hesnn4j,v9,,0,,braindecode/tuab,frozen,flatten,0,ridge,median_std_clip,completed,"{'total_params': 12687872, 'trainable_params': 0, 'trainable_pct': 0.0, 'method': 'frozen'}",58.48794960975647,0.8080424648235971,
8hesnn4j,v9,,0,,braindecode/tuev,frozen,flatten,0,ridge,median_std_clip,completed,"{'total_params': 12687872, 'trainable_params': 0, 'trainable_pct': 0.0, 'method': 'frozen'}",13.294971466064453,0.9493574014289403,
8hesnn4j,v9,,0,,braindecode/arithmetic_zyma2019,frozen,flatten,1,ridge,median_std_clip,completed,"{'total_params': 12687872, 'trainable_params': 0, 'trainable_pct': 0.0, 'method': 'frozen'}",12.19547438621521,0.7013888888888888,
8hesnn4j,v9,,0,,braindecode/bcic2a,frozen,flatten,1,ridge,median_std_clip,completed,"{'total_params': 12687872, 'trainable_params': 0, 'trainable_pct': 0.0, 'method': 'frozen'}",9.545220375061035,0.42997685185185186,
8hesnn4j,v9,,0,,braindecode/bcic2020-3,frozen,flatten,1,ridge,median_std_clip,completed,"{'total_params': 12687872, 'trainable_params': 0, 'trainable_pct': 0.0, 'method': 'frozen'}",21.23495078086853,0.2853333333333333,
8hesnn4j,v9,,0,,braindecode/physionet,frozen,flatten,1,ridge,median_std_clip,completed,"{'total_params': 12687872, 'trainable_params': 0, 'trainable_pct': 0.0, 'method': 'frozen'}",23.99624276161194,0.5676386778592898,
8hesnn4j,v9,,0,,braindecode/chbmit,frozen,flatten,1,ridge,median_std_clip,completed,"{'total_params': 12687872, 'trainable_params': 0, 'trainable_pct': 0.0, 'method': 'frozen'}",57.68635106086731,0.8818782728131169,
8hesnn4j,v9,,0,,braindecode/faced,frozen,flatten,1,ridge,median_std_clip,completed,"{'total_params': 12687872, 'trainable_params': 0, 'trainable_pct': 0.0, 'method': 'frozen'}",51.75007724761963,0.3028241384219645,
8hesnn4j,v9,,0,,braindecode/isruc-sleep,frozen,flatten,1,ridge,median_std_clip,completed,"{'total_params': 12687872, 'trainable_params': 0, 'trainable_pct': 0.0, 'method': 'frozen'}",87.29932069778442,0.6527085287837273,
8hesnn4j,v9,,0,,braindecode/mdd_mumtaz2016,frozen,flatten,1,ridge,median_std_clip,completed,"{'total_params': 12687872, 'trainable_params': 0, 'trainable_pct': 0.0, 'method': 'frozen'}",16.384759426116943,0.8184256294054199,
8hesnn4j,v9,,0,,braindecode/seed-v,frozen,flatten,1,ridge,median_std_clip,completed,"{'total_params': 12687872, 'trainable_params': 0, 'trainable_pct': 0.0, 'method': 'frozen'}",49.40540623664856,0.27122715598130986,
8hesnn4j,v9,,0,,braindecode/seed-vig,frozen,flatten,1,ridge,median_std_clip,completed,"{'total_params': 12687872, 'trainable_params': 0, 'trainable_pct': 0.0, 'method': 'frozen'}",23.614956617355347,,-0.20739463428148275
8hesnn4j,v9,,0,,braindecode/tuab,frozen,flatten,1,ridge,median_std_clip,completed,"{'total_params': 12687872, 'trainable_params': 0, 'trainable_pct': 0.0, 'method': 'frozen'}",54.968050479888916,0.7783785812053505,
8hesnn4j,v9,,0,,braindecode/tuev,frozen,flatten,1,ridge,median_std_clip,completed,"{'total_params': 12687872, 'trainable_params': 0, 'trainable_pct': 0.0, 'method': 'frozen'}",12.434564352035522,0.9471673644695683,
8hesnn4j,v9,,0,,braindecode/arithmetic_zyma2019,frozen,flatten,2,ridge,median_std_clip,completed,"{'total_params': 12687872, 'trainable_params': 0, 'trainable_pct': 0.0, 'method': 'frozen'}",11.409281253814697,0.7118055555555556,
8hesnn4j,v9,,0,,braindecode/bcic2a,frozen,flatten,2,ridge,median_std_clip,completed,"{'total_params': 12687872, 'trainable_params': 0, 'trainable_pct': 0.0, 'method': 'frozen'}",9.715932607650757,0.4565972222222222,
8hesnn4j,v9,,0,,braindecode/bcic2020-3,frozen,flatten,2,ridge,median_std_clip,completed,"{'total_params': 12687872, 'trainable_params': 0, 'trainable_pct': 0.0, 'method': 'frozen'}",19.607677221298218,0.28400000000000003,
8hesnn4j,v9,,0,,braindecode/physionet,frozen,flatten,2,ridge,median_std_clip,completed,"{'total_params': 12687872, 'trainable_params': 0, 'trainable_pct': 0.0, 'method': 'frozen'}",26.06155562400818,0.5687750066745457,
8hesnn4j,v9,,0,,braindecode/chbmit,frozen,flatten,2,ridge,median_std_clip,completed,"{'total_params': 12687872, 'trainable_params': 0, 'trainable_pct': 0.0, 'method': 'frozen'}",53.37358546257019,0.9022448278822217,
8hesnn4j,v9,,0,,braindecode/faced,frozen,flatten,2,ridge,median_std_clip,completed,"{'total_params': 12687872, 'trainable_params': 0, 'trainable_pct': 0.0, 'method': 'frozen'}",51.89823865890503,0.3146747576095402,
8hesnn4j,v9,,0,,braindecode/isruc-sleep,frozen,flatten,2,ridge,median_std_clip,completed,"{'total_params': 12687872, 'trainable_params': 0, 'trainable_pct': 0.0, 'method': 'frozen'}",88.69985866546631,0.6520660151161797,
8hesnn4j,v9,,0,,braindecode/mdd_mumtaz2016,frozen,flatten,2,ridge,median_std_clip,completed,"{'total_params': 12687872, 'trainable_params': 0, 'trainable_pct': 0.0, 'method': 'frozen'}",16.139464855194092,0.7924491475344233,
8hesnn4j,v9,,0,,braindecode/seed-v,frozen,flatten,2,ridge,median_std_clip,completed,"{'total_params': 12687872, 'trainable_params': 0, 'trainable_pct': 0.0, 'method': 'frozen'}",51.09522223472595,0.2693864687607802,
8hesnn4j,v9,,0,,braindecode/seed-vig,frozen,flatten,2,ridge,median_std_clip,completed,"{'total_params': 12687872, 'trainable_params': 0, 'trainable_pct': 0.0, 'method': 'frozen'}",23.396800994873047,,-0.21594472821182364
8hesnn4j,v9,,0,,braindecode/tuab,frozen,flatten,2,ridge,median_std_clip,completed,"{'total_params': 12687872, 'trainable_params': 0, 'trainable_pct': 0.0, 'method': 'frozen'}",58.19881510734558,0.8044069351445924,
8hesnn4j,v9,,0,,braindecode/tuev,frozen,flatten,2,ridge,median_std_clip,completed,"{'total_params': 12687872, 'trainable_params': 0, 'trainable_pct': 0.0, 'method': 'frozen'}",12.99751591682434,0.9493102235253548,
8hesnn4j,v9,,0,,braindecode/arithmetic_zyma2019,frozen,flatten,3,ridge,median_std_clip,completed,"{'total_params': 12687872, 'trainable_params': 0, 'trainable_pct': 0.0, 'method': 'frozen'}",11.929734230041504,0.7152777777777778,
8hesnn4j,v9,,0,,braindecode/bcic2a,frozen,flatten,3,ridge,median_std_clip,completed,"{'total_params': 12687872, 'trainable_params': 0, 'trainable_pct': 0.0, 'method': 'frozen'}",9.390575885772705,0.4537037037037037,
8hesnn4j,v9,,0,,braindecode/bcic2020-3,frozen,flatten,3,ridge,median_std_clip,completed,"{'total_params': 12687872, 'trainable_params': 0, 'trainable_pct': 0.0, 'method': 'frozen'}",21.173708200454712,0.27866666666666673,
8hesnn4j,v9,,0,,braindecode/physionet,frozen,flatten,3,ridge,median_std_clip,completed,"{'total_params': 12687872, 'trainable_params': 0, 'trainable_pct': 0.0, 'method': 'frozen'}",23.92476177215576,0.563136801864347,
8hesnn4j,v9,,0,,braindecode/chbmit,frozen,flatten,3,ridge,median_std_clip,completed,"{'total_params': 12687872, 'trainable_params': 0, 'trainable_pct': 0.0, 'method': 'frozen'}",54.87178635597229,0.9022448278822217,
8hesnn4j,v9,,0,,braindecode/faced,frozen,flatten,3,ridge,median_std_clip,completed,"{'total_params': 12687872, 'trainable_params': 0, 'trainable_pct': 0.0, 'method': 'frozen'}",51.8719527721405,0.30008578378143597,
8hesnn4j,v9,,0,,braindecode/isruc-sleep,frozen,flatten,3,ridge,median_std_clip,completed,"{'total_params': 12687872, 'trainable_params': 0, 'trainable_pct': 0.0, 'method': 'frozen'}",90.14499092102051,0.6583489403256432,
8hesnn4j,v9,,0,,braindecode/mdd_mumtaz2016,frozen,flatten,3,ridge,median_std_clip,completed,"{'total_params': 12687872, 'trainable_params': 0, 'trainable_pct': 0.0, 'method': 'frozen'}",16.55995202064514,0.8185549882541583,
8hesnn4j,v9,,0,,braindecode/seed-v,frozen,flatten,3,ridge,median_std_clip,completed,"{'total_params': 12687872, 'trainable_params': 0, 'trainable_pct': 0.0, 'method': 'frozen'}",49.21622633934021,0.2660429202799299,
8hesnn4j,v9,,0,,braindecode/seed-vig,frozen,flatten,3,ridge,median_std_clip,completed,"{'total_params': 12687872, 'trainable_params': 0, 'trainable_pct': 0.0, 'method': 'frozen'}",23.414259910583496,,-0.2095105953277101
8hesnn4j,v9,,0,,braindecode/tuab,frozen,flatten,3,ridge,median_std_clip,completed,"{'total_params': 12687872, 'trainable_params': 0, 'trainable_pct': 0.0, 'method': 'frozen'}",57.765400409698486,0.7987451640146687,
8hesnn4j,v9,,0,,braindecode/tuev,frozen,flatten,3,ridge,median_std_clip,completed,"{'total_params': 12687872, 'trainable_params': 0, 'trainable_pct': 0.0, 'method': 'frozen'}",12.962952613830566,0.9494662150442809,
8hesnn4j,v9,,0,,braindecode/arithmetic_zyma2019,frozen,flatten,4,ridge,median_std_clip,completed,"{'total_params': 12687872, 'trainable_params': 0, 'trainable_pct': 0.0, 'method': 'frozen'}",11.317997932434082,0.6944444444444444,
8hesnn4j,v9,,0,,braindecode/bcic2a,frozen,flatten,4,ridge,median_std_clip,completed,"{'total_params': 12687872, 'trainable_params': 0, 'trainable_pct': 0.0, 'method': 'frozen'}",9.510055780410767,0.44849537037037035,
8hesnn4j,v9,,0,,braindecode/bcic2020-3,frozen,flatten,4,ridge,median_std_clip,completed,"{'total_params': 12687872, 'trainable_params': 0, 'trainable_pct': 0.0, 'method': 'frozen'}",23.0126051902771,0.27199999999999996,
8hesnn4j,v9,,0,,braindecode/physionet,frozen,flatten,4,ridge,median_std_clip,completed,"{'total_params': 12687872, 'trainable_params': 0, 'trainable_pct': 0.0, 'method': 'frozen'}",21.32070302963257,0.5693726584805363,
8hesnn4j,v9,,0,,braindecode/chbmit,frozen,flatten,4,ridge,median_std_clip,completed,"{'total_params': 12687872, 'trainable_params': 0, 'trainable_pct': 0.0, 'method': 'frozen'}",52.73876643180847,0.9041334020087561,
8hesnn4j,v9,,0,,braindecode/faced,frozen,flatten,4,ridge,median_std_clip,completed,"{'total_params': 12687872, 'trainable_params': 0, 'trainable_pct': 0.0, 'method': 'frozen'}",51.314223527908325,0.3022520957303566,
8hesnn4j,v9,,0,,braindecode/isruc-sleep,frozen,flatten,4,ridge,median_std_clip,completed,"{'total_params': 12687872, 'trainable_params': 0, 'trainable_pct': 0.0, 'method': 'frozen'}",86.40139198303223,0.6533550811216657,
8hesnn4j,v9,,0,,braindecode/mdd_mumtaz2016,frozen,flatten,4,ridge,median_std_clip,completed,"{'total_params': 12687872, 'trainable_params': 0, 'trainable_pct': 0.0, 'method': 'frozen'}",16.047197341918945,0.7637303164056188,
8hesnn4j,v9,,0,,braindecode/seed-v,frozen,flatten,4,ridge,median_std_clip,completed,"{'total_params': 12687872, 'trainable_params': 0, 'trainable_pct': 0.0, 'method': 'frozen'}",50.300143003463745,0.267447889116286,
8hesnn4j,v9,,0,,braindecode/seed-vig,frozen,flatten,4,ridge,median_std_clip,completed,"{'total_params': 12687872, 'trainable_params': 0, 'trainable_pct': 0.0, 'method': 'frozen'}",23.344806909561157,,-0.20761325227589644
8hesnn4j,v9,,0,,braindecode/tuab,frozen,flatten,4,ridge,median_std_clip,completed,"{'total_params': 12687872, 'trainable_params': 0, 'trainable_pct': 0.0, 'method': 'frozen'}",57.02770447731018,0.8054374172534067,
8hesnn4j,v9,,0,,braindecode/tuev,frozen,flatten,4,ridge,median_std_clip,completed,"{'total_params': 12687872, 'trainable_params': 0, 'trainable_pct': 0.0, 'method': 'frozen'}",13.224617004394531,0.9509269105219604,
h4ckwdd0,v9,,0,,braindecode/arithmetic_zyma2019,frozen,flatten,0,ridge,median_std_clip,completed,"{'total_params': 12687872, 'trainable_params': 0, 'trainable_pct': 0.0, 'method': 'frozen'}",12.655783653259277,0.75,
h4ckwdd0,v9,,0,,braindecode/bcic2a,frozen,flatten,0,ridge,median_std_clip,completed,"{'total_params': 12687872, 'trainable_params': 0, 'trainable_pct': 0.0, 'method': 'frozen'}",9.27888798713684,0.42997685185185186,
h4ckwdd0,v9,,0,,braindecode/bcic2020-3,frozen,flatten,0,ridge,median_std_clip,completed,"{'total_params': 12687872, 'trainable_params': 0, 'trainable_pct': 0.0, 'method': 'frozen'}",21.19948983192444,0.2506666666666667,
h4ckwdd0,v9,,0,,braindecode/physionet,frozen,flatten,0,ridge,median_std_clip,completed,"{'total_params': 12687872, 'trainable_params': 0, 'trainable_pct': 0.0, 'method': 'frozen'}",24.622414112091064,0.550081637679092,
h4ckwdd0,v9,,0,,braindecode/chbmit,frozen,flatten,0,ridge,median_std_clip,completed,"{'total_params': 12687872, 'trainable_params': 0, 'trainable_pct': 0.0, 'method': 'frozen'}",55.01152586936951,0.8811700575156666,
h4ckwdd0,v9,,0,,braindecode/faced,frozen,flatten,0,ridge,median_std_clip,completed,"{'total_params': 12687872, 'trainable_params': 0, 'trainable_pct': 0.0, 'method': 'frozen'}",52.240318775177,0.29819229683360116,
h4ckwdd0,v9,,0,,braindecode/isruc-sleep,frozen,flatten,0,ridge,median_std_clip,completed,"{'total_params': 12687872, 'trainable_params': 0, 'trainable_pct': 0.0, 'method': 'frozen'}",88.3296148777008,0.6468493304662788,
h4ckwdd0,v9,,0,,braindecode/mdd_mumtaz2016,frozen,flatten,0,ridge,median_std_clip,completed,"{'total_params': 12687872, 'trainable_params': 0, 'trainable_pct': 0.0, 'method': 'frozen'}",16.45400595664978,0.8618077551529157,
h4ckwdd0,v9,,0,,braindecode/seed-v,frozen,flatten,0,ridge,median_std_clip,completed,"{'total_params': 12687872, 'trainable_params': 0, 'trainable_pct': 0.0, 'method': 'frozen'}",50.63463068008423,0.287669062035329,
h4ckwdd0,v9,,0,,braindecode/seed-vig,frozen,flatten,0,ridge,median_std_clip,completed,"{'total_params': 12687872, 'trainable_params': 0, 'trainable_pct': 0.0, 'method': 'frozen'}",22.712659120559692,,-0.11176872321134379
h4ckwdd0,v9,,0,,braindecode/tuab,frozen,flatten,0,ridge,median_std_clip,completed,"{'total_params': 12687872, 'trainable_params': 0, 'trainable_pct': 0.0, 'method': 'frozen'}",59.16092872619629,0.7980305470739908,
h4ckwdd0,v9,,0,,braindecode/tuev,frozen,flatten,0,ridge,median_std_clip,completed,"{'total_params': 12687872, 'trainable_params': 0, 'trainable_pct': 0.0, 'method': 'frozen'}",12.494158506393433,0.8835026129603399,
h4ckwdd0,v9,,0,,braindecode/arithmetic_zyma2019,frozen,flatten,1,ridge,median_std_clip,completed,"{'total_params': 12687872, 'trainable_params': 0, 'trainable_pct': 0.0, 'method': 'frozen'}",11.95327353477478,0.7152777777777778,
h4ckwdd0,v9,,0,,braindecode/bcic2a,frozen,flatten,1,ridge,median_std_clip,completed,"{'total_params': 12687872, 'trainable_params': 0, 'trainable_pct': 0.0, 'method': 'frozen'}",9.05268931388855,0.4461805555555556,
h4ckwdd0,v9,,0,,braindecode/bcic2020-3,frozen,flatten,1,ridge,median_std_clip,completed,"{'total_params': 12687872, 'trainable_params': 0, 'trainable_pct': 0.0, 'method': 'frozen'}",21.844231128692627,0.2693333333333333,
h4ckwdd0,v9,,0,,braindecode/physionet,frozen,flatten,1,ridge,median_std_clip,completed,"{'total_params': 12687872, 'trainable_params': 0, 'trainable_pct': 0.0, 'method': 'frozen'}",23.93788504600525,0.5608218775152591,
h4ckwdd0,v9,,0,,braindecode/chbmit,frozen,flatten,1,ridge,median_std_clip,completed,"{'total_params': 12687872, 'trainable_params': 0, 'trainable_pct': 0.0, 'method': 'frozen'}",54.22998094558716,0.9311743497295906,
h4ckwdd0,v9,,0,,braindecode/faced,frozen,flatten,1,ridge,median_std_clip,completed,"{'total_params': 12687872, 'trainable_params': 0, 'trainable_pct': 0.0, 'method': 'frozen'}",49.73870396614075,0.29904274469491865,
h4ckwdd0,v9,,0,,braindecode/isruc-sleep,frozen,flatten,1,ridge,median_std_clip,completed,"{'total_params': 12687872, 'trainable_params': 0, 'trainable_pct': 0.0, 'method': 'frozen'}",85.81899619102478,0.6427571908111402,
h4ckwdd0,v9,,0,,braindecode/mdd_mumtaz2016,frozen,flatten,1,ridge,median_std_clip,completed,"{'total_params': 12687872, 'trainable_params': 0, 'trainable_pct': 0.0, 'method': 'frozen'}",15.866753816604614,0.8603834952692871,
h4ckwdd0,v9,,0,,braindecode/seed-v,frozen,flatten,1,ridge,median_std_clip,completed,"{'total_params': 12687872, 'trainable_params': 0, 'trainable_pct': 0.0, 'method': 'frozen'}",48.71564030647278,0.28523281875079276,
h4ckwdd0,v9,,0,,braindecode/seed-vig,frozen,flatten,1,ridge,median_std_clip,completed,"{'total_params': 12687872, 'trainable_params': 0, 'trainable_pct': 0.0, 'method': 'frozen'}",19.13234806060791,,-0.10342910486626988
h4ckwdd0,v9,,0,,braindecode/tuab,frozen,flatten,1,ridge,median_std_clip,completed,"{'total_params': 12687872, 'trainable_params': 0, 'trainable_pct': 0.0, 'method': 'frozen'}",57.10296440124512,0.8000125449995856,
h4ckwdd0,v9,,0,,braindecode/tuev,frozen,flatten,1,ridge,median_std_clip,completed,"{'total_params': 12687872, 'trainable_params': 0, 'trainable_pct': 0.0, 'method': 'frozen'}",13.215073823928833,0.889967777716339,
h4ckwdd0,v9,,0,,braindecode/arithmetic_zyma2019,frozen,flatten,2,ridge,median_std_clip,completed,"{'total_params': 12687872, 'trainable_params': 0, 'trainable_pct': 0.0, 'method': 'frozen'}",11.419187068939209,0.7152777777777778,
h4ckwdd0,v9,,0,,braindecode/bcic2a,frozen,flatten,2,ridge,median_std_clip,completed,"{'total_params': 12687872, 'trainable_params': 0, 'trainable_pct': 0.0, 'method': 'frozen'}",9.046326875686646,0.44155092592592593,
h4ckwdd0,v9,,0,,braindecode/bcic2020-3,frozen,flatten,2,ridge,median_std_clip,completed,"{'total_params': 12687872, 'trainable_params': 0, 'trainable_pct': 0.0, 'method': 'frozen'}",21.198904514312744,0.28933333333333333,
h4ckwdd0,v9,,0,,braindecode/physionet,frozen,flatten,2,ridge,median_std_clip,completed,"{'total_params': 12687872, 'trainable_params': 0, 'trainable_pct': 0.0, 'method': 'frozen'}",24.523895978927612,0.5591122366640701,
h4ckwdd0,v9,,0,,braindecode/chbmit,frozen,flatten,2,ridge,median_std_clip,completed,"{'total_params': 12687872, 'trainable_params': 0, 'trainable_pct': 0.0, 'method': 'frozen'}",55.45215630531311,0.9031891149454889,
h4ckwdd0,v9,,0,,braindecode/faced,frozen,flatten,2,ridge,median_std_clip,completed,"{'total_params': 12687872, 'trainable_params': 0, 'trainable_pct': 0.0, 'method': 'frozen'}",53.30204439163208,0.299445120097294,
h4ckwdd0,v9,,0,,braindecode/isruc-sleep,frozen,flatten,2,ridge,median_std_clip,completed,"{'total_params': 12687872, 'trainable_params': 0, 'trainable_pct': 0.0, 'method': 'frozen'}",90.47945594787598,0.646904321827157,
h4ckwdd0,v9,,0,,braindecode/mdd_mumtaz2016,frozen,flatten,2,ridge,median_std_clip,completed,"{'total_params': 12687872, 'trainable_params': 0, 'trainable_pct': 0.0, 'method': 'frozen'}",16.720308542251587,0.8670622231132421,
h4ckwdd0,v9,,0,,braindecode/seed-v,frozen,flatten,2,ridge,median_std_clip,completed,"{'total_params': 12687872, 'trainable_params': 0, 'trainable_pct': 0.0, 'method': 'frozen'}",50.103848934173584,0.285460664980629,
h4ckwdd0,v9,,0,,braindecode/seed-vig,frozen,flatten,2,ridge,median_std_clip,completed,"{'total_params': 12687872, 'trainable_params': 0, 'trainable_pct': 0.0, 'method': 'frozen'}",19.170045137405396,,-0.11598810740177323
h4ckwdd0,v9,,0,,braindecode/tuab,frozen,flatten,2,ridge,median_std_clip,completed,"{'total_params': 12687872, 'trainable_params': 0, 'trainable_pct': 0.0, 'method': 'frozen'}",57.96778440475464,0.8017229212823678,
h4ckwdd0,v9,,0,,braindecode/tuev,frozen,flatten,2,ridge,median_std_clip,completed,"{'total_params': 12687872, 'trainable_params': 0, 'trainable_pct': 0.0, 'method': 'frozen'}",13.1596360206604,0.9527650410434765,
h4ckwdd0,v9,,0,,braindecode/arithmetic_zyma2019,frozen,flatten,3,ridge,median_std_clip,completed,"{'total_params': 12687872, 'trainable_params': 0, 'trainable_pct': 0.0, 'method': 'frozen'}",12.179741859436035,0.7048611111111112,
h4ckwdd0,v9,,0,,braindecode/bcic2a,frozen,flatten,3,ridge,median_std_clip,completed,"{'total_params': 12687872, 'trainable_params': 0, 'trainable_pct': 0.0, 'method': 'frozen'}",10.027181625366211,0.4351851851851852,
h4ckwdd0,v9,,0,,braindecode/bcic2020-3,frozen,flatten,3,ridge,median_std_clip,completed,"{'total_params': 12687872, 'trainable_params': 0, 'trainable_pct': 0.0, 'method': 'frozen'}",21.889217138290405,0.2653333333333333,
h4ckwdd0,v9,,0,,braindecode/physionet,frozen,flatten,3,ridge,median_std_clip,completed,"{'total_params': 12687872, 'trainable_params': 0, 'trainable_pct': 0.0, 'method': 'frozen'}",24.556090831756592,0.5693495781133545,
h4ckwdd0,v9,,0,,braindecode/chbmit,frozen,flatten,3,ridge,median_std_clip,completed,"{'total_params': 12687872, 'trainable_params': 0, 'trainable_pct': 0.0, 'method': 'frozen'}",53.53464126586914,0.8804618422182162,
h4ckwdd0,v9,,0,,braindecode/faced,frozen,flatten,3,ridge,median_std_clip,completed,"{'total_params': 12687872, 'trainable_params': 0, 'trainable_pct': 0.0, 'method': 'frozen'}",51.17514157295227,0.3073642842664582,
h4ckwdd0,v9,,0,,braindecode/isruc-sleep,frozen,flatten,3,ridge,median_std_clip,completed,"{'total_params': 12687872, 'trainable_params': 0, 'trainable_pct': 0.0, 'method': 'frozen'}",87.72513771057129,0.6419617613646682,
h4ckwdd0,v9,,0,,braindecode/mdd_mumtaz2016,frozen,flatten,3,ridge,median_std_clip,completed,"{'total_params': 12687872, 'trainable_params': 0, 'trainable_pct': 0.0, 'method': 'frozen'}",15.585431814193726,0.8553643622156657,
h4ckwdd0,v9,,0,,braindecode/seed-v,frozen,flatten,3,ridge,median_std_clip,completed,"{'total_params': 12687872, 'trainable_params': 0, 'trainable_pct': 0.0, 'method': 'frozen'}",48.635682106018066,0.2888158788666368,
h4ckwdd0,v9,,0,,braindecode/seed-vig,frozen,flatten,3,ridge,median_std_clip,completed,"{'total_params': 12687872, 'trainable_params': 0, 'trainable_pct': 0.0, 'method': 'frozen'}",22.947499990463257,,-0.11014250205900278
h4ckwdd0,v9,,0,,braindecode/tuab,frozen,flatten,3,ridge,median_std_clip,completed,"{'total_params': 12687872, 'trainable_params': 0, 'trainable_pct': 0.0, 'method': 'frozen'}",56.17107033729553,0.7918073312081506,
h4ckwdd0,v9,,0,,braindecode/tuev,frozen,flatten,3,ridge,median_std_clip,completed,"{'total_params': 12687872, 'trainable_params': 0, 'trainable_pct': 0.0, 'method': 'frozen'}",12.424526929855347,0.89409052155391,
h4ckwdd0,v9,,0,,braindecode/arithmetic_zyma2019,frozen,flatten,4,ridge,median_std_clip,completed,"{'total_params': 12687872, 'trainable_params': 0, 'trainable_pct': 0.0, 'method': 'frozen'}",11.608537197113037,0.7152777777777778,
h4ckwdd0,v9,,0,,braindecode/bcic2a,frozen,flatten,4,ridge,median_std_clip,completed,"{'total_params': 12687872, 'trainable_params': 0, 'trainable_pct': 0.0, 'method': 'frozen'}",8.946236848831177,0.44328703703703703,
h4ckwdd0,v9,,0,,braindecode/bcic2020-3,frozen,flatten,4,ridge,median_std_clip,completed,"{'total_params': 12687872, 'trainable_params': 0, 'trainable_pct': 0.0, 'method': 'frozen'}",19.461425304412842,0.28266666666666673,
h4ckwdd0,v9,,0,,braindecode/physionet,frozen,flatten,4,ridge,median_std_clip,completed,"{'total_params': 12687872, 'trainable_params': 0, 'trainable_pct': 0.0, 'method': 'frozen'}",25.374938011169434,0.5772515494592814,
h4ckwdd0,v9,,0,,braindecode/chbmit,frozen,flatten,4,ridge,median_std_clip,completed,"{'total_params': 12687872, 'trainable_params': 0, 'trainable_pct': 0.0, 'method': 'frozen'}",54.53818440437317,0.8567902824276762,
h4ckwdd0,v9,,0,,braindecode/faced,frozen,flatten,4,ridge,median_std_clip,completed,"{'total_params': 12687872, 'trainable_params': 0, 'trainable_pct': 0.0, 'method': 'frozen'}",50.55986189842224,0.30332167832167833,
h4ckwdd0,v9,,0,,braindecode/isruc-sleep,frozen,flatten,4,ridge,median_std_clip,completed,"{'total_params': 12687872, 'trainable_params': 0, 'trainable_pct': 0.0, 'method': 'frozen'}",90.51112675666809,0.6427193321468093,
h4ckwdd0,v9,,0,,braindecode/mdd_mumtaz2016,frozen,flatten,4,ridge,median_std_clip,completed,"{'total_params': 12687872, 'trainable_params': 0, 'trainable_pct': 0.0, 'method': 'frozen'}",17.02888536453247,0.8688464613038633,
h4ckwdd0,v9,,0,,braindecode/seed-v,frozen,flatten,4,ridge,median_std_clip,completed,"{'total_params': 12687872, 'trainable_params': 0, 'trainable_pct': 0.0, 'method': 'frozen'}",52.4140191078186,0.2871086413056357,
h4ckwdd0,v9,,0,,braindecode/seed-vig,frozen,flatten,4,ridge,median_std_clip,completed,"{'total_params': 12687872, 'trainable_params': 0, 'trainable_pct': 0.0, 'method': 'frozen'}",23.8049898147583,,-0.11793066246871486
h4ckwdd0,v9,,0,,braindecode/tuab,frozen,flatten,4,ridge,median_std_clip,completed,"{'total_params': 12687872, 'trainable_params': 0, 'trainable_pct': 0.0, 'method': 'frozen'}",63.2098126411438,0.7975085854840913,
h4ckwdd0,v9,,0,,braindecode/tuev,frozen,flatten,4,ridge,median_std_clip,completed,"{'total_params': 12687872, 'trainable_params': 0, 'trainable_pct': 0.0, 'method': 'frozen'}",13.34834909439087,0.893297531846168,
46gmjq13,v9,,0,,braindecode/arithmetic_zyma2019,frozen,flatten,0,ridge,median_std_clip,completed,"{'total_params': 12687872, 'trainable_params': 0, 'trainable_pct': 0.0, 'method': 'frozen'}",12.052831888198853,0.7048611111111112,
46gmjq13,v9,,0,,braindecode/bcic2a,frozen,flatten,0,ridge,median_std_clip,completed,"{'total_params': 12687872, 'trainable_params': 0, 'trainable_pct': 0.0, 'method': 'frozen'}",9.24854850769043,0.43865740740740744,
46gmjq13,v9,,0,,braindecode/bcic2020-3,frozen,flatten,0,ridge,median_std_clip,completed,"{'total_params': 12687872, 'trainable_params': 0, 'trainable_pct': 0.0, 'method': 'frozen'}",21.13237452507019,0.26400000000000007,
46gmjq13,v9,,0,,braindecode/physionet,frozen,flatten,0,ridge,median_std_clip,completed,"{'total_params': 12687872, 'trainable_params': 0, 'trainable_pct': 0.0, 'method': 'frozen'}",24.11107110977173,0.5750031736952465,
46gmjq13,v9,,0,,braindecode/chbmit,frozen,flatten,0,ridge,median_std_clip,completed,"{'total_params': 12687872, 'trainable_params': 0, 'trainable_pct': 0.0, 'method': 'frozen'}",54.44273591041565,0.8752682633702464,
46gmjq13,v9,,0,,braindecode/faced,frozen,flatten,0,ridge,median_std_clip,completed,"{'total_params': 12687872, 'trainable_params': 0, 'trainable_pct': 0.0, 'method': 'frozen'}",56.36211705207825,0.2947561194843804,
46gmjq13,v9,,0,,braindecode/isruc-sleep,frozen,flatten,0,ridge,median_std_clip,completed,"{'total_params': 12687872, 'trainable_params': 0, 'trainable_pct': 0.0, 'method': 'frozen'}",87.30708026885986,0.6450420086713763,
46gmjq13,v9,,0,,braindecode/mdd_mumtaz2016,frozen,flatten,0,ridge,median_std_clip,completed,"{'total_params': 12687872, 'trainable_params': 0, 'trainable_pct': 0.0, 'method': 'frozen'}",16.535125732421875,0.8154820714760871,
46gmjq13,v9,,0,,braindecode/seed-v,frozen,flatten,0,ridge,median_std_clip,completed,"{'total_params': 12687872, 'trainable_params': 0, 'trainable_pct': 0.0, 'method': 'frozen'}",49.502009868621826,0.2857117993691619,
46gmjq13,v9,,0,,braindecode/seed-vig,frozen,flatten,0,ridge,median_std_clip,completed,"{'total_params': 12687872, 'trainable_params': 0, 'trainable_pct': 0.0, 'method': 'frozen'}",22.754687309265137,,-0.14959124174127725
46gmjq13,v9,,0,,braindecode/tuab,frozen,flatten,0,ridge,median_std_clip,completed,"{'total_params': 12687872, 'trainable_params': 0, 'trainable_pct': 0.0, 'method': 'frozen'}",55.20258140563965,0.7999383390868584,
46gmjq13,v9,,0,,braindecode/tuev,frozen,flatten,0,ridge,median_std_clip,completed,"{'total_params': 12687872, 'trainable_params': 0, 'trainable_pct': 0.0, 'method': 'frozen'}",12.50823974609375,0.9523810643435872,
46gmjq13,v9,,0,,braindecode/arithmetic_zyma2019,frozen,flatten,1,ridge,median_std_clip,completed,"{'total_params': 12687872, 'trainable_params': 0, 'trainable_pct': 0.0, 'method': 'frozen'}",11.84325122833252,0.6701388888888888,
46gmjq13,v9,,0,,braindecode/bcic2a,frozen,flatten,1,ridge,median_std_clip,completed,"{'total_params': 12687872, 'trainable_params': 0, 'trainable_pct': 0.0, 'method': 'frozen'}",8.791290760040283,0.43634259259259256,
46gmjq13,v9,,0,,braindecode/bcic2020-3,frozen,flatten,1,ridge,median_std_clip,completed,"{'total_params': 12687872, 'trainable_params': 0, 'trainable_pct': 0.0, 'method': 'frozen'}",19.515323877334595,0.28,
46gmjq13,v9,,0,,braindecode/physionet,frozen,flatten,1,ridge,median_std_clip,completed,"{'total_params': 12687872, 'trainable_params': 0, 'trainable_pct': 0.0, 'method': 'frozen'}",25.689851760864258,0.565949552246667,
46gmjq13,v9,,0,,braindecode/chbmit,frozen,flatten,1,ridge,median_std_clip,completed,"{'total_params': 12687872, 'trainable_params': 0, 'trainable_pct': 0.0, 'method': 'frozen'}",53.0393283367157,0.8738518327753455,
46gmjq13,v9,,0,,braindecode/faced,frozen,flatten,1,ridge,median_std_clip,completed,"{'total_params': 12687872, 'trainable_params': 0, 'trainable_pct': 0.0, 'method': 'frozen'}",52.22469663619995,0.29080038319168755,
46gmjq13,v9,,0,,braindecode/isruc-sleep,frozen,flatten,1,ridge,median_std_clip,completed,"{'total_params': 12687872, 'trainable_params': 0, 'trainable_pct': 0.0, 'method': 'frozen'}",88.60542368888855,0.6429290214622925,
46gmjq13,v9,,0,,braindecode/mdd_mumtaz2016,frozen,flatten,1,ridge,median_std_clip,completed,"{'total_params': 12687872, 'trainable_params': 0, 'trainable_pct': 0.0, 'method': 'frozen'}",16.284388542175293,0.8308340160200798,
46gmjq13,v9,,0,,braindecode/seed-v,frozen,flatten,1,ridge,median_std_clip,completed,"{'total_params': 12687872, 'trainable_params': 0, 'trainable_pct': 0.0, 'method': 'frozen'}",50.92170429229736,0.2829007458156393,
46gmjq13,v9,,0,,braindecode/seed-vig,frozen,flatten,1,ridge,median_std_clip,completed,"{'total_params': 12687872, 'trainable_params': 0, 'trainable_pct': 0.0, 'method': 'frozen'}",23.22980785369873,,-0.14281812789850656
46gmjq13,v9,,0,,braindecode/tuab,frozen,flatten,1,ridge,median_std_clip,completed,"{'total_params': 12687872, 'trainable_params': 0, 'trainable_pct': 0.0, 'method': 'frozen'}",60.145506620407104,0.7997101209024335,
46gmjq13,v9,,0,,braindecode/tuev,frozen,flatten,1,ridge,median_std_clip,completed,"{'total_params': 12687872, 'trainable_params': 0, 'trainable_pct': 0.0, 'method': 'frozen'}",12.961148262023926,0.9509937252088565,
46gmjq13,v9,,0,,braindecode/arithmetic_zyma2019,frozen,flatten,2,ridge,median_std_clip,completed,"{'total_params': 12687872, 'trainable_params': 0, 'trainable_pct': 0.0, 'method': 'frozen'}",12.650463342666626,0.7326388888888888,
46gmjq13,v9,,0,,braindecode/bcic2a,frozen,flatten,2,ridge,median_std_clip,completed,"{'total_params': 12687872, 'trainable_params': 0, 'trainable_pct': 0.0, 'method': 'frozen'}",9.264341115951538,0.43229166666666663,
46gmjq13,v9,,0,,braindecode/bcic2020-3,frozen,flatten,2,ridge,median_std_clip,completed,"{'total_params': 12687872, 'trainable_params': 0, 'trainable_pct': 0.0, 'method': 'frozen'}",21.251391172409058,0.26266666666666666,
46gmjq13,v9,,0,,braindecode/physionet,frozen,flatten,2,ridge,median_std_clip,completed,"{'total_params': 12687872, 'trainable_params': 0, 'trainable_pct': 0.0, 'method': 'frozen'}",23.843132734298706,0.5710400326131494,
46gmjq13,v9,,0,,braindecode/chbmit,frozen,flatten,2,ridge,median_std_clip,completed,"{'total_params': 12687872, 'trainable_params': 0, 'trainable_pct': 0.0, 'method': 'frozen'}",55.003196239471436,0.9304661344321401,
46gmjq13,v9,,0,,braindecode/faced,frozen,flatten,2,ridge,median_std_clip,completed,"{'total_params': 12687872, 'trainable_params': 0, 'trainable_pct': 0.0, 'method': 'frozen'}",52.16438269615173,0.2983624165689383,
46gmjq13,v9,,0,,braindecode/isruc-sleep,frozen,flatten,2,ridge,median_std_clip,completed,"{'total_params': 12687872, 'trainable_params': 0, 'trainable_pct': 0.0, 'method': 'frozen'}",89.633131980896,0.6392654183580004,
46gmjq13,v9,,0,,braindecode/mdd_mumtaz2016,frozen,flatten,2,ridge,median_std_clip,completed,"{'total_params': 12687872, 'trainable_params': 0, 'trainable_pct': 0.0, 'method': 'frozen'}",16.848750829696655,0.8279792738053824,
46gmjq13,v9,,0,,braindecode/seed-v,frozen,flatten,2,ridge,median_std_clip,completed,"{'total_params': 12687872, 'trainable_params': 0, 'trainable_pct': 0.0, 'method': 'frozen'}",49.18278121948242,0.2870803499765732,
46gmjq13,v9,,0,,braindecode/seed-vig,frozen,flatten,2,ridge,median_std_clip,completed,"{'total_params': 12687872, 'trainable_params': 0, 'trainable_pct': 0.0, 'method': 'frozen'}",23.294965028762817,,-0.12758454785769535
46gmjq13,v9,,0,,braindecode/tuab,frozen,flatten,2,ridge,median_std_clip,completed,"{'total_params': 12687872, 'trainable_params': 0, 'trainable_pct': 0.0, 'method': 'frozen'}",57.36714196205139,0.795719242909275,
46gmjq13,v9,,0,,braindecode/tuev,frozen,flatten,2,ridge,median_std_clip,completed,"{'total_params': 12687872, 'trainable_params': 0, 'trainable_pct': 0.0, 'method': 'frozen'}",12.920448541641235,0.9533462953432074,
46gmjq13,v9,,0,,braindecode/arithmetic_zyma2019,frozen,flatten,3,ridge,median_std_clip,completed,"{'total_params': 12687872, 'trainable_params': 0, 'trainable_pct': 0.0, 'method': 'frozen'}",11.311081886291504,0.7118055555555556,
46gmjq13,v9,,0,,braindecode/bcic2a,frozen,flatten,3,ridge,median_std_clip,completed,"{'total_params': 12687872, 'trainable_params': 0, 'trainable_pct': 0.0, 'method': 'frozen'}",9.276681184768677,0.43344907407407407,
46gmjq13,v9,,0,,braindecode/bcic2020-3,frozen,flatten,3,ridge,median_std_clip,completed,"{'total_params': 12687872, 'trainable_params': 0, 'trainable_pct': 0.0, 'method': 'frozen'}",21.273321866989136,0.27466666666666667,
46gmjq13,v9,,0,,braindecode/physionet,frozen,flatten,3,ridge,median_std_clip,completed,"{'total_params': 12687872, 'trainable_params': 0, 'trainable_pct': 0.0, 'method': 'frozen'}",24.426786422729492,0.5744170997101741,
46gmjq13,v9,,0,,braindecode/chbmit,frozen,flatten,3,ridge,median_std_clip,completed,"{'total_params': 12687872, 'trainable_params': 0, 'trainable_pct': 0.0, 'method': 'frozen'}",52.892775535583496,0.8975233925658855,
46gmjq13,v9,,0,,braindecode/faced,frozen,flatten,3,ridge,median_std_clip,completed,"{'total_params': 12687872, 'trainable_params': 0, 'trainable_pct': 0.0, 'method': 'frozen'}",50.60101270675659,0.29938177764264723,
46gmjq13,v9,,0,,braindecode/isruc-sleep,frozen,flatten,3,ridge,median_std_clip,completed,"{'total_params': 12687872, 'trainable_params': 0, 'trainable_pct': 0.0, 'method': 'frozen'}",86.01710987091064,0.6383471510903687,
46gmjq13,v9,,0,,braindecode/mdd_mumtaz2016,frozen,flatten,3,ridge,median_std_clip,completed,"{'total_params': 12687872, 'trainable_params': 0, 'trainable_pct': 0.0, 'method': 'frozen'}",16.017871379852295,0.8152014779868282,
46gmjq13,v9,,0,,braindecode/seed-v,frozen,flatten,3,ridge,median_std_clip,completed,"{'total_params': 12687872, 'trainable_params': 0, 'trainable_pct': 0.0, 'method': 'frozen'}",50.51491713523865,0.2864037456628195,
46gmjq13,v9,,0,,braindecode/seed-vig,frozen,flatten,3,ridge,median_std_clip,completed,"{'total_params': 12687872, 'trainable_params': 0, 'trainable_pct': 0.0, 'method': 'frozen'}",19.128193378448486,,-0.14024609434623625
46gmjq13,v9,,0,,braindecode/tuab,frozen,flatten,3,ridge,median_std_clip,completed,"{'total_params': 12687872, 'trainable_params': 0, 'trainable_pct': 0.0, 'method': 'frozen'}",57.15702533721924,0.797824450652228,
46gmjq13,v9,,0,,braindecode/tuev,frozen,flatten,3,ridge,median_std_clip,completed,"{'total_params': 12687872, 'trainable_params': 0, 'trainable_pct': 0.0, 'method': 'frozen'}",13.225700378417969,0.9515749795085874,
46gmjq13,v9,,0,,braindecode/arithmetic_zyma2019,frozen,flatten,4,ridge,median_std_clip,completed,"{'total_params': 12687872, 'trainable_params': 0, 'trainable_pct': 0.0, 'method': 'frozen'}",12.884666204452515,0.7326388888888888,
46gmjq13,v9,,0,,braindecode/bcic2a,frozen,flatten,4,ridge,median_std_clip,completed,"{'total_params': 12687872, 'trainable_params': 0, 'trainable_pct': 0.0, 'method': 'frozen'}",9.093281984329224,0.4033564814814815,
46gmjq13,v9,,0,,braindecode/bcic2020-3,frozen,flatten,4,ridge,median_std_clip,completed,"{'total_params': 12687872, 'trainable_params': 0, 'trainable_pct': 0.0, 'method': 'frozen'}",21.732898235321045,0.24133333333333332,
46gmjq13,v9,,0,,braindecode/physionet,frozen,flatten,4,ridge,median_std_clip,completed,"{'total_params': 12687872, 'trainable_params': 0, 'trainable_pct': 0.0, 'method': 'frozen'}",24.090748071670532,0.5693304149233924,
46gmjq13,v9,,0,,braindecode/chbmit,frozen,flatten,4,ridge,median_std_clip,completed,"{'total_params': 12687872, 'trainable_params': 0, 'trainable_pct': 0.0, 'method': 'frozen'}",55.81720280647278,0.8989398231607864,
46gmjq13,v9,,0,,braindecode/faced,frozen,flatten,4,ridge,median_std_clip,completed,"{'total_params': 12687872, 'trainable_params': 0, 'trainable_pct': 0.0, 'method': 'frozen'}",50.96222758293152,0.2975486168420951,
46gmjq13,v9,,0,,braindecode/isruc-sleep,frozen,flatten,4,ridge,median_std_clip,completed,"{'total_params': 12687872, 'trainable_params': 0, 'trainable_pct': 0.0, 'method': 'frozen'}",88.36353969573975,0.6415422103716975,
46gmjq13,v9,,0,,braindecode/mdd_mumtaz2016,frozen,flatten,4,ridge,median_std_clip,completed,"{'total_params': 12687872, 'trainable_params': 0, 'trainable_pct': 0.0, 'method': 'frozen'}",16.896393537521362,0.8346097290688048,
46gmjq13,v9,,0,,braindecode/seed-v,frozen,flatten,4,ridge,median_std_clip,completed,"{'total_params': 12687872, 'trainable_params': 0, 'trainable_pct': 0.0, 'method': 'frozen'}",51.436569929122925,0.2850743166503505,
46gmjq13,v9,,0,,braindecode/seed-vig,frozen,flatten,4,ridge,median_std_clip,completed,"{'total_params': 12687872, 'trainable_params': 0, 'trainable_pct': 0.0, 'method': 'frozen'}",23.235502004623413,,-0.15271197614505105
46gmjq13,v9,,0,,braindecode/tuab,frozen,flatten,4,ridge,median_std_clip,completed,"{'total_params': 12687872, 'trainable_params': 0, 'trainable_pct': 0.0, 'method': 'frozen'}",57.94279885292053,0.8051918376856269,
46gmjq13,v9,,0,,braindecode/tuev,frozen,flatten,4,ridge,median_std_clip,completed,"{'total_params': 12687872, 'trainable_params': 0, 'trainable_pct': 0.0, 'method': 'frozen'}",12.542892217636108,0.8932876031797568,
wl8bkq9x,v9,,0,,braindecode/arithmetic_zyma2019,frozen,flatten,0,ridge,median_std_clip,completed,"{'total_params': 12687872, 'trainable_params': 0, 'trainable_pct': 0.0, 'method': 'frozen'}",11.91265606880188,0.71875,
wl8bkq9x,v9,,0,,braindecode/bcic2a,frozen,flatten,0,ridge,median_std_clip,completed,"{'total_params': 12687872, 'trainable_params': 0, 'trainable_pct': 0.0, 'method': 'frozen'}",9.40673303604126,0.4184027777777778,
wl8bkq9x,v9,,0,,braindecode/bcic2020-3,frozen,flatten,0,ridge,median_std_clip,completed,"{'total_params': 12687872, 'trainable_params': 0, 'trainable_pct': 0.0, 'method': 'frozen'}",21.304307460784912,0.2773333333333333,
wl8bkq9x,v9,,0,,braindecode/physionet,frozen,flatten,0,ridge,median_std_clip,completed,"{'total_params': 12687872, 'trainable_params': 0, 'trainable_pct': 0.0, 'method': 'frozen'}",24.041714906692505,0.564782499791605,
wl8bkq9x,v9,,0,,braindecode/chbmit,frozen,flatten,0,ridge,median_std_clip,completed,"{'total_params': 12687872, 'trainable_params': 0, 'trainable_pct': 0.0, 'method': 'frozen'}",54.878628730773926,0.855845995364409,
wl8bkq9x,v9,,0,,braindecode/faced,frozen,flatten,0,ridge,median_std_clip,completed,"{'total_params': 12687872, 'trainable_params': 0, 'trainable_pct': 0.0, 'method': 'frozen'}",49.79708290100098,0.29636788332440506,
wl8bkq9x,v9,,0,,braindecode/isruc-sleep,frozen,flatten,0,ridge,median_std_clip,completed,"{'total_params': 12687872, 'trainable_params': 0, 'trainable_pct': 0.0, 'method': 'frozen'}",86.21730017662048,0.6757881605274809,
wl8bkq9x,v9,,0,,braindecode/mdd_mumtaz2016,frozen,flatten,0,ridge,median_std_clip,completed,"{'total_params': 12687872, 'trainable_params': 0, 'trainable_pct': 0.0, 'method': 'frozen'}",15.867249727249146,0.8181948154956831,
wl8bkq9x,v9,,0,,braindecode/seed-v,frozen,flatten,0,ridge,median_std_clip,completed,"{'total_params': 12687872, 'trainable_params': 0, 'trainable_pct': 0.0, 'method': 'frozen'}",48.44249701499939,0.2934361690408728,
wl8bkq9x,v9,,0,,braindecode/seed-vig,frozen,flatten,0,ridge,median_std_clip,completed,"{'total_params': 12687872, 'trainable_params': 0, 'trainable_pct': 0.0, 'method': 'frozen'}",22.77193856239319,,-0.15242941360688333
wl8bkq9x,v9,,0,,braindecode/tuab,frozen,flatten,0,ridge,median_std_clip,completed,"{'total_params': 12687872, 'trainable_params': 0, 'trainable_pct': 0.0, 'method': 'frozen'}",56.762365102767944,0.8000962716709268,
wl8bkq9x,v9,,0,,braindecode/tuev,frozen,flatten,0,ridge,median_std_clip,completed,"{'total_params': 12687872, 'trainable_params': 0, 'trainable_pct': 0.0, 'method': 'frozen'}",13.10709261894226,0.8994534507412905,
wl8bkq9x,v9,,0,,braindecode/arithmetic_zyma2019,frozen,flatten,1,ridge,median_std_clip,completed,"{'total_params': 12687872, 'trainable_params': 0, 'trainable_pct': 0.0, 'method': 'frozen'}",11.489748001098633,0.7326388888888888,
wl8bkq9x,v9,,0,,braindecode/bcic2a,frozen,flatten,1,ridge,median_std_clip,completed,"{'total_params': 12687872, 'trainable_params': 0, 'trainable_pct': 0.0, 'method': 'frozen'}",9.537199974060059,0.41724537037037035,
wl8bkq9x,v9,,0,,braindecode/bcic2020-3,frozen,flatten,1,ridge,median_std_clip,completed,"{'total_params': 12687872, 'trainable_params': 0, 'trainable_pct': 0.0, 'method': 'frozen'}",21.288016319274902,0.24533333333333332,
wl8bkq9x,v9,,0,,braindecode/physionet,frozen,flatten,1,ridge,median_std_clip,completed,"{'total_params': 12687872, 'trainable_params': 0, 'trainable_pct': 0.0, 'method': 'frozen'}",24.189120531082153,0.5636755425675508,
wl8bkq9x,v9,,0,,braindecode/chbmit,frozen,flatten,1,ridge,median_std_clip,completed,"{'total_params': 12687872, 'trainable_params': 0, 'trainable_pct': 0.0, 'method': 'frozen'}",55.424644470214844,0.8802257704523994,
wl8bkq9x,v9,,0,,braindecode/faced,frozen,flatten,1,ridge,median_std_clip,completed,"{'total_params': 12687872, 'trainable_params': 0, 'trainable_pct': 0.0, 'method': 'frozen'}",54.81373620033264,0.28828221898874073,
wl8bkq9x,v9,,0,,braindecode/isruc-sleep,frozen,flatten,1,ridge,median_std_clip,completed,"{'total_params': 12687872, 'trainable_params': 0, 'trainable_pct': 0.0, 'method': 'frozen'}",89.27437591552734,0.6683274986191101,
wl8bkq9x,v9,,0,,braindecode/mdd_mumtaz2016,frozen,flatten,1,ridge,median_std_clip,completed,"{'total_params': 12687872, 'trainable_params': 0, 'trainable_pct': 0.0, 'method': 'frozen'}",16.381335735321045,0.7776297083752781,
wl8bkq9x,v9,,0,,braindecode/seed-v,frozen,flatten,1,ridge,median_std_clip,completed,"{'total_params': 12687872, 'trainable_params': 0, 'trainable_pct': 0.0, 'method': 'frozen'}",49.95653295516968,0.29455142096226106,
wl8bkq9x,v9,,0,,braindecode/seed-vig,frozen,flatten,1,ridge,median_std_clip,completed,"{'total_params': 12687872, 'trainable_params': 0, 'trainable_pct': 0.0, 'method': 'frozen'}",23.429798126220703,,-0.1454298719688003
wl8bkq9x,v9,,0,,braindecode/tuab,frozen,flatten,1,ridge,median_std_clip,completed,"{'total_params': 12687872, 'trainable_params': 0, 'trainable_pct': 0.0, 'method': 'frozen'}",58.33383750915527,0.7795851973485247,
wl8bkq9x,v9,,0,,braindecode/tuev,frozen,flatten,1,ridge,median_std_clip,completed,"{'total_params': 12687872, 'trainable_params': 0, 'trainable_pct': 0.0, 'method': 'frozen'}",13.242284297943115,0.9048407545880993,
wl8bkq9x,v9,,0,,braindecode/arithmetic_zyma2019,frozen,flatten,2,ridge,median_std_clip,completed,"{'total_params': 12687872, 'trainable_params': 0, 'trainable_pct': 0.0, 'method': 'frozen'}",11.680699348449707,0.7291666666666667,
wl8bkq9x,v9,,0,,braindecode/bcic2a,frozen,flatten,2,ridge,median_std_clip,completed,"{'total_params': 12687872, 'trainable_params': 0, 'trainable_pct': 0.0, 'method': 'frozen'}",9.72862458229065,0.41087962962962965,
wl8bkq9x,v9,,0,,braindecode/bcic2020-3,frozen,flatten,2,ridge,median_std_clip,completed,"{'total_params': 12687872, 'trainable_params': 0, 'trainable_pct': 0.0, 'method': 'frozen'}",19.605053901672363,0.27999999999999997,
wl8bkq9x,v9,,0,,braindecode/physionet,frozen,flatten,2,ridge,median_std_clip,completed,"{'total_params': 12687872, 'trainable_params': 0, 'trainable_pct': 0.0, 'method': 'frozen'}",25.58155393600464,0.5563059685875855,
wl8bkq9x,v9,,0,,braindecode/chbmit,frozen,flatten,2,ridge,median_std_clip,completed,"{'total_params': 12687872, 'trainable_params': 0, 'trainable_pct': 0.0, 'method': 'frozen'}",53.32851529121399,0.8804618422182162,
wl8bkq9x,v9,,0,,braindecode/faced,frozen,flatten,2,ridge,median_std_clip,completed,"{'total_params': 12687872, 'trainable_params': 0, 'trainable_pct': 0.0, 'method': 'frozen'}",51.42470121383667,0.2835923134836178,
wl8bkq9x,v9,,0,,braindecode/isruc-sleep,frozen,flatten,2,ridge,median_std_clip,completed,"{'total_params': 12687872, 'trainable_params': 0, 'trainable_pct': 0.0, 'method': 'frozen'}",87.87565898895264,0.6710703178591434,
wl8bkq9x,v9,,0,,braindecode/mdd_mumtaz2016,frozen,flatten,2,ridge,median_std_clip,completed,"{'total_params': 12687872, 'trainable_params': 0, 'trainable_pct': 0.0, 'method': 'frozen'}",15.703208923339844,0.8307295469611025,
wl8bkq9x,v9,,0,,braindecode/seed-v,frozen,flatten,2,ridge,median_std_clip,completed,"{'total_params': 12687872, 'trainable_params': 0, 'trainable_pct': 0.0, 'method': 'frozen'}",48.50683808326721,0.2936131087810453,
wl8bkq9x,v9,,0,,braindecode/seed-vig,frozen,flatten,2,ridge,median_std_clip,completed,"{'total_params': 12687872, 'trainable_params': 0, 'trainable_pct': 0.0, 'method': 'frozen'}",23.30081868171692,,-0.15907030336987238
wl8bkq9x,v9,,0,,braindecode/tuab,frozen,flatten,2,ridge,median_std_clip,completed,"{'total_params': 12687872, 'trainable_params': 0, 'trainable_pct': 0.0, 'method': 'frozen'}",56.305877447128296,0.7781993669255567,
wl8bkq9x,v9,,0,,braindecode/tuev,frozen,flatten,2,ridge,median_std_clip,completed,"{'total_params': 12687872, 'trainable_params': 0, 'trainable_pct': 0.0, 'method': 'frozen'}",12.61279034614563,0.9024457444262807,
wl8bkq9x,v9,,0,,braindecode/arithmetic_zyma2019,frozen,flatten,3,ridge,median_std_clip,completed,"{'total_params': 12687872, 'trainable_params': 0, 'trainable_pct': 0.0, 'method': 'frozen'}",11.064332962036133,0.7013888888888888,
wl8bkq9x,v9,,0,,braindecode/bcic2a,frozen,flatten,3,ridge,median_std_clip,completed,"{'total_params': 12687872, 'trainable_params': 0, 'trainable_pct': 0.0, 'method': 'frozen'}",9.171986818313599,0.4207175925925926,
wl8bkq9x,v9,,0,,braindecode/bcic2020-3,frozen,flatten,3,ridge,median_std_clip,completed,"{'total_params': 12687872, 'trainable_params': 0, 'trainable_pct': 0.0, 'method': 'frozen'}",21.048681497573853,0.256,
wl8bkq9x,v9,,0,,braindecode/physionet,frozen,flatten,3,ridge,median_std_clip,completed,"{'total_params': 12687872, 'trainable_params': 0, 'trainable_pct': 0.0, 'method': 'frozen'}",23.904096841812134,0.5631010058708904,
wl8bkq9x,v9,,0,,braindecode/chbmit,frozen,flatten,3,ridge,median_std_clip,completed,"{'total_params': 12687872, 'trainable_params': 0, 'trainable_pct': 0.0, 'method': 'frozen'}",54.34266901016235,0.7881363207142245,
wl8bkq9x,v9,,0,,braindecode/faced,frozen,flatten,3,ridge,median_std_clip,completed,"{'total_params': 12687872, 'trainable_params': 0, 'trainable_pct': 0.0, 'method': 'frozen'}",50.36575770378113,0.2874272466663771,
wl8bkq9x,v9,,0,,braindecode/isruc-sleep,frozen,flatten,3,ridge,median_std_clip,completed,"{'total_params': 12687872, 'trainable_params': 0, 'trainable_pct': 0.0, 'method': 'frozen'}",89.52758240699768,0.6788391770387492,
wl8bkq9x,v9,,0,,braindecode/mdd_mumtaz2016,frozen,flatten,3,ridge,median_std_clip,completed,"{'total_params': 12687872, 'trainable_params': 0, 'trainable_pct': 0.0, 'method': 'frozen'}",17.321940898895264,0.8214794899382053,
wl8bkq9x,v9,,0,,braindecode/seed-v,frozen,flatten,3,ridge,median_std_clip,completed,"{'total_params': 12687872, 'trainable_params': 0, 'trainable_pct': 0.0, 'method': 'frozen'}",51.4083092212677,0.2953499102251299,
wl8bkq9x,v9,,0,,braindecode/seed-vig,frozen,flatten,3,ridge,median_std_clip,completed,"{'total_params': 12687872, 'trainable_params': 0, 'trainable_pct': 0.0, 'method': 'frozen'}",23.125171899795532,,-0.146054544255531
wl8bkq9x,v9,,0,,braindecode/tuab,frozen,flatten,3,ridge,median_std_clip,completed,"{'total_params': 12687872, 'trainable_params': 0, 'trainable_pct': 0.0, 'method': 'frozen'}",58.98131561279297,0.8039465784633719,
wl8bkq9x,v9,,0,,braindecode/tuev,frozen,flatten,3,ridge,median_std_clip,completed,"{'total_params': 12687872, 'trainable_params': 0, 'trainable_pct': 0.0, 'method': 'frozen'}",13.28783917427063,0.8994338139579799,
wl8bkq9x,v9,,0,,braindecode/arithmetic_zyma2019,frozen,flatten,4,ridge,median_std_clip,completed,"{'total_params': 12687872, 'trainable_params': 0, 'trainable_pct': 0.0, 'method': 'frozen'}",12.024662017822266,0.7222222222222222,
wl8bkq9x,v9,,0,,braindecode/bcic2a,frozen,flatten,4,ridge,median_std_clip,completed,"{'total_params': 12687872, 'trainable_params': 0, 'trainable_pct': 0.0, 'method': 'frozen'}",9.149207353591919,0.41087962962962965,
wl8bkq9x,v9,,0,,braindecode/bcic2020-3,frozen,flatten,4,ridge,median_std_clip,completed,"{'total_params': 12687872, 'trainable_params': 0, 'trainable_pct': 0.0, 'method': 'frozen'}",21.940441131591797,0.28933333333333333,
wl8bkq9x,v9,,0,,braindecode/physionet,frozen,flatten,4,ridge,median_std_clip,completed,"{'total_params': 12687872, 'trainable_params': 0, 'trainable_pct': 0.0, 'method': 'frozen'}",21.662680625915527,0.557455105674845,
wl8bkq9x,v9,,0,,braindecode/chbmit,frozen,flatten,4,ridge,median_std_clip,completed,"{'total_params': 12687872, 'trainable_params': 0, 'trainable_pct': 0.0, 'method': 'frozen'}",54.63087248802185,0.855845995364409,
wl8bkq9x,v9,,0,,braindecode/faced,frozen,flatten,4,ridge,median_std_clip,completed,"{'total_params': 12687872, 'trainable_params': 0, 'trainable_pct': 0.0, 'method': 'frozen'}",52.387571573257446,0.2859284435371392,
wl8bkq9x,v9,,0,,braindecode/isruc-sleep,frozen,flatten,4,ridge,median_std_clip,completed,"{'total_params': 12687872, 'trainable_params': 0, 'trainable_pct': 0.0, 'method': 'frozen'}",87.10250210762024,0.6735431040230093,
wl8bkq9x,v9,,0,,braindecode/mdd_mumtaz2016,frozen,flatten,4,ridge,median_std_clip,completed,"{'total_params': 12687872, 'trainable_params': 0, 'trainable_pct': 0.0, 'method': 'frozen'}",15.985011577606201,0.8309678958657865,
wl8bkq9x,v9,,0,,braindecode/seed-v,frozen,flatten,4,ridge,median_std_clip,completed,"{'total_params': 12687872, 'trainable_params': 0, 'trainable_pct': 0.0, 'method': 'frozen'}",49.68146371841431,0.29566596678578283,
wl8bkq9x,v9,,0,,braindecode/seed-vig,frozen,flatten,4,ridge,median_std_clip,completed,"{'total_params': 12687872, 'trainable_params': 0, 'trainable_pct': 0.0, 'method': 'frozen'}",23.128127098083496,,-0.15572266202603524
wl8bkq9x,v9,,0,,braindecode/tuab,frozen,flatten,4,ridge,median_std_clip,completed,"{'total_params': 12687872, 'trainable_params': 0, 'trainable_pct': 0.0, 'method': 'frozen'}",55.17572355270386,0.8045648677286605,
wl8bkq9x,v9,,0,,braindecode/tuev,frozen,flatten,4,ridge,median_std_clip,completed,"{'total_params': 12687872, 'trainable_params': 0, 'trainable_pct': 0.0, 'method': 'frozen'}",12.410897016525269,0.9503050199746967,
du0xq3k8,v9,,0,,braindecode/arithmetic_zyma2019,frozen,flatten,0,ridge,median_std_clip,completed,"{'total_params': 12687872, 'trainable_params': 0, 'trainable_pct': 0.0, 'method': 'frozen'}",11.424514532089233,0.6909722222222222,
du0xq3k8,v9,,0,,braindecode/bcic2a,frozen,flatten,0,ridge,median_std_clip,completed,"{'total_params': 12687872, 'trainable_params': 0, 'trainable_pct': 0.0, 'method': 'frozen'}",9.299779176712036,0.45775462962962965,
du0xq3k8,v9,,0,,braindecode/bcic2020-3,frozen,flatten,0,ridge,median_std_clip,completed,"{'total_params': 12687872, 'trainable_params': 0, 'trainable_pct': 0.0, 'method': 'frozen'}",21.126479625701904,0.2693333333333333,
du0xq3k8,v9,,0,,braindecode/physionet,frozen,flatten,0,ridge,median_std_clip,completed,"{'total_params': 12687872, 'trainable_params': 0, 'trainable_pct': 0.0, 'method': 'frozen'}",24.014474868774414,0.5863218326631457,
du0xq3k8,v9,,0,,braindecode/chbmit,frozen,flatten,0,ridge,median_std_clip,completed,"{'total_params': 12687872, 'trainable_params': 0, 'trainable_pct': 0.0, 'method': 'frozen'}",53.103713274002075,0.812280024036398,
du0xq3k8,v9,,0,,braindecode/faced,frozen,flatten,0,ridge,median_std_clip,completed,"{'total_params': 12687872, 'trainable_params': 0, 'trainable_pct': 0.0, 'method': 'frozen'}",51.8390908241272,0.3204799427625515,
du0xq3k8,v9,,0,,braindecode/isruc-sleep,frozen,flatten,0,ridge,median_std_clip,completed,"{'total_params': 12687872, 'trainable_params': 0, 'trainable_pct': 0.0, 'method': 'frozen'}",89.09185910224915,0.6580974312360783,
du0xq3k8,v9,,0,,braindecode/mdd_mumtaz2016,frozen,flatten,0,ridge,median_std_clip,completed,"{'total_params': 12687872, 'trainable_params': 0, 'trainable_pct': 0.0, 'method': 'frozen'}",15.9880952835083,0.8197921858116142,
du0xq3k8,v9,,0,,braindecode/seed-v,frozen,flatten,0,ridge,median_std_clip,completed,"{'total_params': 12687872, 'trainable_params': 0, 'trainable_pct': 0.0, 'method': 'frozen'}",50.75306677818298,0.28919863296995985,
du0xq3k8,v9,,0,,braindecode/seed-vig,frozen,flatten,0,ridge,median_std_clip,completed,"{'total_params': 12687872, 'trainable_params': 0, 'trainable_pct': 0.0, 'method': 'frozen'}",22.846033334732056,,-0.10733613149281473
du0xq3k8,v9,,0,,braindecode/tuab,frozen,flatten,0,ridge,median_std_clip,completed,"{'total_params': 12687872, 'trainable_params': 0, 'trainable_pct': 0.0, 'method': 'frozen'}",60.406814098358154,0.812454216351959,
du0xq3k8,v9,,0,,braindecode/tuev,frozen,flatten,0,ridge,median_std_clip,completed,"{'total_params': 12687872, 'trainable_params': 0, 'trainable_pct': 0.0, 'method': 'frozen'}",13.059683799743652,0.8948636657439821,
du0xq3k8,v9,,0,,braindecode/arithmetic_zyma2019,frozen,flatten,1,ridge,median_std_clip,completed,"{'total_params': 12687872, 'trainable_params': 0, 'trainable_pct': 0.0, 'method': 'frozen'}",12.2837393283844,0.6909722222222222,
du0xq3k8,v9,,0,,braindecode/bcic2a,frozen,flatten,1,ridge,median_std_clip,completed,"{'total_params': 12687872, 'trainable_params': 0, 'trainable_pct': 0.0, 'method': 'frozen'}",9.050169229507446,0.4623842592592593,
du0xq3k8,v9,,0,,braindecode/bcic2020-3,frozen,flatten,1,ridge,median_std_clip,completed,"{'total_params': 12687872, 'trainable_params': 0, 'trainable_pct': 0.0, 'method': 'frozen'}",21.5413019657135,0.27599999999999997,
du0xq3k8,v9,,0,,braindecode/physionet,frozen,flatten,1,ridge,median_std_clip,completed,"{'total_params': 12687872, 'trainable_params': 0, 'trainable_pct': 0.0, 'method': 'frozen'}",24.063979625701904,0.5913969917422314,
du0xq3k8,v9,,0,,braindecode/chbmit,frozen,flatten,1,ridge,median_std_clip,completed,"{'total_params': 12687872, 'trainable_params': 0, 'trainable_pct': 0.0, 'method': 'frozen'}",55.067248582839966,0.8814061292814834,
du0xq3k8,v9,,0,,braindecode/faced,frozen,flatten,1,ridge,median_std_clip,completed,"{'total_params': 12687872, 'trainable_params': 0, 'trainable_pct': 0.0, 'method': 'frozen'}",52.82560157775879,0.3127016401472923,
du0xq3k8,v9,,0,,braindecode/isruc-sleep,frozen,flatten,1,ridge,median_std_clip,completed,"{'total_params': 12687872, 'trainable_params': 0, 'trainable_pct': 0.0, 'method': 'frozen'}",89.16720461845398,0.6601860921820231,
du0xq3k8,v9,,0,,braindecode/mdd_mumtaz2016,frozen,flatten,1,ridge,median_std_clip,completed,"{'total_params': 12687872, 'trainable_params': 0, 'trainable_pct': 0.0, 'method': 'frozen'}",16.65533995628357,0.8272953393285318,
du0xq3k8,v9,,0,,braindecode/seed-v,frozen,flatten,1,ridge,median_std_clip,completed,"{'total_params': 12687872, 'trainable_params': 0, 'trainable_pct': 0.0, 'method': 'frozen'}",48.763877153396606,0.2859755747865051,
du0xq3k8,v9,,0,,braindecode/seed-vig,frozen,flatten,1,ridge,median_std_clip,completed,"{'total_params': 12687872, 'trainable_params': 0, 'trainable_pct': 0.0, 'method': 'frozen'}",19.105870008468628,,-0.09970548835327353
du0xq3k8,v9,,0,,braindecode/tuab,frozen,flatten,1,ridge,median_std_clip,completed,"{'total_params': 12687872, 'trainable_params': 0, 'trainable_pct': 0.0, 'method': 'frozen'}",57.55837535858154,0.805310287123678,
du0xq3k8,v9,,0,,braindecode/tuev,frozen,flatten,1,ridge,median_std_clip,completed,"{'total_params': 12687872, 'trainable_params': 0, 'trainable_pct': 0.0, 'method': 'frozen'}",12.752602577209473,0.9553961612727345,
du0xq3k8,v9,,0,,braindecode/arithmetic_zyma2019,frozen,flatten,2,ridge,median_std_clip,completed,"{'total_params': 12687872, 'trainable_params': 0, 'trainable_pct': 0.0, 'method': 'frozen'}",11.275467872619629,0.7048611111111112,
du0xq3k8,v9,,0,,braindecode/bcic2a,frozen,flatten,2,ridge,median_std_clip,completed,"{'total_params': 12687872, 'trainable_params': 0, 'trainable_pct': 0.0, 'method': 'frozen'}",9.148458242416382,0.46875,
du0xq3k8,v9,,0,,braindecode/bcic2020-3,frozen,flatten,2,ridge,median_std_clip,completed,"{'total_params': 12687872, 'trainable_params': 0, 'trainable_pct': 0.0, 'method': 'frozen'}",22.373889446258545,0.2813333333333333,
du0xq3k8,v9,,0,,braindecode/physionet,frozen,flatten,2,ridge,median_std_clip,completed,"{'total_params': 12687872, 'trainable_params': 0, 'trainable_pct': 0.0, 'method': 'frozen'}",24.329179286956787,0.5806439378437026,
du0xq3k8,v9,,0,,braindecode/chbmit,frozen,flatten,2,ridge,median_std_clip,completed,"{'total_params': 12687872, 'trainable_params': 0, 'trainable_pct': 0.0, 'method': 'frozen'}",52.77045297622681,0.6491758949266031,
du0xq3k8,v9,,0,,braindecode/faced,frozen,flatten,2,ridge,median_std_clip,completed,"{'total_params': 12687872, 'trainable_params': 0, 'trainable_pct': 0.0, 'method': 'frozen'}",49.91123938560486,0.3236886905365166,
du0xq3k8,v9,,0,,braindecode/isruc-sleep,frozen,flatten,2,ridge,median_std_clip,completed,"{'total_params': 12687872, 'trainable_params': 0, 'trainable_pct': 0.0, 'method': 'frozen'}",86.78561043739319,0.6565566558314906,
du0xq3k8,v9,,0,,braindecode/mdd_mumtaz2016,frozen,flatten,2,ridge,median_std_clip,completed,"{'total_params': 12687872, 'trainable_params': 0, 'trainable_pct': 0.0, 'method': 'frozen'}",16.100919485092163,0.8316116761114993,
du0xq3k8,v9,,0,,braindecode/seed-v,frozen,flatten,2,ridge,median_std_clip,completed,"{'total_params': 12687872, 'trainable_params': 0, 'trainable_pct': 0.0, 'method': 'frozen'}",50.19799566268921,0.2861024512087799,
du0xq3k8,v9,,0,,braindecode/seed-vig,frozen,flatten,2,ridge,median_std_clip,completed,"{'total_params': 12687872, 'trainable_params': 0, 'trainable_pct': 0.0, 'method': 'frozen'}",19.220633506774902,,-0.08224830006784534
du0xq3k8,v9,,0,,braindecode/tuab,frozen,flatten,2,ridge,median_std_clip,completed,"{'total_params': 12687872, 'trainable_params': 0, 'trainable_pct': 0.0, 'method': 'frozen'}",56.95959734916687,0.8120641452710953,
du0xq3k8,v9,,0,,braindecode/tuev,frozen,flatten,2,ridge,median_std_clip,completed,"{'total_params': 12687872, 'trainable_params': 0, 'trainable_pct': 0.0, 'method': 'frozen'}",13.263856887817383,0.9544485427269782,
du0xq3k8,v9,,0,,braindecode/arithmetic_zyma2019,frozen,flatten,3,ridge,median_std_clip,completed,"{'total_params': 12687872, 'trainable_params': 0, 'trainable_pct': 0.0, 'method': 'frozen'}",13.43924856185913,0.65625,
du0xq3k8,v9,,0,,braindecode/bcic2a,frozen,flatten,3,ridge,median_std_clip,completed,"{'total_params': 12687872, 'trainable_params': 0, 'trainable_pct': 0.0, 'method': 'frozen'}",9.729846477508545,0.4652777777777778,
du0xq3k8,v9,,0,,braindecode/bcic2020-3,frozen,flatten,3,ridge,median_std_clip,completed,"{'total_params': 12687872, 'trainable_params': 0, 'trainable_pct': 0.0, 'method': 'frozen'}",21.31739115715027,0.28933333333333333,
du0xq3k8,v9,,0,,braindecode/physionet,frozen,flatten,3,ridge,median_std_clip,completed,"{'total_params': 12687872, 'trainable_params': 0, 'trainable_pct': 0.0, 'method': 'frozen'}",24.466205835342407,0.5817687814837691,
du0xq3k8,v9,,0,,braindecode/chbmit,frozen,flatten,3,ridge,median_std_clip,completed,"{'total_params': 12687872, 'trainable_params': 0, 'trainable_pct': 0.0, 'method': 'frozen'}",55.509411096572876,0.7897888230749421,
du0xq3k8,v9,,0,,braindecode/faced,frozen,flatten,3,ridge,median_std_clip,completed,"{'total_params': 12687872, 'trainable_params': 0, 'trainable_pct': 0.0, 'method': 'frozen'}",53.34365892410278,0.32545383360600755,
du0xq3k8,v9,,0,,braindecode/isruc-sleep,frozen,flatten,3,ridge,median_std_clip,completed,"{'total_params': 12687872, 'trainable_params': 0, 'trainable_pct': 0.0, 'method': 'frozen'}",88.75371146202087,0.6552036978274313,
du0xq3k8,v9,,0,,braindecode/mdd_mumtaz2016,frozen,flatten,3,ridge,median_std_clip,completed,"{'total_params': 12687872, 'trainable_params': 0, 'trainable_pct': 0.0, 'method': 'frozen'}",16.164867401123047,0.8070424882322824,
du0xq3k8,v9,,0,,braindecode/seed-v,frozen,flatten,3,ridge,median_std_clip,completed,"{'total_params': 12687872, 'trainable_params': 0, 'trainable_pct': 0.0, 'method': 'frozen'}",50.502225160598755,0.2861975318921445,
du0xq3k8,v9,,0,,braindecode/seed-vig,frozen,flatten,3,ridge,median_std_clip,completed,"{'total_params': 12687872, 'trainable_params': 0, 'trainable_pct': 0.0, 'method': 'frozen'}",23.464858531951904,,-0.09967953582783884
du0xq3k8,v9,,0,,braindecode/tuab,frozen,flatten,3,ridge,median_std_clip,completed,"{'total_params': 12687872, 'trainable_params': 0, 'trainable_pct': 0.0, 'method': 'frozen'}",58.158486127853394,0.8042008387228294,
du0xq3k8,v9,,0,,braindecode/tuev,frozen,flatten,3,ridge,median_std_clip,completed,"{'total_params': 12687872, 'trainable_params': 0, 'trainable_pct': 0.0, 'method': 'frozen'}",12.533918142318726,0.8968794370820291,
du0xq3k8,v9,,0,,braindecode/arithmetic_zyma2019,frozen,flatten,4,ridge,median_std_clip,completed,"{'total_params': 12687872, 'trainable_params': 0, 'trainable_pct': 0.0, 'method': 'frozen'}",11.97332501411438,0.6805555555555556,
du0xq3k8,v9,,0,,braindecode/bcic2a,frozen,flatten,4,ridge,median_std_clip,completed,"{'total_params': 12687872, 'trainable_params': 0, 'trainable_pct': 0.0, 'method': 'frozen'}",8.936050415039062,0.4658564814814815,
du0xq3k8,v9,,0,,braindecode/bcic2020-3,frozen,flatten,4,ridge,median_std_clip,completed,"{'total_params': 12687872, 'trainable_params': 0, 'trainable_pct': 0.0, 'method': 'frozen'}",19.500447034835815,0.24666666666666665,
du0xq3k8,v9,,0,,braindecode/physionet,frozen,flatten,4,ridge,median_std_clip,completed,"{'total_params': 12687872, 'trainable_params': 0, 'trainable_pct': 0.0, 'method': 'frozen'}",25.598716497421265,0.5846160163434477,
du0xq3k8,v9,,0,,braindecode/chbmit,frozen,flatten,4,ridge,median_std_clip,completed,"{'total_params': 12687872, 'trainable_params': 0, 'trainable_pct': 0.0, 'method': 'frozen'}",54.925570011138916,0.7227873637222079,
du0xq3k8,v9,,0,,braindecode/faced,frozen,flatten,4,ridge,median_std_clip,completed,"{'total_params': 12687872, 'trainable_params': 0, 'trainable_pct': 0.0, 'method': 'frozen'}",49.41368818283081,0.3161390240194588,
du0xq3k8,v9,,0,,braindecode/isruc-sleep,frozen,flatten,4,ridge,median_std_clip,completed,"{'total_params': 12687872, 'trainable_params': 0, 'trainable_pct': 0.0, 'method': 'frozen'}",87.00691795349121,0.6608740438365999,
du0xq3k8,v9,,0,,braindecode/mdd_mumtaz2016,frozen,flatten,4,ridge,median_std_clip,completed,"{'total_params': 12687872, 'trainable_params': 0, 'trainable_pct': 0.0, 'method': 'frozen'}",16.077181339263916,0.7916433892037815,
du0xq3k8,v9,,0,,braindecode/seed-v,frozen,flatten,4,ridge,median_std_clip,completed,"{'total_params': 12687872, 'trainable_params': 0, 'trainable_pct': 0.0, 'method': 'frozen'}",50.10108995437622,0.2832525394623926,
du0xq3k8,v9,,0,,braindecode/seed-vig,frozen,flatten,4,ridge,median_std_clip,completed,"{'total_params': 12687872, 'trainable_params': 0, 'trainable_pct': 0.0, 'method': 'frozen'}",22.866307020187378,,-0.09955096089488524
du0xq3k8,v9,,0,,braindecode/tuab,frozen,flatten,4,ridge,median_std_clip,completed,"{'total_params': 12687872, 'trainable_params': 0, 'trainable_pct': 0.0, 'method': 'frozen'}",57.726231813430786,0.8093714507171932,
du0xq3k8,v9,,0,,braindecode/tuev,frozen,flatten,4,ridge,median_std_clip,completed,"{'total_params': 12687872, 'trainable_params': 0, 'trainable_pct': 0.0, 'method': 'frozen'}",13.285543203353882,0.9049809256179443,
d2k3me28,v9,,0,,braindecode/arithmetic_zyma2019,frozen,flatten,0,ridge,median_std_clip,completed,"{'total_params': 12687872, 'trainable_params': 0, 'trainable_pct': 0.0, 'method': 'frozen'}",11.480451107025146,0.7638888888888888,
d2k3me28,v9,,0,,braindecode/bcic2a,frozen,flatten,0,ridge,median_std_clip,completed,"{'total_params': 12687872, 'trainable_params': 0, 'trainable_pct': 0.0, 'method': 'frozen'}",9.329223871231079,0.4618055555555556,
d2k3me28,v9,,0,,braindecode/bcic2020-3,frozen,flatten,0,ridge,median_std_clip,completed,"{'total_params': 12687872, 'trainable_params': 0, 'trainable_pct': 0.0, 'method': 'frozen'}",21.293863534927368,0.24133333333333334,
d2k3me28,v9,,0,,braindecode/physionet,frozen,flatten,0,ridge,median_std_clip,completed,"{'total_params': 12687872, 'trainable_params': 0, 'trainable_pct': 0.0, 'method': 'frozen'}",23.9435555934906,0.5772528088621569,
d2k3me28,v9,,0,,braindecode/chbmit,frozen,flatten,0,ridge,median_std_clip,completed,"{'total_params': 12687872, 'trainable_params': 0, 'trainable_pct': 0.0, 'method': 'frozen'}",54.793437242507935,0.9027169714138553,
d2k3me28,v9,,0,,braindecode/faced,frozen,flatten,0,ridge,median_std_clip,completed,"{'total_params': 12687872, 'trainable_params': 0, 'trainable_pct': 0.0, 'method': 'frozen'}",52.97317624092102,0.3139788955006346,
d2k3me28,v9,,0,,braindecode/isruc-sleep,frozen,flatten,0,ridge,median_std_clip,completed,"{'total_params': 12687872, 'trainable_params': 0, 'trainable_pct': 0.0, 'method': 'frozen'}",89.82281875610352,0.6645014371330535,
d2k3me28,v9,,0,,braindecode/mdd_mumtaz2016,frozen,flatten,0,ridge,median_std_clip,completed,"{'total_params': 12687872, 'trainable_params': 0, 'trainable_pct': 0.0, 'method': 'frozen'}",16.270821809768677,0.7882714060456133,
d2k3me28,v9,,0,,braindecode/seed-v,frozen,flatten,0,ridge,median_std_clip,completed,"{'total_params': 12687872, 'trainable_params': 0, 'trainable_pct': 0.0, 'method': 'frozen'}",50.15750241279602,0.2842612318887971,
d2k3me28,v9,,0,,braindecode/seed-vig,frozen,flatten,0,ridge,median_std_clip,completed,"{'total_params': 12687872, 'trainable_params': 0, 'trainable_pct': 0.0, 'method': 'frozen'}",22.767380952835083,,-0.16542944540009752
d2k3me28,v9,,0,,braindecode/tuab,frozen,flatten,0,ridge,median_std_clip,completed,"{'total_params': 12687872, 'trainable_params': 0, 'trainable_pct': 0.0, 'method': 'frozen'}",58.102614879608154,0.8039157760090323,
d2k3me28,v9,,0,,braindecode/tuev,frozen,flatten,0,ridge,median_std_clip,completed,"{'total_params': 12687872, 'trainable_params': 0, 'trainable_pct': 0.0, 'method': 'frozen'}",12.940744400024414,0.9547939075087815,
d2k3me28,v9,,0,,braindecode/arithmetic_zyma2019,frozen,flatten,1,ridge,median_std_clip,completed,"{'total_params': 12687872, 'trainable_params': 0, 'trainable_pct': 0.0, 'method': 'frozen'}",11.82982325553894,0.7673611111111112,
d2k3me28,v9,,0,,braindecode/bcic2a,frozen,flatten,1,ridge,median_std_clip,completed,"{'total_params': 12687872, 'trainable_params': 0, 'trainable_pct': 0.0, 'method': 'frozen'}",8.68663763999939,0.4560185185185185,
d2k3me28,v9,,0,,braindecode/bcic2020-3,frozen,flatten,1,ridge,median_std_clip,completed,"{'total_params': 12687872, 'trainable_params': 0, 'trainable_pct': 0.0, 'method': 'frozen'}",19.508055925369263,0.288,
d2k3me28,v9,,0,,braindecode/physionet,frozen,flatten,1,ridge,median_std_clip,completed,"{'total_params': 12687872, 'trainable_params': 0, 'trainable_pct': 0.0, 'method': 'frozen'}",25.699737787246704,0.5744055855831943,
d2k3me28,v9,,0,,braindecode/chbmit,frozen,flatten,1,ridge,median_std_clip,completed,"{'total_params': 12687872, 'trainable_params': 0, 'trainable_pct': 0.0, 'method': 'frozen'}",53.03959512710571,0.9027169714138553,
d2k3me28,v9,,0,,braindecode/faced,frozen,flatten,1,ridge,median_std_clip,completed,"{'total_params': 12687872, 'trainable_params': 0, 'trainable_pct': 0.0, 'method': 'frozen'}",51.74375796318054,0.3205812906899863,
d2k3me28,v9,,0,,braindecode/isruc-sleep,frozen,flatten,1,ridge,median_std_clip,completed,"{'total_params': 12687872, 'trainable_params': 0, 'trainable_pct': 0.0, 'method': 'frozen'}",88.58765983581543,0.6455022572053999,
d2k3me28,v9,,0,,braindecode/mdd_mumtaz2016,frozen,flatten,1,ridge,median_std_clip,completed,"{'total_params': 12687872, 'trainable_params': 0, 'trainable_pct': 0.0, 'method': 'frozen'}",15.577570676803589,0.8248207497621372,
d2k3me28,v9,,0,,braindecode/seed-v,frozen,flatten,1,ridge,median_std_clip,completed,"{'total_params': 12687872, 'trainable_params': 0, 'trainable_pct': 0.0, 'method': 'frozen'}",48.719950675964355,0.2857696014502565,
d2k3me28,v9,,0,,braindecode/seed-vig,frozen,flatten,1,ridge,median_std_clip,completed,"{'total_params': 12687872, 'trainable_params': 0, 'trainable_pct': 0.0, 'method': 'frozen'}",23.340325117111206,,-0.18111177366456288
d2k3me28,v9,,0,,braindecode/tuab,frozen,flatten,1,ridge,median_std_clip,completed,"{'total_params': 12687872, 'trainable_params': 0, 'trainable_pct': 0.0, 'method': 'frozen'}",56.288899421691895,0.8098491687817686,
d2k3me28,v9,,0,,braindecode/tuev,frozen,flatten,1,ridge,median_std_clip,completed,"{'total_params': 12687872, 'trainable_params': 0, 'trainable_pct': 0.0, 'method': 'frozen'}",12.434005498886108,0.8971087849439042,
d2k3me28,v9,,0,,braindecode/arithmetic_zyma2019,frozen,flatten,2,ridge,median_std_clip,completed,"{'total_params': 12687872, 'trainable_params': 0, 'trainable_pct': 0.0, 'method': 'frozen'}",11.749857664108276,0.7916666666666667,
d2k3me28,v9,,0,,braindecode/bcic2a,frozen,flatten,2,ridge,median_std_clip,completed,"{'total_params': 12687872, 'trainable_params': 0, 'trainable_pct': 0.0, 'method': 'frozen'}",9.351901531219482,0.43229166666666663,
d2k3me28,v9,,0,,braindecode/bcic2020-3,frozen,flatten,2,ridge,median_std_clip,completed,"{'total_params': 12687872, 'trainable_params': 0, 'trainable_pct': 0.0, 'method': 'frozen'}",21.47664999961853,0.26799999999999996,
d2k3me28,v9,,0,,braindecode/physionet,frozen,flatten,2,ridge,median_std_clip,completed,"{'total_params': 12687872, 'trainable_params': 0, 'trainable_pct': 0.0, 'method': 'frozen'}",24.260247468948364,0.5817905445444949,
d2k3me28,v9,,0,,braindecode/chbmit,frozen,flatten,2,ridge,median_std_clip,completed,"{'total_params': 12687872, 'trainable_params': 0, 'trainable_pct': 0.0, 'method': 'frozen'}",54.72873258590698,0.8804618422182162,
d2k3me28,v9,,0,,braindecode/faced,frozen,flatten,2,ridge,median_std_clip,completed,"{'total_params': 12687872, 'trainable_params': 0, 'trainable_pct': 0.0, 'method': 'frozen'}",51.14139676094055,0.32189564662390746,
d2k3me28,v9,,0,,braindecode/isruc-sleep,frozen,flatten,2,ridge,median_std_clip,completed,"{'total_params': 12687872, 'trainable_params': 0, 'trainable_pct': 0.0, 'method': 'frozen'}",89.3136568069458,0.6615092257785552,
d2k3me28,v9,,0,,braindecode/mdd_mumtaz2016,frozen,flatten,2,ridge,median_std_clip,completed,"{'total_params': 12687872, 'trainable_params': 0, 'trainable_pct': 0.0, 'method': 'frozen'}",17.12734317779541,0.8180828114417587,
d2k3me28,v9,,0,,braindecode/seed-v,frozen,flatten,2,ridge,median_std_clip,completed,"{'total_params': 12687872, 'trainable_params': 0, 'trainable_pct': 0.0, 'method': 'frozen'}",50.85873198509216,0.2856683115275534,
d2k3me28,v9,,0,,braindecode/seed-vig,frozen,flatten,2,ridge,median_std_clip,completed,"{'total_params': 12687872, 'trainable_params': 0, 'trainable_pct': 0.0, 'method': 'frozen'}",23.13695240020752,,-0.15774354104275545
d2k3me28,v9,,0,,braindecode/tuab,frozen,flatten,2,ridge,median_std_clip,completed,"{'total_params': 12687872, 'trainable_params': 0, 'trainable_pct': 0.0, 'method': 'frozen'}",57.09445834159851,0.796289368336869,
d2k3me28,v9,,0,,braindecode/tuev,frozen,flatten,2,ridge,median_std_clip,completed,"{'total_params': 12687872, 'trainable_params': 0, 'trainable_pct': 0.0, 'method': 'frozen'}",13.31230902671814,0.9542191948651032,
d2k3me28,v9,,0,,braindecode/arithmetic_zyma2019,frozen,flatten,3,ridge,median_std_clip,completed,"{'total_params': 12687872, 'trainable_params': 0, 'trainable_pct': 0.0, 'method': 'frozen'}",11.950843095779419,0.78125,
d2k3me28,v9,,0,,braindecode/bcic2a,frozen,flatten,3,ridge,median_std_clip,completed,"{'total_params': 12687872, 'trainable_params': 0, 'trainable_pct': 0.0, 'method': 'frozen'}",9.13774037361145,0.46759259259259256,
d2k3me28,v9,,0,,braindecode/bcic2020-3,frozen,flatten,3,ridge,median_std_clip,completed,"{'total_params': 12687872, 'trainable_params': 0, 'trainable_pct': 0.0, 'method': 'frozen'}",21.262531518936157,0.27199999999999996,
d2k3me28,v9,,0,,braindecode/physionet,frozen,flatten,3,ridge,median_std_clip,completed,"{'total_params': 12687872, 'trainable_params': 0, 'trainable_pct': 0.0, 'method': 'frozen'}",24.193690299987793,0.5862783354934843,
d2k3me28,v9,,0,,braindecode/chbmit,frozen,flatten,3,ridge,median_std_clip,completed,"{'total_params': 12687872, 'trainable_params': 0, 'trainable_pct': 0.0, 'method': 'frozen'}",54.85269021987915,0.8795175551549489,
d2k3me28,v9,,0,,braindecode/faced,frozen,flatten,3,ridge,median_std_clip,completed,"{'total_params': 12687872, 'trainable_params': 0, 'trainable_pct': 0.0, 'method': 'frozen'}",52.402836322784424,0.32288167750124275,
d2k3me28,v9,,0,,braindecode/isruc-sleep,frozen,flatten,3,ridge,median_std_clip,completed,"{'total_params': 12687872, 'trainable_params': 0, 'trainable_pct': 0.0, 'method': 'frozen'}",86.99360466003418,0.6488799095513871,
d2k3me28,v9,,0,,braindecode/mdd_mumtaz2016,frozen,flatten,3,ridge,median_std_clip,completed,"{'total_params': 12687872, 'trainable_params': 0, 'trainable_pct': 0.0, 'method': 'frozen'}",16.576695442199707,0.814084208381209,
d2k3me28,v9,,0,,braindecode/seed-v,frozen,flatten,3,ridge,median_std_clip,completed,"{'total_params': 12687872, 'trainable_params': 0, 'trainable_pct': 0.0, 'method': 'frozen'}",49.628907203674316,0.28463755590879386,
d2k3me28,v9,,0,,braindecode/seed-vig,frozen,flatten,3,ridge,median_std_clip,completed,"{'total_params': 12687872, 'trainable_params': 0, 'trainable_pct': 0.0, 'method': 'frozen'}",19.156455278396606,,-0.1788771217756091
d2k3me28,v9,,0,,braindecode/tuab,frozen,flatten,3,ridge,median_std_clip,completed,"{'total_params': 12687872, 'trainable_params': 0, 'trainable_pct': 0.0, 'method': 'frozen'}",56.386276960372925,0.804516703890966,
d2k3me28,v9,,0,,braindecode/tuev,frozen,flatten,3,ridge,median_std_clip,completed,"{'total_params': 12687872, 'trainable_params': 0, 'trainable_pct': 0.0, 'method': 'frozen'}",12.444714546203613,0.8990674497119544,
d2k3me28,v9,,0,,braindecode/arithmetic_zyma2019,frozen,flatten,4,ridge,median_std_clip,completed,"{'total_params': 12687872, 'trainable_params': 0, 'trainable_pct': 0.0, 'method': 'frozen'}",11.488147974014282,0.7673611111111112,
d2k3me28,v9,,0,,braindecode/bcic2a,frozen,flatten,4,ridge,median_std_clip,completed,"{'total_params': 12687872, 'trainable_params': 0, 'trainable_pct': 0.0, 'method': 'frozen'}",9.19739818572998,0.46643518518518523,
d2k3me28,v9,,0,,braindecode/bcic2020-3,frozen,flatten,4,ridge,median_std_clip,completed,"{'total_params': 12687872, 'trainable_params': 0, 'trainable_pct': 0.0, 'method': 'frozen'}",21.188701391220093,0.28933333333333333,
d2k3me28,v9,,0,,braindecode/physionet,frozen,flatten,4,ridge,median_std_clip,completed,"{'total_params': 12687872, 'trainable_params': 0, 'trainable_pct': 0.0, 'method': 'frozen'}",24.118846654891968,0.57725793332903,
d2k3me28,v9,,0,,braindecode/chbmit,frozen,flatten,4,ridge,median_std_clip,completed,"{'total_params': 12687872, 'trainable_params': 0, 'trainable_pct': 0.0, 'method': 'frozen'}",53.96286344528198,0.8811700575156666,
d2k3me28,v9,,0,,braindecode/faced,frozen,flatten,4,ridge,median_std_clip,completed,"{'total_params': 12687872, 'trainable_params': 0, 'trainable_pct': 0.0, 'method': 'frozen'}",51.81799602508545,0.3210798862972776,
d2k3me28,v9,,0,,braindecode/isruc-sleep,frozen,flatten,4,ridge,median_std_clip,completed,"{'total_params': 12687872, 'trainable_params': 0, 'trainable_pct': 0.0, 'method': 'frozen'}",88.6872832775116,0.6721185650281846,
d2k3me28,v9,,0,,braindecode/mdd_mumtaz2016,frozen,flatten,4,ridge,median_std_clip,completed,"{'total_params': 12687872, 'trainable_params': 0, 'trainable_pct': 0.0, 'method': 'frozen'}",16.163861513137817,0.7943518066778917,
d2k3me28,v9,,0,,braindecode/seed-v,frozen,flatten,4,ridge,median_std_clip,completed,"{'total_params': 12687872, 'trainable_params': 0, 'trainable_pct': 0.0, 'method': 'frozen'}",50.380090951919556,0.2852782552223163,
d2k3me28,v9,,0,,braindecode/seed-vig,frozen,flatten,4,ridge,median_std_clip,completed,"{'total_params': 12687872, 'trainable_params': 0, 'trainable_pct': 0.0, 'method': 'frozen'}",22.95990300178528,,-0.1760687877091225
d2k3me28,v9,,0,,braindecode/tuab,frozen,flatten,4,ridge,median_std_clip,completed,"{'total_params': 12687872, 'trainable_params': 0, 'trainable_pct': 0.0, 'method': 'frozen'}",58.46766138076782,0.8042798050148636,
d2k3me28,v9,,0,,braindecode/tuev,frozen,flatten,4,ridge,median_std_clip,completed,"{'total_params': 12687872, 'trainable_params': 0, 'trainable_pct': 0.0, 'method': 'frozen'}",13.09332013130188,0.901393841406942,
5jxbqr35,v9,,0,,braindecode/arithmetic_zyma2019,frozen,flatten,0,ridge,median_std_clip,completed,"{'total_params': 12687872, 'trainable_params': 0, 'trainable_pct': 0.0, 'method': 'frozen'}",12.534030675888062,0.7465277777777778,
5jxbqr35,v9,,0,,braindecode/bcic2a,frozen,flatten,0,ridge,median_std_clip,completed,"{'total_params': 12687872, 'trainable_params': 0, 'trainable_pct': 0.0, 'method': 'frozen'}",9.478613376617432,0.44502314814814814,
5jxbqr35,v9,,0,,braindecode/bcic2020-3,frozen,flatten,0,ridge,median_std_clip,completed,"{'total_params': 12687872, 'trainable_params': 0, 'trainable_pct': 0.0, 'method': 'frozen'}",21.352442502975464,0.2733333333333333,
5jxbqr35,v9,,0,,braindecode/physionet,frozen,flatten,0,ridge,median_std_clip,completed,"{'total_params': 12687872, 'trainable_params': 0, 'trainable_pct': 0.0, 'method': 'frozen'}",23.875328063964844,0.563103582580222,
5jxbqr35,v9,,0,,braindecode/chbmit,frozen,flatten,0,ridge,median_std_clip,completed,"{'total_params': 12687872, 'trainable_params': 0, 'trainable_pct': 0.0, 'method': 'frozen'}",54.72490310668945,0.879281483389132,
5jxbqr35,v9,,0,,braindecode/faced,frozen,flatten,0,ridge,median_std_clip,completed,"{'total_params': 12687872, 'trainable_params': 0, 'trainable_pct': 0.0, 'method': 'frozen'}",53.31824350357056,0.31446859300120167,
5jxbqr35,v9,,0,,braindecode/isruc-sleep,frozen,flatten,0,ridge,median_std_clip,completed,"{'total_params': 12687872, 'trainable_params': 0, 'trainable_pct': 0.0, 'method': 'frozen'}",89.61313962936401,0.6517936223687196,
5jxbqr35,v9,,0,,braindecode/mdd_mumtaz2016,frozen,flatten,0,ridge,median_std_clip,completed,"{'total_params': 12687872, 'trainable_params': 0, 'trainable_pct': 0.0, 'method': 'frozen'}",16.214643716812134,0.8229554253033102,
5jxbqr35,v9,,0,,braindecode/seed-v,frozen,flatten,0,ridge,median_std_clip,completed,"{'total_params': 12687872, 'trainable_params': 0, 'trainable_pct': 0.0, 'method': 'frozen'}",48.916889905929565,0.28762696127810583,
5jxbqr35,v9,,0,,braindecode/seed-vig,frozen,flatten,0,ridge,median_std_clip,completed,"{'total_params': 12687872, 'trainable_params': 0, 'trainable_pct': 0.0, 'method': 'frozen'}",22.859126091003418,,-0.16977971527776714
5jxbqr35,v9,,0,,braindecode/tuab,frozen,flatten,0,ridge,median_std_clip,completed,"{'total_params': 12687872, 'trainable_params': 0, 'trainable_pct': 0.0, 'method': 'frozen'}",57.46992206573486,0.8032801253603887,
5jxbqr35,v9,,0,,braindecode/tuev,frozen,flatten,0,ridge,median_std_clip,completed,"{'total_params': 12687872, 'trainable_params': 0, 'trainable_pct': 0.0, 'method': 'frozen'}",12.947270154953003,0.9050301278509765,
5jxbqr35,v9,,0,,braindecode/arithmetic_zyma2019,frozen,flatten,1,ridge,median_std_clip,completed,"{'total_params': 12687872, 'trainable_params': 0, 'trainable_pct': 0.0, 'method': 'frozen'}",11.325612783432007,0.7534722222222223,
5jxbqr35,v9,,0,,braindecode/bcic2a,frozen,flatten,1,ridge,median_std_clip,completed,"{'total_params': 12687872, 'trainable_params': 0, 'trainable_pct': 0.0, 'method': 'frozen'}",9.576731443405151,0.4305555555555556,
5jxbqr35,v9,,0,,braindecode/bcic2020-3,frozen,flatten,1,ridge,median_std_clip,completed,"{'total_params': 12687872, 'trainable_params': 0, 'trainable_pct': 0.0, 'method': 'frozen'}",21.37833571434021,0.2866666666666667,
5jxbqr35,v9,,0,,braindecode/physionet,frozen,flatten,1,ridge,median_std_clip,completed,"{'total_params': 12687872, 'trainable_params': 0, 'trainable_pct': 0.0, 'method': 'frozen'}",24.0279483795166,0.5664677777113045,
5jxbqr35,v9,,0,,braindecode/chbmit,frozen,flatten,1,ridge,median_std_clip,completed,"{'total_params': 12687872, 'trainable_params': 0, 'trainable_pct': 0.0, 'method': 'frozen'}",52.96340894699097,0.9103356511288523,
5jxbqr35,v9,,0,,braindecode/faced,frozen,flatten,1,ridge,median_std_clip,completed,"{'total_params': 12687872, 'trainable_params': 0, 'trainable_pct': 0.0, 'method': 'frozen'}",50.178433895111084,0.2987426221121873,
5jxbqr35,v9,,0,,braindecode/isruc-sleep,frozen,flatten,1,ridge,median_std_clip,completed,"{'total_params': 12687872, 'trainable_params': 0, 'trainable_pct': 0.0, 'method': 'frozen'}",88.61452960968018,0.6683871465196176,
5jxbqr35,v9,,0,,braindecode/mdd_mumtaz2016,frozen,flatten,1,ridge,median_std_clip,completed,"{'total_params': 12687872, 'trainable_params': 0, 'trainable_pct': 0.0, 'method': 'frozen'}",16.098351001739502,0.8213237343007165,
5jxbqr35,v9,,0,,braindecode/seed-v,frozen,flatten,1,ridge,median_std_clip,completed,"{'total_params': 12687872, 'trainable_params': 0, 'trainable_pct': 0.0, 'method': 'frozen'}",50.86725354194641,0.2912308784814429,
5jxbqr35,v9,,0,,braindecode/seed-vig,frozen,flatten,1,ridge,median_std_clip,completed,"{'total_params': 12687872, 'trainable_params': 0, 'trainable_pct': 0.0, 'method': 'frozen'}",23.39417314529419,,-0.15302535446022558
5jxbqr35,v9,,0,,braindecode/tuab,frozen,flatten,1,ridge,median_std_clip,completed,"{'total_params': 12687872, 'trainable_params': 0, 'trainable_pct': 0.0, 'method': 'frozen'}",57.87384033203125,0.8118667295410098,
5jxbqr35,v9,,0,,braindecode/tuev,frozen,flatten,1,ridge,median_std_clip,completed,"{'total_params': 12687872, 'trainable_params': 0, 'trainable_pct': 0.0, 'method': 'frozen'}",13.176347732543945,0.9016597374736149,
5jxbqr35,v9,,0,,braindecode/arithmetic_zyma2019,frozen,flatten,2,ridge,median_std_clip,completed,"{'total_params': 12687872, 'trainable_params': 0, 'trainable_pct': 0.0, 'method': 'frozen'}",12.657812595367432,0.7534722222222223,
5jxbqr35,v9,,0,,braindecode/bcic2a,frozen,flatten,2,ridge,median_std_clip,completed,"{'total_params': 12687872, 'trainable_params': 0, 'trainable_pct': 0.0, 'method': 'frozen'}",9.425441980361938,0.4409722222222222,
5jxbqr35,v9,,0,,braindecode/bcic2020-3,frozen,flatten,2,ridge,median_std_clip,completed,"{'total_params': 12687872, 'trainable_params': 0, 'trainable_pct': 0.0, 'method': 'frozen'}",19.64342188835144,0.2786666666666667,
5jxbqr35,v9,,0,,braindecode/physionet,frozen,flatten,2,ridge,median_std_clip,completed,"{'total_params': 12687872, 'trainable_params': 0, 'trainable_pct': 0.0, 'method': 'frozen'}",25.7369282245636,0.5664690660659704,
5jxbqr35,v9,,0,,braindecode/chbmit,frozen,flatten,2,ridge,median_std_clip,completed,"{'total_params': 12687872, 'trainable_params': 0, 'trainable_pct': 0.0, 'method': 'frozen'}",55.6848247051239,0.8563181388960426,
5jxbqr35,v9,,0,,braindecode/faced,frozen,flatten,2,ridge,median_std_clip,completed,"{'total_params': 12687872, 'trainable_params': 0, 'trainable_pct': 0.0, 'method': 'frozen'}",50.875972747802734,0.3131192479018566,
5jxbqr35,v9,,0,,braindecode/isruc-sleep,frozen,flatten,2,ridge,median_std_clip,completed,"{'total_params': 12687872, 'trainable_params': 0, 'trainable_pct': 0.0, 'method': 'frozen'}",88.48318076133728,0.6739916059218076,
5jxbqr35,v9,,0,,braindecode/mdd_mumtaz2016,frozen,flatten,2,ridge,median_std_clip,completed,"{'total_params': 12687872, 'trainable_params': 0, 'trainable_pct': 0.0, 'method': 'frozen'}",16.375299215316772,0.8221061098405867,
5jxbqr35,v9,,0,,braindecode/seed-v,frozen,flatten,2,ridge,median_std_clip,completed,"{'total_params': 12687872, 'trainable_params': 0, 'trainable_pct': 0.0, 'method': 'frozen'}",50.579198598861694,0.28979532022700705,
5jxbqr35,v9,,0,,braindecode/seed-vig,frozen,flatten,2,ridge,median_std_clip,completed,"{'total_params': 12687872, 'trainable_params': 0, 'trainable_pct': 0.0, 'method': 'frozen'}",24.091270923614502,,-0.14963966596531764
5jxbqr35,v9,,0,,braindecode/tuab,frozen,flatten,2,ridge,median_std_clip,completed,"{'total_params': 12687872, 'trainable_params': 0, 'trainable_pct': 0.0, 'method': 'frozen'}",58.802077293395996,0.7989907435824486,
5jxbqr35,v9,,0,,braindecode/tuev,frozen,flatten,2,ridge,median_std_clip,completed,"{'total_params': 12687872, 'trainable_params': 0, 'trainable_pct': 0.0, 'method': 'frozen'}",12.497908592224121,0.902877340128779,
5jxbqr35,v9,,0,,braindecode/arithmetic_zyma2019,frozen,flatten,3,ridge,median_std_clip,completed,"{'total_params': 12687872, 'trainable_params': 0, 'trainable_pct': 0.0, 'method': 'frozen'}",11.939924955368042,0.7465277777777778,
5jxbqr35,v9,,0,,braindecode/bcic2a,frozen,flatten,3,ridge,median_std_clip,completed,"{'total_params': 12687872, 'trainable_params': 0, 'trainable_pct': 0.0, 'method': 'frozen'}",9.130022525787354,0.44675925925925924,
5jxbqr35,v9,,0,,braindecode/bcic2020-3,frozen,flatten,3,ridge,median_std_clip,completed,"{'total_params': 12687872, 'trainable_params': 0, 'trainable_pct': 0.0, 'method': 'frozen'}",21.17829728126526,0.2613333333333333,
5jxbqr35,v9,,0,,braindecode/physionet,frozen,flatten,3,ridge,median_std_clip,completed,"{'total_params': 12687872, 'trainable_params': 0, 'trainable_pct': 0.0, 'method': 'frozen'}",24.01090669631958,0.5687622331446904,
5jxbqr35,v9,,0,,braindecode/chbmit,frozen,flatten,3,ridge,median_std_clip,completed,"{'total_params': 12687872, 'trainable_params': 0, 'trainable_pct': 0.0, 'method': 'frozen'}",54.31689643859863,0.788608464245858,
5jxbqr35,v9,,0,,braindecode/faced,frozen,flatten,3,ridge,median_std_clip,completed,"{'total_params': 12687872, 'trainable_params': 0, 'trainable_pct': 0.0, 'method': 'frozen'}",49.322646617889404,0.31452846670237977,
5jxbqr35,v9,,0,,braindecode/isruc-sleep,frozen,flatten,3,ridge,median_std_clip,completed,"{'total_params': 12687872, 'trainable_params': 0, 'trainable_pct': 0.0, 'method': 'frozen'}",86.20127201080322,0.664713608162691,
5jxbqr35,v9,,0,,braindecode/mdd_mumtaz2016,frozen,flatten,3,ridge,median_std_clip,completed,"{'total_params': 12687872, 'trainable_params': 0, 'trainable_pct': 0.0, 'method': 'frozen'}",15.746712923049927,0.8144830283718325,
5jxbqr35,v9,,0,,braindecode/seed-v,frozen,flatten,3,ridge,median_std_clip,completed,"{'total_params': 12687872, 'trainable_params': 0, 'trainable_pct': 0.0, 'method': 'frozen'}",48.590357542037964,0.2865316731153261,
5jxbqr35,v9,,0,,braindecode/seed-vig,frozen,flatten,3,ridge,median_std_clip,completed,"{'total_params': 12687872, 'trainable_params': 0, 'trainable_pct': 0.0, 'method': 'frozen'}",23.819790363311768,,-0.1522590750307451
5jxbqr35,v9,,0,,braindecode/tuab,frozen,flatten,3,ridge,median_std_clip,completed,"{'total_params': 12687872, 'trainable_params': 0, 'trainable_pct': 0.0, 'method': 'frozen'}",56.77316927909851,0.8054990221620859,
5jxbqr35,v9,,0,,braindecode/tuev,frozen,flatten,3,ridge,median_std_clip,completed,"{'total_params': 12687872, 'trainable_params': 0, 'trainable_pct': 0.0, 'method': 'frozen'}",13.329737424850464,0.8990791821583007,
5jxbqr35,v9,,0,,braindecode/arithmetic_zyma2019,frozen,flatten,4,ridge,median_std_clip,completed,"{'total_params': 12687872, 'trainable_params': 0, 'trainable_pct': 0.0, 'method': 'frozen'}",11.452616691589355,0.7395833333333333,
5jxbqr35,v9,,0,,braindecode/bcic2a,frozen,flatten,4,ridge,median_std_clip,completed,"{'total_params': 12687872, 'trainable_params': 0, 'trainable_pct': 0.0, 'method': 'frozen'}",9.054598808288574,0.4085648148148148,
5jxbqr35,v9,,0,,braindecode/bcic2020-3,frozen,flatten,4,ridge,median_std_clip,completed,"{'total_params': 12687872, 'trainable_params': 0, 'trainable_pct': 0.0, 'method': 'frozen'}",21.966788053512573,0.284,
5jxbqr35,v9,,0,,braindecode/physionet,frozen,flatten,4,ridge,median_std_clip,completed,"{'total_params': 12687872, 'trainable_params': 0, 'trainable_pct': 0.0, 'method': 'frozen'}",21.705463886260986,0.5778171661093678,
5jxbqr35,v9,,0,,braindecode/chbmit,frozen,flatten,4,ridge,median_std_clip,completed,"{'total_params': 12687872, 'trainable_params': 0, 'trainable_pct': 0.0, 'method': 'frozen'}",54.72270464897156,0.6934500815520646,
5jxbqr35,v9,,0,,braindecode/faced,frozen,flatten,4,ridge,median_std_clip,completed,"{'total_params': 12687872, 'trainable_params': 0, 'trainable_pct': 0.0, 'method': 'frozen'}",53.84378123283386,0.3111165706274402,
5jxbqr35,v9,,0,,braindecode/isruc-sleep,frozen,flatten,4,ridge,median_std_clip,completed,"{'total_params': 12687872, 'trainable_params': 0, 'trainable_pct': 0.0, 'method': 'frozen'}",90.7388653755188,0.657136948127268,
5jxbqr35,v9,,0,,braindecode/mdd_mumtaz2016,frozen,flatten,4,ridge,median_std_clip,completed,"{'total_params': 12687872, 'trainable_params': 0, 'trainable_pct': 0.0, 'method': 'frozen'}",17.48136067390442,0.8276504077355911,
5jxbqr35,v9,,0,,braindecode/seed-v,frozen,flatten,4,ridge,median_std_clip,completed,"{'total_params': 12687872, 'trainable_params': 0, 'trainable_pct': 0.0, 'method': 'frozen'}",49.95045447349548,0.289798541348626,
5jxbqr35,v9,,0,,braindecode/seed-vig,frozen,flatten,4,ridge,median_std_clip,completed,"{'total_params': 12687872, 'trainable_params': 0, 'trainable_pct': 0.0, 'method': 'frozen'}",23.37023115158081,,-0.15632592812763324
5jxbqr35,v9,,0,,braindecode/tuab,frozen,flatten,4,ridge,median_std_clip,completed,"{'total_params': 12687872, 'trainable_params': 0, 'trainable_pct': 0.0, 'method': 'frozen'}",59.0758318901062,0.8066787561632911,
5jxbqr35,v9,,0,,braindecode/tuev,frozen,flatten,4,ridge,median_std_clip,completed,"{'total_params': 12687872, 'trainable_params': 0, 'trainable_pct': 0.0, 'method': 'frozen'}",13.078322410583496,0.9002933978031065,
vlt5ckzw,v9,,0,,braindecode/arithmetic_zyma2019,frozen,flatten,0,ridge,median_std_clip,completed,"{'total_params': 12687872, 'trainable_params': 0, 'trainable_pct': 0.0, 'method': 'frozen'}",11.813689947128296,0.7326388888888888,
vlt5ckzw,v9,,0,,braindecode/bcic2a,frozen,flatten,0,ridge,median_std_clip,completed,"{'total_params': 12687872, 'trainable_params': 0, 'trainable_pct': 0.0, 'method': 'frozen'}",9.229565858840942,0.42939814814814814,
vlt5ckzw,v9,,0,,braindecode/bcic2020-3,frozen,flatten,0,ridge,median_std_clip,completed,"{'total_params': 12687872, 'trainable_params': 0, 'trainable_pct': 0.0, 'method': 'frozen'}",21.395541191101074,0.24400000000000005,
vlt5ckzw,v9,,0,,braindecode/physionet,frozen,flatten,0,ridge,median_std_clip,completed,"{'total_params': 12687872, 'trainable_params': 0, 'trainable_pct': 0.0, 'method': 'frozen'}",24.08690333366394,0.5461223906127828,
vlt5ckzw,v9,,0,,braindecode/chbmit,frozen,flatten,0,ridge,median_std_clip,completed,"{'total_params': 12687872, 'trainable_params': 0, 'trainable_pct': 0.0, 'method': 'frozen'}",53.29086232185364,0.8400291870546828,
vlt5ckzw,v9,,0,,braindecode/faced,frozen,flatten,0,ridge,median_std_clip,completed,"{'total_params': 12687872, 'trainable_params': 0, 'trainable_pct': 0.0, 'method': 'frozen'}",51.704397678375244,0.26954295704295705,
vlt5ckzw,v9,,0,,braindecode/isruc-sleep,frozen,flatten,0,ridge,median_std_clip,completed,"{'total_params': 12687872, 'trainable_params': 0, 'trainable_pct': 0.0, 'method': 'frozen'}",87.86003994941711,0.664516232602023,
vlt5ckzw,v9,,0,,braindecode/mdd_mumtaz2016,frozen,flatten,0,ridge,median_std_clip,completed,"{'total_params': 12687872, 'trainable_params': 0, 'trainable_pct': 0.0, 'method': 'frozen'}",15.796478271484375,0.8253319627096503,
vlt5ckzw,v9,,0,,braindecode/seed-v,frozen,flatten,0,ridge,median_std_clip,completed,"{'total_params': 12687872, 'trainable_params': 0, 'trainable_pct': 0.0, 'method': 'frozen'}",48.921600341796875,0.26329508505854254,
vlt5ckzw,v9,,0,,braindecode/seed-vig,frozen,flatten,0,ridge,median_std_clip,completed,"{'total_params': 12687872, 'trainable_params': 0, 'trainable_pct': 0.0, 'method': 'frozen'}",22.756956577301025,,-0.6044339109763948
vlt5ckzw,v9,,0,,braindecode/tuab,frozen,flatten,0,ridge,median_std_clip,completed,"{'total_params': 12687872, 'trainable_params': 0, 'trainable_pct': 0.0, 'method': 'frozen'}",56.1031436920166,0.7842030452986494,
vlt5ckzw,v9,,0,,braindecode/tuev,frozen,flatten,0,ridge,median_std_clip,completed,"{'total_params': 12687872, 'trainable_params': 0, 'trainable_pct': 0.0, 'method': 'frozen'}",12.48454999923706,0.8454903532431254,
vlt5ckzw,v9,,0,,braindecode/arithmetic_zyma2019,frozen,flatten,1,ridge,median_std_clip,completed,"{'total_params': 12687872, 'trainable_params': 0, 'trainable_pct': 0.0, 'method': 'frozen'}",11.584943056106567,0.7326388888888888,
vlt5ckzw,v9,,0,,braindecode/bcic2a,frozen,flatten,1,ridge,median_std_clip,completed,"{'total_params': 12687872, 'trainable_params': 0, 'trainable_pct': 0.0, 'method': 'frozen'}",9.53370976448059,0.36979166666666663,
vlt5ckzw,v9,,0,,braindecode/bcic2020-3,frozen,flatten,1,ridge,median_std_clip,completed,"{'total_params': 12687872, 'trainable_params': 0, 'trainable_pct': 0.0, 'method': 'frozen'}",21.870165824890137,0.256,
vlt5ckzw,v9,,0,,braindecode/physionet,frozen,flatten,1,ridge,median_std_clip,completed,"{'total_params': 12687872, 'trainable_params': 0, 'trainable_pct': 0.0, 'method': 'frozen'}",23.83901619911194,0.534764047425997,
vlt5ckzw,v9,,0,,braindecode/chbmit,frozen,flatten,1,ridge,median_std_clip,completed,"{'total_params': 12687872, 'trainable_params': 0, 'trainable_pct': 0.0, 'method': 'frozen'}",54.88301181793213,0.9129324405528372,
vlt5ckzw,v9,,0,,braindecode/faced,frozen,flatten,1,ridge,median_std_clip,completed,"{'total_params': 12687872, 'trainable_params': 0, 'trainable_pct': 0.0, 'method': 'frozen'}",50.15396547317505,0.2877169629887021,
vlt5ckzw,v9,,0,,braindecode/isruc-sleep,frozen,flatten,1,ridge,median_std_clip,completed,"{'total_params': 12687872, 'trainable_params': 0, 'trainable_pct': 0.0, 'method': 'frozen'}",89.86678981781006,0.6697197954920941,
vlt5ckzw,v9,,0,,braindecode/mdd_mumtaz2016,frozen,flatten,1,ridge,median_std_clip,completed,"{'total_params': 12687872, 'trainable_params': 0, 'trainable_pct': 0.0, 'method': 'frozen'}",17.225641012191772,0.8267328398025073,
vlt5ckzw,v9,,0,,braindecode/seed-v,frozen,flatten,1,ridge,median_std_clip,completed,"{'total_params': 12687872, 'trainable_params': 0, 'trainable_pct': 0.0, 'method': 'frozen'}",51.30285668373108,0.2566080495617947,
vlt5ckzw,v9,,0,,braindecode/seed-vig,frozen,flatten,1,ridge,median_std_clip,completed,"{'total_params': 12687872, 'trainable_params': 0, 'trainable_pct': 0.0, 'method': 'frozen'}",19.026681184768677,,-0.38506332793936715
vlt5ckzw,v9,,0,,braindecode/tuab,frozen,flatten,1,ridge,median_std_clip,completed,"{'total_params': 12687872, 'trainable_params': 0, 'trainable_pct': 0.0, 'method': 'frozen'}",57.904613733291626,0.7777563716276914,
vlt5ckzw,v9,,0,,braindecode/tuev,frozen,flatten,1,ridge,median_std_clip,completed,"{'total_params': 12687872, 'trainable_params': 0, 'trainable_pct': 0.0, 'method': 'frozen'}",13.285926342010498,0.9448509014409917,
vlt5ckzw,v9,,0,,braindecode/arithmetic_zyma2019,frozen,flatten,2,ridge,median_std_clip,completed,"{'total_params': 12687872, 'trainable_params': 0, 'trainable_pct': 0.0, 'method': 'frozen'}",12.225478410720825,0.71875,
vlt5ckzw,v9,,0,,braindecode/bcic2a,frozen,flatten,2,ridge,median_std_clip,completed,"{'total_params': 12687872, 'trainable_params': 0, 'trainable_pct': 0.0, 'method': 'frozen'}",9.349445343017578,0.38599537037037035,
vlt5ckzw,v9,,0,,braindecode/bcic2020-3,frozen,flatten,2,ridge,median_std_clip,completed,"{'total_params': 12687872, 'trainable_params': 0, 'trainable_pct': 0.0, 'method': 'frozen'}",21.14669680595398,0.27999999999999997,
vlt5ckzw,v9,,0,,braindecode/physionet,frozen,flatten,2,ridge,median_std_clip,completed,"{'total_params': 12687872, 'trainable_params': 0, 'trainable_pct': 0.0, 'method': 'frozen'}",24.097991466522217,0.538743844473021,
vlt5ckzw,v9,,0,,braindecode/chbmit,frozen,flatten,2,ridge,median_std_clip,completed,"{'total_params': 12687872, 'trainable_params': 0, 'trainable_pct': 0.0, 'method': 'frozen'}",55.20325684547424,0.9103356511288523,
vlt5ckzw,v9,,0,,braindecode/faced,frozen,flatten,2,ridge,median_std_clip,completed,"{'total_params': 12687872, 'trainable_params': 0, 'trainable_pct': 0.0, 'method': 'frozen'}",52.315234422683716,0.2838636303310217,
vlt5ckzw,v9,,0,,braindecode/isruc-sleep,frozen,flatten,2,ridge,median_std_clip,completed,"{'total_params': 12687872, 'trainable_params': 0, 'trainable_pct': 0.0, 'method': 'frozen'}",87.52976989746094,0.6658515981262081,
vlt5ckzw,v9,,0,,braindecode/mdd_mumtaz2016,frozen,flatten,2,ridge,median_std_clip,completed,"{'total_params': 12687872, 'trainable_params': 0, 'trainable_pct': 0.0, 'method': 'frozen'}",16.522638082504272,0.8254503836624976,
vlt5ckzw,v9,,0,,braindecode/seed-v,frozen,flatten,2,ridge,median_std_clip,completed,"{'total_params': 12687872, 'trainable_params': 0, 'trainable_pct': 0.0, 'method': 'frozen'}",49.72125053405762,0.2686278045300246,
vlt5ckzw,v9,,0,,braindecode/seed-vig,frozen,flatten,2,ridge,median_std_clip,completed,"{'total_params': 12687872, 'trainable_params': 0, 'trainable_pct': 0.0, 'method': 'frozen'}",19.210102319717407,,-0.5394742382076534
vlt5ckzw,v9,,0,,braindecode/tuab,frozen,flatten,2,ridge,median_std_clip,completed,"{'total_params': 12687872, 'trainable_params': 0, 'trainable_pct': 0.0, 'method': 'frozen'}",54.98354244232178,0.7791027189046423,
vlt5ckzw,v9,,0,,braindecode/tuev,frozen,flatten,2,ridge,median_std_clip,completed,"{'total_params': 12687872, 'trainable_params': 0, 'trainable_pct': 0.0, 'method': 'frozen'}",12.413124084472656,0.9409367265505852,
vlt5ckzw,v9,,0,,braindecode/arithmetic_zyma2019,frozen,flatten,3,ridge,median_std_clip,completed,"{'total_params': 12687872, 'trainable_params': 0, 'trainable_pct': 0.0, 'method': 'frozen'}",11.447320222854614,0.7083333333333333,
vlt5ckzw,v9,,0,,braindecode/bcic2a,frozen,flatten,3,ridge,median_std_clip,completed,"{'total_params': 12687872, 'trainable_params': 0, 'trainable_pct': 0.0, 'method': 'frozen'}",9.768284559249878,0.4224537037037037,
vlt5ckzw,v9,,0,,braindecode/bcic2020-3,frozen,flatten,3,ridge,median_std_clip,completed,"{'total_params': 12687872, 'trainable_params': 0, 'trainable_pct': 0.0, 'method': 'frozen'}",21.85243558883667,0.2693333333333333,
vlt5ckzw,v9,,0,,braindecode/physionet,frozen,flatten,3,ridge,median_std_clip,completed,"{'total_params': 12687872, 'trainable_params': 0, 'trainable_pct': 0.0, 'method': 'frozen'}",24.248809337615967,0.5449821909431712,
vlt5ckzw,v9,,0,,braindecode/chbmit,frozen,flatten,3,ridge,median_std_clip,completed,"{'total_params': 12687872, 'trainable_params': 0, 'trainable_pct': 0.0, 'method': 'frozen'}",54.042150259017944,0.7796377371448193,
vlt5ckzw,v9,,0,,braindecode/faced,frozen,flatten,3,ridge,median_std_clip,completed,"{'total_params': 12687872, 'trainable_params': 0, 'trainable_pct': 0.0, 'method': 'frozen'}",51.7437789440155,0.2795938964417225,
vlt5ckzw,v9,,0,,braindecode/isruc-sleep,frozen,flatten,3,ridge,median_std_clip,completed,"{'total_params': 12687872, 'trainable_params': 0, 'trainable_pct': 0.0, 'method': 'frozen'}",88.34878969192505,0.6672433844836181,
vlt5ckzw,v9,,0,,braindecode/mdd_mumtaz2016,frozen,flatten,3,ridge,median_std_clip,completed,"{'total_params': 12687872, 'trainable_params': 0, 'trainable_pct': 0.0, 'method': 'frozen'}",16.007607221603394,0.803050107619173,
vlt5ckzw,v9,,0,,braindecode/seed-v,frozen,flatten,3,ridge,median_std_clip,completed,"{'total_params': 12687872, 'trainable_params': 0, 'trainable_pct': 0.0, 'method': 'frozen'}",51.080344676971436,0.2649102570850249,
vlt5ckzw,v9,,0,,braindecode/seed-vig,frozen,flatten,3,ridge,median_std_clip,completed,"{'total_params': 12687872, 'trainable_params': 0, 'trainable_pct': 0.0, 'method': 'frozen'}",22.85212230682373,,-0.6031844449229717
vlt5ckzw,v9,,0,,braindecode/tuab,frozen,flatten,3,ridge,median_std_clip,completed,"{'total_params': 12687872, 'trainable_params': 0, 'trainable_pct': 0.0, 'method': 'frozen'}",61.79699993133545,0.7833391764655808,
vlt5ckzw,v9,,0,,braindecode/tuev,frozen,flatten,3,ridge,median_std_clip,completed,"{'total_params': 12687872, 'trainable_params': 0, 'trainable_pct': 0.0, 'method': 'frozen'}",13.262136936187744,0.8456697978395914,
vlt5ckzw,v9,,0,,braindecode/arithmetic_zyma2019,frozen,flatten,4,ridge,median_std_clip,completed,"{'total_params': 12687872, 'trainable_params': 0, 'trainable_pct': 0.0, 'method': 'frozen'}",12.516014575958252,0.7395833333333333,
vlt5ckzw,v9,,0,,braindecode/bcic2a,frozen,flatten,4,ridge,median_std_clip,completed,"{'total_params': 12687872, 'trainable_params': 0, 'trainable_pct': 0.0, 'method': 'frozen'}",8.990358591079712,0.42650462962962965,
vlt5ckzw,v9,,0,,braindecode/bcic2020-3,frozen,flatten,4,ridge,median_std_clip,completed,"{'total_params': 12687872, 'trainable_params': 0, 'trainable_pct': 0.0, 'method': 'frozen'}",19.41320276260376,0.2506666666666667,
vlt5ckzw,v9,,0,,braindecode/physionet,frozen,flatten,4,ridge,median_std_clip,completed,"{'total_params': 12687872, 'trainable_params': 0, 'trainable_pct': 0.0, 'method': 'frozen'}",25.1211154460907,0.5427082391676356,
vlt5ckzw,v9,,0,,braindecode/chbmit,frozen,flatten,4,ridge,median_std_clip,completed,"{'total_params': 12687872, 'trainable_params': 0, 'trainable_pct': 0.0, 'method': 'frozen'}",54.799259185791016,0.9091552922997682,
vlt5ckzw,v9,,0,,braindecode/faced,frozen,flatten,4,ridge,median_std_clip,completed,"{'total_params': 12687872, 'trainable_params': 0, 'trainable_pct': 0.0, 'method': 'frozen'}",51.78118109703064,0.28217359331489766,
vlt5ckzw,v9,,0,,braindecode/isruc-sleep,frozen,flatten,4,ridge,median_std_clip,completed,"{'total_params': 12687872, 'trainable_params': 0, 'trainable_pct': 0.0, 'method': 'frozen'}",88.43906688690186,0.6659198424251247,
vlt5ckzw,v9,,0,,braindecode/mdd_mumtaz2016,frozen,flatten,4,ridge,median_std_clip,completed,"{'total_params': 12687872, 'trainable_params': 0, 'trainable_pct': 0.0, 'method': 'frozen'}",16.2264347076416,0.830715789518715,
vlt5ckzw,v9,,0,,braindecode/seed-v,frozen,flatten,4,ridge,median_std_clip,completed,"{'total_params': 12687872, 'trainable_params': 0, 'trainable_pct': 0.0, 'method': 'frozen'}",49.240586280822754,0.26168399130374514,
vlt5ckzw,v9,,0,,braindecode/seed-vig,frozen,flatten,4,ridge,median_std_clip,completed,"{'total_params': 12687872, 'trainable_params': 0, 'trainable_pct': 0.0, 'method': 'frozen'}",22.905784130096436,,-0.5759805247976932
vlt5ckzw,v9,,0,,braindecode/tuab,frozen,flatten,4,ridge,median_std_clip,completed,"{'total_params': 12687872, 'trainable_params': 0, 'trainable_pct': 0.0, 'method': 'frozen'}",57.63541221618652,0.7750549963821117,
vlt5ckzw,v9,,0,,braindecode/tuev,frozen,flatten,4,ridge,median_std_clip,completed,"{'total_params': 12687872, 'trainable_params': 0, 'trainable_pct': 0.0, 'method': 'frozen'}",12.818797588348389,0.8430793138578663,
yncl6get,v9,,0,,braindecode/arithmetic_zyma2019,frozen,flatten,0,ridge,median_std_clip,completed,"{'total_params': 12687872, 'trainable_params': 0, 'trainable_pct': 0.0, 'method': 'frozen'}",11.37364935874939,0.7152777777777778,
yncl6get,v9,,0,,braindecode/bcic2a,frozen,flatten,0,ridge,median_std_clip,completed,"{'total_params': 12687872, 'trainable_params': 0, 'trainable_pct': 0.0, 'method': 'frozen'}",9.464069604873657,0.45833333333333337,
yncl6get,v9,,0,,braindecode/bcic2020-3,frozen,flatten,0,ridge,median_std_clip,completed,"{'total_params': 12687872, 'trainable_params': 0, 'trainable_pct': 0.0, 'method': 'frozen'}",21.565234184265137,0.2866666666666667,
yncl6get,v9,,0,,braindecode/physionet,frozen,flatten,0,ridge,median_std_clip,completed,"{'total_params': 12687872, 'trainable_params': 0, 'trainable_pct': 0.0, 'method': 'frozen'}",23.947763204574585,0.5806516274391912,
yncl6get,v9,,0,,braindecode/chbmit,frozen,flatten,0,ridge,median_std_clip,completed,"{'total_params': 12687872, 'trainable_params': 0, 'trainable_pct': 0.0, 'method': 'frozen'}",53.0923171043396,0.9041334020087561,
yncl6get,v9,,0,,braindecode/faced,frozen,flatten,0,ridge,median_std_clip,completed,"{'total_params': 12687872, 'trainable_params': 0, 'trainable_pct': 0.0, 'method': 'frozen'}",50.14141488075256,0.30469862263340525,
yncl6get,v9,,0,,braindecode/isruc-sleep,frozen,flatten,0,ridge,median_std_clip,completed,"{'total_params': 12687872, 'trainable_params': 0, 'trainable_pct': 0.0, 'method': 'frozen'}",88.0317029953003,0.6595458037231829,
yncl6get,v9,,0,,braindecode/mdd_mumtaz2016,frozen,flatten,0,ridge,median_std_clip,completed,"{'total_params': 12687872, 'trainable_params': 0, 'trainable_pct': 0.0, 'method': 'frozen'}",16.29593324661255,0.8244451181108028,
yncl6get,v9,,0,,braindecode/seed-v,frozen,flatten,0,ridge,median_std_clip,completed,"{'total_params': 12687872, 'trainable_params': 0, 'trainable_pct': 0.0, 'method': 'frozen'}",50.02508497238159,0.2811209770926549,
yncl6get,v9,,0,,braindecode/seed-vig,frozen,flatten,0,ridge,median_std_clip,completed,"{'total_params': 12687872, 'trainable_params': 0, 'trainable_pct': 0.0, 'method': 'frozen'}",22.99953866004944,,-0.12962954224875056
yncl6get,v9,,0,,braindecode/tuab,frozen,flatten,0,ridge,median_std_clip,completed,"{'total_params': 12687872, 'trainable_params': 0, 'trainable_pct': 0.0, 'method': 'frozen'}",57.12476468086243,0.8036836375122369,
yncl6get,v9,,0,,braindecode/tuev,frozen,flatten,0,ridge,median_std_clip,completed,"{'total_params': 12687872, 'trainable_params': 0, 'trainable_pct': 0.0, 'method': 'frozen'}",13.332346439361572,0.9529977759157098,
yncl6get,v9,,0,,braindecode/arithmetic_zyma2019,frozen,flatten,1,ridge,median_std_clip,completed,"{'total_params': 12687872, 'trainable_params': 0, 'trainable_pct': 0.0, 'method': 'frozen'}",12.77033805847168,0.6979166666666667,
yncl6get,v9,,0,,braindecode/bcic2a,frozen,flatten,1,ridge,median_std_clip,completed,"{'total_params': 12687872, 'trainable_params': 0, 'trainable_pct': 0.0, 'method': 'frozen'}",8.67734956741333,0.4473379629629629,
yncl6get,v9,,0,,braindecode/bcic2020-3,frozen,flatten,1,ridge,median_std_clip,completed,"{'total_params': 12687872, 'trainable_params': 0, 'trainable_pct': 0.0, 'method': 'frozen'}",19.51300597190857,0.27599999999999997,
yncl6get,v9,,0,,braindecode/physionet,frozen,flatten,1,ridge,median_std_clip,completed,"{'total_params': 12687872, 'trainable_params': 0, 'trainable_pct': 0.0, 'method': 'frozen'}",25.38092851638794,0.5778005217251571,
yncl6get,v9,,0,,braindecode/chbmit,frozen,flatten,1,ridge,median_std_clip,completed,"{'total_params': 12687872, 'trainable_params': 0, 'trainable_pct': 0.0, 'method': 'frozen'}",56.184536933898926,0.8802257704523994,
yncl6get,v9,,0,,braindecode/faced,frozen,flatten,1,ridge,median_std_clip,completed,"{'total_params': 12687872, 'trainable_params': 0, 'trainable_pct': 0.0, 'method': 'frozen'}",51.30401635169983,0.3200786230677535,
yncl6get,v9,,0,,braindecode/isruc-sleep,frozen,flatten,1,ridge,median_std_clip,completed,"{'total_params': 12687872, 'trainable_params': 0, 'trainable_pct': 0.0, 'method': 'frozen'}",88.38715887069702,0.6652783159040557,
yncl6get,v9,,0,,braindecode/mdd_mumtaz2016,frozen,flatten,1,ridge,median_std_clip,completed,"{'total_params': 12687872, 'trainable_params': 0, 'trainable_pct': 0.0, 'method': 'frozen'}",17.143730878829956,0.820661675615648,
yncl6get,v9,,0,,braindecode/seed-v,frozen,flatten,1,ridge,median_std_clip,completed,"{'total_params': 12687872, 'trainable_params': 0, 'trainable_pct': 0.0, 'method': 'frozen'}",50.548261404037476,0.2833191262060352,
yncl6get,v9,,0,,braindecode/seed-vig,frozen,flatten,1,ridge,median_std_clip,completed,"{'total_params': 12687872, 'trainable_params': 0, 'trainable_pct': 0.0, 'method': 'frozen'}",22.832756519317627,,-0.11596262318130512
yncl6get,v9,,0,,braindecode/tuab,frozen,flatten,1,ridge,median_std_clip,completed,"{'total_params': 12687872, 'trainable_params': 0, 'trainable_pct': 0.0, 'method': 'frozen'}",57.12875819206238,0.810336407604958,
yncl6get,v9,,0,,braindecode/tuev,frozen,flatten,1,ridge,median_std_clip,completed,"{'total_params': 12687872, 'trainable_params': 0, 'trainable_pct': 0.0, 'method': 'frozen'}",12.525032043457031,0.8953733556655469,
yncl6get,v9,,0,,braindecode/arithmetic_zyma2019,frozen,flatten,2,ridge,median_std_clip,completed,"{'total_params': 12687872, 'trainable_params': 0, 'trainable_pct': 0.0, 'method': 'frozen'}",11.926985502243042,0.6944444444444444,
yncl6get,v9,,0,,braindecode/bcic2a,frozen,flatten,2,ridge,median_std_clip,completed,"{'total_params': 12687872, 'trainable_params': 0, 'trainable_pct': 0.0, 'method': 'frozen'}",9.331938982009888,0.45601851851851855,
yncl6get,v9,,0,,braindecode/bcic2020-3,frozen,flatten,2,ridge,median_std_clip,completed,"{'total_params': 12687872, 'trainable_params': 0, 'trainable_pct': 0.0, 'method': 'frozen'}",21.142753839492798,0.21733333333333332,
yncl6get,v9,,0,,braindecode/physionet,frozen,flatten,2,ridge,median_std_clip,completed,"{'total_params': 12687872, 'trainable_params': 0, 'trainable_pct': 0.0, 'method': 'frozen'}",24.099942445755005,0.5761228697070077,
yncl6get,v9,,0,,braindecode/chbmit,frozen,flatten,2,ridge,median_std_clip,completed,"{'total_params': 12687872, 'trainable_params': 0, 'trainable_pct': 0.0, 'method': 'frozen'}",54.16473650932312,0.9029530431796722,
yncl6get,v9,,0,,braindecode/faced,frozen,flatten,2,ridge,median_std_clip,completed,"{'total_params': 12687872, 'trainable_params': 0, 'trainable_pct': 0.0, 'method': 'frozen'}",49.67959904670715,0.31594371811763117,
yncl6get,v9,,0,,braindecode/isruc-sleep,frozen,flatten,2,ridge,median_std_clip,completed,"{'total_params': 12687872, 'trainable_params': 0, 'trainable_pct': 0.0, 'method': 'frozen'}",86.28304433822632,0.6662273425630716,
yncl6get,v9,,0,,braindecode/mdd_mumtaz2016,frozen,flatten,2,ridge,median_std_clip,completed,"{'total_params': 12687872, 'trainable_params': 0, 'trainable_pct': 0.0, 'method': 'frozen'}",15.970134019851685,0.8131756824420617,
yncl6get,v9,,0,,braindecode/seed-v,frozen,flatten,2,ridge,median_std_clip,completed,"{'total_params': 12687872, 'trainable_params': 0, 'trainable_pct': 0.0, 'method': 'frozen'}",48.787731647491455,0.28438941466441836,
yncl6get,v9,,0,,braindecode/seed-vig,frozen,flatten,2,ridge,median_std_clip,completed,"{'total_params': 12687872, 'trainable_params': 0, 'trainable_pct': 0.0, 'method': 'frozen'}",23.479499578475952,,-0.3289973898526888
yncl6get,v9,,0,,braindecode/tuab,frozen,flatten,2,ridge,median_std_clip,completed,"{'total_params': 12687872, 'trainable_params': 0, 'trainable_pct': 0.0, 'method': 'frozen'}",56.510732650756836,0.8031135120846429,
yncl6get,v9,,0,,braindecode/tuev,frozen,flatten,2,ridge,median_std_clip,completed,"{'total_params': 12687872, 'trainable_params': 0, 'trainable_pct': 0.0, 'method': 'frozen'}",13.091887950897217,0.8925810649422217,
yncl6get,v9,,0,,braindecode/arithmetic_zyma2019,frozen,flatten,3,ridge,median_std_clip,completed,"{'total_params': 12687872, 'trainable_params': 0, 'trainable_pct': 0.0, 'method': 'frozen'}",11.411649703979492,0.7013888888888888,
yncl6get,v9,,0,,braindecode/bcic2a,frozen,flatten,3,ridge,median_std_clip,completed,"{'total_params': 12687872, 'trainable_params': 0, 'trainable_pct': 0.0, 'method': 'frozen'}",9.157160520553589,0.4565972222222222,
yncl6get,v9,,0,,braindecode/bcic2020-3,frozen,flatten,3,ridge,median_std_clip,completed,"{'total_params': 12687872, 'trainable_params': 0, 'trainable_pct': 0.0, 'method': 'frozen'}",21.491668939590454,0.28666666666666674,
yncl6get,v9,,0,,braindecode/physionet,frozen,flatten,3,ridge,median_std_clip,completed,"{'total_params': 12687872, 'trainable_params': 0, 'trainable_pct': 0.0, 'method': 'frozen'}",24.651169300079346,0.5755585356212289,
yncl6get,v9,,0,,braindecode/chbmit,frozen,flatten,3,ridge,median_std_clip,completed,"{'total_params': 12687872, 'trainable_params': 0, 'trainable_pct': 0.0, 'method': 'frozen'}",54.764541149139404,0.7890806077774917,
yncl6get,v9,,0,,braindecode/faced,frozen,flatten,3,ridge,median_std_clip,completed,"{'total_params': 12687872, 'trainable_params': 0, 'trainable_pct': 0.0, 'method': 'frozen'}",54.550299644470215,0.3141975777845343,
yncl6get,v9,,0,,braindecode/isruc-sleep,frozen,flatten,3,ridge,median_std_clip,completed,"{'total_params': 12687872, 'trainable_params': 0, 'trainable_pct': 0.0, 'method': 'frozen'}",91.56554627418518,0.6629781512452713,
yncl6get,v9,,0,,braindecode/mdd_mumtaz2016,frozen,flatten,3,ridge,median_std_clip,completed,"{'total_params': 12687872, 'trainable_params': 0, 'trainable_pct': 0.0, 'method': 'frozen'}",17.245264768600464,0.7964460491445009,
yncl6get,v9,,0,,braindecode/seed-v,frozen,flatten,3,ridge,median_std_clip,completed,"{'total_params': 12687872, 'trainable_params': 0, 'trainable_pct': 0.0, 'method': 'frozen'}",50.48222637176514,0.2835386206625409,
yncl6get,v9,,0,,braindecode/seed-vig,frozen,flatten,3,ridge,median_std_clip,completed,"{'total_params': 12687872, 'trainable_params': 0, 'trainable_pct': 0.0, 'method': 'frozen'}",19.14409589767456,,-0.11571865706030415
yncl6get,v9,,0,,braindecode/tuab,frozen,flatten,3,ridge,median_std_clip,completed,"{'total_params': 12687872, 'trainable_params': 0, 'trainable_pct': 0.0, 'method': 'frozen'}",58.924121379852295,0.8025828698030659,
yncl6get,v9,,0,,braindecode/tuev,frozen,flatten,3,ridge,median_std_clip,completed,"{'total_params': 12687872, 'trainable_params': 0, 'trainable_pct': 0.0, 'method': 'frozen'}",13.073898553848267,0.894590294624216,
yncl6get,v9,,0,,braindecode/arithmetic_zyma2019,frozen,flatten,4,ridge,median_std_clip,completed,"{'total_params': 12687872, 'trainable_params': 0, 'trainable_pct': 0.0, 'method': 'frozen'}",11.703638553619385,0.6840277777777778,
yncl6get,v9,,0,,braindecode/bcic2a,frozen,flatten,4,ridge,median_std_clip,completed,"{'total_params': 12687872, 'trainable_params': 0, 'trainable_pct': 0.0, 'method': 'frozen'}",9.225550651550293,0.44907407407407407,
yncl6get,v9,,0,,braindecode/bcic2020-3,frozen,flatten,4,ridge,median_std_clip,completed,"{'total_params': 12687872, 'trainable_params': 0, 'trainable_pct': 0.0, 'method': 'frozen'}",22.893861055374146,0.2693333333333333,
yncl6get,v9,,0,,braindecode/physionet,frozen,flatten,4,ridge,median_std_clip,completed,"{'total_params': 12687872, 'trainable_params': 0, 'trainable_pct': 0.0, 'method': 'frozen'}",24.253786087036133,0.5840363262281238,
yncl6get,v9,,0,,braindecode/chbmit,frozen,flatten,4,ridge,median_std_clip,completed,"{'total_params': 12687872, 'trainable_params': 0, 'trainable_pct': 0.0, 'method': 'frozen'}",53.43267321586609,0.9036612584771225,
yncl6get,v9,,0,,braindecode/faced,frozen,flatten,4,ridge,median_std_clip,completed,"{'total_params': 12687872, 'trainable_params': 0, 'trainable_pct': 0.0, 'method': 'frozen'}",51.61564898490906,0.3043805530218574,
yncl6get,v9,,0,,braindecode/isruc-sleep,frozen,flatten,4,ridge,median_std_clip,completed,"{'total_params': 12687872, 'trainable_params': 0, 'trainable_pct': 0.0, 'method': 'frozen'}",87.72913455963135,0.6567828282204676,
yncl6get,v9,,0,,braindecode/mdd_mumtaz2016,frozen,flatten,4,ridge,median_std_clip,completed,"{'total_params': 12687872, 'trainable_params': 0, 'trainable_pct': 0.0, 'method': 'frozen'}",15.616238832473755,0.8267933628264379,
yncl6get,v9,,0,,braindecode/seed-v,frozen,flatten,4,ridge,median_std_clip,completed,"{'total_params': 12687872, 'trainable_params': 0, 'trainable_pct': 0.0, 'method': 'frozen'}",48.59220242500305,0.2816921197819723,
yncl6get,v9,,0,,braindecode/seed-vig,frozen,flatten,4,ridge,median_std_clip,completed,"{'total_params': 12687872, 'trainable_params': 0, 'trainable_pct': 0.0, 'method': 'frozen'}",23.281856775283813,,-0.12410923077568525
yncl6get,v9,,0,,braindecode/tuab,frozen,flatten,4,ridge,median_std_clip,completed,"{'total_params': 12687872, 'trainable_params': 0, 'trainable_pct': 0.0, 'method': 'frozen'}",55.83362793922424,0.8030432264842863,
yncl6get,v9,,0,,braindecode/tuev,frozen,flatten,4,ridge,median_std_clip,completed,"{'total_params': 12687872, 'trainable_params': 0, 'trainable_pct': 0.0, 'method': 'frozen'}",12.536746978759766,0.8947514651182832,
ado2flzb,v9,,0,,braindecode/arithmetic_zyma2019,frozen,flatten,0,ridge,median_std_clip,completed,"{'total_params': 12687872, 'trainable_params': 0, 'trainable_pct': 0.0, 'method': 'frozen'}",11.582138299942017,0.7222222222222222,
ado2flzb,v9,,0,,braindecode/bcic2a,frozen,flatten,0,ridge,median_std_clip,completed,"{'total_params': 12687872, 'trainable_params': 0, 'trainable_pct': 0.0, 'method': 'frozen'}",9.378590822219849,0.46469907407407407,
ado2flzb,v9,,0,,braindecode/bcic2020-3,frozen,flatten,0,ridge,median_std_clip,completed,"{'total_params': 12687872, 'trainable_params': 0, 'trainable_pct': 0.0, 'method': 'frozen'}",21.833348512649536,0.2853333333333333,
ado2flzb,v9,,0,,braindecode/physionet,frozen,flatten,0,ridge,median_std_clip,completed,"{'total_params': 12687872, 'trainable_params': 0, 'trainable_pct': 0.0, 'method': 'frozen'}",23.885197162628174,0.5693598444181748,
ado2flzb,v9,,0,,braindecode/chbmit,frozen,flatten,0,ridge,median_std_clip,completed,"{'total_params': 12687872, 'trainable_params': 0, 'trainable_pct': 0.0, 'method': 'frozen'}",54.42872452735901,0.8814061292814834,
ado2flzb,v9,,0,,braindecode/faced,frozen,flatten,0,ridge,median_std_clip,completed,"{'total_params': 12687872, 'trainable_params': 0, 'trainable_pct': 0.0, 'method': 'frozen'}",50.89637613296509,0.3144605997866867,
ado2flzb,v9,,0,,braindecode/isruc-sleep,frozen,flatten,0,ridge,median_std_clip,completed,"{'total_params': 12687872, 'trainable_params': 0, 'trainable_pct': 0.0, 'method': 'frozen'}",88.987872838974,0.6535178551141048,
ado2flzb,v9,,0,,braindecode/mdd_mumtaz2016,frozen,flatten,0,ridge,median_std_clip,completed,"{'total_params': 12687872, 'trainable_params': 0, 'trainable_pct': 0.0, 'method': 'frozen'}",17.73553204536438,0.8445265602252214,
ado2flzb,v9,,0,,braindecode/seed-v,frozen,flatten,0,ridge,median_std_clip,completed,"{'total_params': 12687872, 'trainable_params': 0, 'trainable_pct': 0.0, 'method': 'frozen'}",51.99785327911377,0.2896130798511577,
ado2flzb,v9,,0,,braindecode/seed-vig,frozen,flatten,0,ridge,median_std_clip,completed,"{'total_params': 12687872, 'trainable_params': 0, 'trainable_pct': 0.0, 'method': 'frozen'}",22.817092895507812,,-0.10202845824054396
ado2flzb,v9,,0,,braindecode/tuab,frozen,flatten,0,ridge,median_std_clip,completed,"{'total_params': 12687872, 'trainable_params': 0, 'trainable_pct': 0.0, 'method': 'frozen'}",56.87723660469055,0.8124763381146209,
ado2flzb,v9,,0,,braindecode/tuev,frozen,flatten,0,ridge,median_std_clip,completed,"{'total_params': 12687872, 'trainable_params': 0, 'trainable_pct': 0.0, 'method': 'frozen'}",13.207814693450928,0.9547742707254708,
ado2flzb,v9,,0,,braindecode/arithmetic_zyma2019,frozen,flatten,1,ridge,median_std_clip,completed,"{'total_params': 12687872, 'trainable_params': 0, 'trainable_pct': 0.0, 'method': 'frozen'}",11.982532501220703,0.6944444444444444,
ado2flzb,v9,,0,,braindecode/bcic2a,frozen,flatten,1,ridge,median_std_clip,completed,"{'total_params': 12687872, 'trainable_params': 0, 'trainable_pct': 0.0, 'method': 'frozen'}",9.643887996673584,0.46469907407407407,
ado2flzb,v9,,0,,braindecode/bcic2020-3,frozen,flatten,1,ridge,median_std_clip,completed,"{'total_params': 12687872, 'trainable_params': 0, 'trainable_pct': 0.0, 'method': 'frozen'}",21.13212490081787,0.244,
ado2flzb,v9,,0,,braindecode/physionet,frozen,flatten,1,ridge,median_std_clip,completed,"{'total_params': 12687872, 'trainable_params': 0, 'trainable_pct': 0.0, 'method': 'frozen'}",23.929903507232666,0.5534702536452446,
ado2flzb,v9,,0,,braindecode/chbmit,frozen,flatten,1,ridge,median_std_clip,completed,"{'total_params': 12687872, 'trainable_params': 0, 'trainable_pct': 0.0, 'method': 'frozen'}",56.05862545967102,0.8795175551549489,
ado2flzb,v9,,0,,braindecode/faced,frozen,flatten,1,ridge,median_std_clip,completed,"{'total_params': 12687872, 'trainable_params': 0, 'trainable_pct': 0.0, 'method': 'frozen'}",52.20353960990906,0.3095995188386493,
ado2flzb,v9,,0,,braindecode/isruc-sleep,frozen,flatten,1,ridge,median_std_clip,completed,"{'total_params': 12687872, 'trainable_params': 0, 'trainable_pct': 0.0, 'method': 'frozen'}",86.91385698318481,0.6651186656155189,
ado2flzb,v9,,0,,braindecode/mdd_mumtaz2016,frozen,flatten,1,ridge,median_std_clip,completed,"{'total_params': 12687872, 'trainable_params': 0, 'trainable_pct': 0.0, 'method': 'frozen'}",16.524107456207275,0.8455191864305533,
ado2flzb,v9,,0,,braindecode/seed-v,frozen,flatten,1,ridge,median_std_clip,completed,"{'total_params': 12687872, 'trainable_params': 0, 'trainable_pct': 0.0, 'method': 'frozen'}",49.79366421699524,0.2892484946530993,
ado2flzb,v9,,0,,braindecode/seed-vig,frozen,flatten,1,ridge,median_std_clip,completed,"{'total_params': 12687872, 'trainable_params': 0, 'trainable_pct': 0.0, 'method': 'frozen'}",23.50634741783142,,-0.10304492218067018
ado2flzb,v9,,0,,braindecode/tuab,frozen,flatten,1,ridge,median_std_clip,completed,"{'total_params': 12687872, 'trainable_params': 0, 'trainable_pct': 0.0, 'method': 'frozen'}",55.41273069381714,0.8106869955398046,
ado2flzb,v9,,0,,braindecode/tuev,frozen,flatten,1,ridge,median_std_clip,completed,"{'total_params': 12687872, 'trainable_params': 0, 'trainable_pct': 0.0, 'method': 'frozen'}",12.39717698097229,0.951387630575157,
ado2flzb,v9,,0,,braindecode/arithmetic_zyma2019,frozen,flatten,2,ridge,median_std_clip,completed,"{'total_params': 12687872, 'trainable_params': 0, 'trainable_pct': 0.0, 'method': 'frozen'}",11.908591747283936,0.7222222222222223,
ado2flzb,v9,,0,,braindecode/bcic2a,frozen,flatten,2,ridge,median_std_clip,completed,"{'total_params': 12687872, 'trainable_params': 0, 'trainable_pct': 0.0, 'method': 'frozen'}",9.365903377532959,0.42071759259259256,
ado2flzb,v9,,0,,braindecode/bcic2020-3,frozen,flatten,2,ridge,median_std_clip,completed,"{'total_params': 12687872, 'trainable_params': 0, 'trainable_pct': 0.0, 'method': 'frozen'}",19.562414169311523,0.2653333333333333,
ado2flzb,v9,,0,,braindecode/physionet,frozen,flatten,2,ridge,median_std_clip,completed,"{'total_params': 12687872, 'trainable_params': 0, 'trainable_pct': 0.0, 'method': 'frozen'}",25.214040517807007,0.5733011992781138,
ado2flzb,v9,,0,,braindecode/chbmit,frozen,flatten,2,ridge,median_std_clip,completed,"{'total_params': 12687872, 'trainable_params': 0, 'trainable_pct': 0.0, 'method': 'frozen'}",54.03294324874878,0.8586788565542107,
ado2flzb,v9,,0,,braindecode/faced,frozen,flatten,2,ridge,median_std_clip,completed,"{'total_params': 12687872, 'trainable_params': 0, 'trainable_pct': 0.0, 'method': 'frozen'}",51.88433814048767,0.32252937280111194,
ado2flzb,v9,,0,,braindecode/isruc-sleep,frozen,flatten,2,ridge,median_std_clip,completed,"{'total_params': 12687872, 'trainable_params': 0, 'trainable_pct': 0.0, 'method': 'frozen'}",88.67498993873596,0.6689374021325564,
ado2flzb,v9,,0,,braindecode/mdd_mumtaz2016,frozen,flatten,2,ridge,median_std_clip,completed,"{'total_params': 12687872, 'trainable_params': 0, 'trainable_pct': 0.0, 'method': 'frozen'}",16.100186586380005,0.8410453925596251,
ado2flzb,v9,,0,,braindecode/seed-v,frozen,flatten,2,ridge,median_std_clip,completed,"{'total_params': 12687872, 'trainable_params': 0, 'trainable_pct': 0.0, 'method': 'frozen'}",50.531917333602905,0.28929275620392614,
ado2flzb,v9,,0,,braindecode/seed-vig,frozen,flatten,2,ridge,median_std_clip,completed,"{'total_params': 12687872, 'trainable_params': 0, 'trainable_pct': 0.0, 'method': 'frozen'}",23.70584011077881,,-0.1136659452427784
ado2flzb,v9,,0,,braindecode/tuab,frozen,flatten,2,ridge,median_std_clip,completed,"{'total_params': 12687872, 'trainable_params': 0, 'trainable_pct': 0.0, 'method': 'frozen'}",59.59605836868286,0.8020695889048439,
ado2flzb,v9,,0,,braindecode/tuev,frozen,flatten,2,ridge,median_std_clip,completed,"{'total_params': 12687872, 'trainable_params': 0, 'trainable_pct': 0.0, 'method': 'frozen'}",13.445284366607666,0.8986387999207913,
ado2flzb,v9,,0,,braindecode/arithmetic_zyma2019,frozen,flatten,3,ridge,median_std_clip,completed,"{'total_params': 12687872, 'trainable_params': 0, 'trainable_pct': 0.0, 'method': 'frozen'}",12.695935010910034,0.7118055555555556,
ado2flzb,v9,,0,,braindecode/bcic2a,frozen,flatten,3,ridge,median_std_clip,completed,"{'total_params': 12687872, 'trainable_params': 0, 'trainable_pct': 0.0, 'method': 'frozen'}",9.1127769947052,0.48900462962962965,
ado2flzb,v9,,0,,braindecode/bcic2020-3,frozen,flatten,3,ridge,median_std_clip,completed,"{'total_params': 12687872, 'trainable_params': 0, 'trainable_pct': 0.0, 'method': 'frozen'}",20.985015630722046,0.28933333333333333,
ado2flzb,v9,,0,,braindecode/physionet,frozen,flatten,3,ridge,median_std_clip,completed,"{'total_params': 12687872, 'trainable_params': 0, 'trainable_pct': 0.0, 'method': 'frozen'}",23.89039373397827,0.5817751595631596,
ado2flzb,v9,,0,,braindecode/chbmit,frozen,flatten,3,ridge,median_std_clip,completed,"{'total_params': 12687872, 'trainable_params': 0, 'trainable_pct': 0.0, 'method': 'frozen'}",54.918123722076416,0.9396729332989956,
ado2flzb,v9,,0,,braindecode/faced,frozen,flatten,3,ridge,median_std_clip,completed,"{'total_params': 12687872, 'trainable_params': 0, 'trainable_pct': 0.0, 'method': 'frozen'}",51.75993537902832,0.3290016143277013,
ado2flzb,v9,,0,,braindecode/isruc-sleep,frozen,flatten,3,ridge,median_std_clip,completed,"{'total_params': 12687872, 'trainable_params': 0, 'trainable_pct': 0.0, 'method': 'frozen'}",88.72701597213745,0.6679821866393355,
ado2flzb,v9,,0,,braindecode/mdd_mumtaz2016,frozen,flatten,3,ridge,median_std_clip,completed,"{'total_params': 12687872, 'trainable_params': 0, 'trainable_pct': 0.0, 'method': 'frozen'}",16.574820280075073,0.8365700916897075,
ado2flzb,v9,,0,,braindecode/seed-v,frozen,flatten,3,ridge,median_std_clip,completed,"{'total_params': 12687872, 'trainable_params': 0, 'trainable_pct': 0.0, 'method': 'frozen'}",49.175668239593506,0.2806257391663399,
ado2flzb,v9,,0,,braindecode/seed-vig,frozen,flatten,3,ridge,median_std_clip,completed,"{'total_params': 12687872, 'trainable_params': 0, 'trainable_pct': 0.0, 'method': 'frozen'}",22.981481313705444,,-0.10745801704241131
ado2flzb,v9,,0,,braindecode/tuab,frozen,flatten,3,ridge,median_std_clip,completed,"{'total_params': 12687872, 'trainable_params': 0, 'trainable_pct': 0.0, 'method': 'frozen'}",57.526894092559814,0.804968379880509,
ado2flzb,v9,,0,,braindecode/tuev,frozen,flatten,3,ridge,median_std_clip,completed,"{'total_params': 12687872, 'trainable_params': 0, 'trainable_pct': 0.0, 'method': 'frozen'}",13.043084621429443,0.8908059328133722,
ado2flzb,v9,,0,,braindecode/arithmetic_zyma2019,frozen,flatten,4,ridge,median_std_clip,completed,"{'total_params': 12687872, 'trainable_params': 0, 'trainable_pct': 0.0, 'method': 'frozen'}",11.365164995193481,0.7291666666666667,
ado2flzb,v9,,0,,braindecode/bcic2a,frozen,flatten,4,ridge,median_std_clip,completed,"{'total_params': 12687872, 'trainable_params': 0, 'trainable_pct': 0.0, 'method': 'frozen'}",9.04223918914795,0.4704861111111111,
ado2flzb,v9,,0,,braindecode/bcic2020-3,frozen,flatten,4,ridge,median_std_clip,completed,"{'total_params': 12687872, 'trainable_params': 0, 'trainable_pct': 0.0, 'method': 'frozen'}",22.486114501953125,0.27999999999999997,
ado2flzb,v9,,0,,braindecode/physionet,frozen,flatten,4,ridge,median_std_clip,completed,"{'total_params': 12687872, 'trainable_params': 0, 'trainable_pct': 0.0, 'method': 'frozen'}",21.754867553710938,0.5625507336696327,
ado2flzb,v9,,0,,braindecode/chbmit,frozen,flatten,4,ridge,median_std_clip,completed,"{'total_params': 12687872, 'trainable_params': 0, 'trainable_pct': 0.0, 'method': 'frozen'}",52.970149755477905,0.8809339857498497,
ado2flzb,v9,,0,,braindecode/faced,frozen,flatten,4,ridge,median_std_clip,completed,"{'total_params': 12687872, 'trainable_params': 0, 'trainable_pct': 0.0, 'method': 'frozen'}",50.05070972442627,0.327833850931677,
ado2flzb,v9,,0,,braindecode/isruc-sleep,frozen,flatten,4,ridge,median_std_clip,completed,"{'total_params': 12687872, 'trainable_params': 0, 'trainable_pct': 0.0, 'method': 'frozen'}",88.4824275970459,0.6696570912767442,
ado2flzb,v9,,0,,braindecode/mdd_mumtaz2016,frozen,flatten,4,ridge,median_std_clip,completed,"{'total_params': 12687872, 'trainable_params': 0, 'trainable_pct': 0.0, 'method': 'frozen'}",16.258650302886963,0.8415051244771443,
ado2flzb,v9,,0,,braindecode/seed-v,frozen,flatten,4,ridge,median_std_clip,completed,"{'total_params': 12687872, 'trainable_params': 0, 'trainable_pct': 0.0, 'method': 'frozen'}",50.33929991722107,0.28895537562545803,
ado2flzb,v9,,0,,braindecode/seed-vig,frozen,flatten,4,ridge,median_std_clip,completed,"{'total_params': 12687872, 'trainable_params': 0, 'trainable_pct': 0.0, 'method': 'frozen'}",23.84425401687622,,-0.11300999504557097
ado2flzb,v9,,0,,braindecode/tuab,frozen,flatten,4,ridge,median_std_clip,completed,"{'total_params': 12687872, 'trainable_params': 0, 'trainable_pct': 0.0, 'method': 'frozen'}",57.05589056015015,0.8113842510971274,
ado2flzb,v9,,0,,braindecode/tuev,frozen,flatten,4,ridge,median_std_clip,completed,"{'total_params': 12687872, 'trainable_params': 0, 'trainable_pct': 0.0, 'method': 'frozen'}",13.254704475402832,0.8971349633832674,
v78z6b50,v9,,0,,braindecode/arithmetic_zyma2019,frozen,flatten,0,ridge,median_std_clip,completed,"{'total_params': 12687872, 'trainable_params': 0, 'trainable_pct': 0.0, 'method': 'frozen'}",12.751244306564331,0.7326388888888888,
v78z6b50,v9,,0,,braindecode/bcic2a,frozen,flatten,0,ridge,median_std_clip,completed,"{'total_params': 12687872, 'trainable_params': 0, 'trainable_pct': 0.0, 'method': 'frozen'}",9.607076644897461,0.48321759259259256,
v78z6b50,v9,,0,,braindecode/bcic2020-3,frozen,flatten,0,ridge,median_std_clip,completed,"{'total_params': 12687872, 'trainable_params': 0, 'trainable_pct': 0.0, 'method': 'frozen'}",22.139114379882812,0.2613333333333333,
v78z6b50,v9,,0,,braindecode/physionet,frozen,flatten,0,ridge,median_std_clip,completed,"{'total_params': 12687872, 'trainable_params': 0, 'trainable_pct': 0.0, 'method': 'frozen'}",23.69474697113037,0.5710272590832941,
v78z6b50,v9,,0,,braindecode/chbmit,frozen,flatten,0,ridge,median_std_clip,completed,"{'total_params': 12687872, 'trainable_params': 0, 'trainable_pct': 0.0, 'method': 'frozen'}",56.19404697418213,0.9038973302429394,
v78z6b50,v9,,0,,braindecode/faced,frozen,flatten,0,ridge,median_std_clip,completed,"{'total_params': 12687872, 'trainable_params': 0, 'trainable_pct': 0.0, 'method': 'frozen'}",53.50636577606201,0.3244230105643149,
v78z6b50,v9,,0,,braindecode/isruc-sleep,frozen,flatten,0,ridge,median_std_clip,completed,"{'total_params': 12687872, 'trainable_params': 0, 'trainable_pct': 0.0, 'method': 'frozen'}",88.63591933250427,0.662223018304051,
v78z6b50,v9,,0,,braindecode/mdd_mumtaz2016,frozen,flatten,0,ridge,median_std_clip,completed,"{'total_params': 12687872, 'trainable_params': 0, 'trainable_pct': 0.0, 'method': 'frozen'}",16.871886730194092,0.8222822342708682,
v78z6b50,v9,,0,,braindecode/seed-v,frozen,flatten,0,ridge,median_std_clip,completed,"{'total_params': 12687872, 'trainable_params': 0, 'trainable_pct': 0.0, 'method': 'frozen'}",50.531203746795654,0.2878110169920063,
v78z6b50,v9,,0,,braindecode/seed-vig,frozen,flatten,0,ridge,median_std_clip,completed,"{'total_params': 12687872, 'trainable_params': 0, 'trainable_pct': 0.0, 'method': 'frozen'}",22.81411647796631,,-0.17794078568295157
v78z6b50,v9,,0,,braindecode/tuab,frozen,flatten,0,ridge,median_std_clip,completed,"{'total_params': 12687872, 'trainable_params': 0, 'trainable_pct': 0.0, 'method': 'frozen'}",57.37031316757202,0.7999383390868584,
v78z6b50,v9,,0,,braindecode/tuev,frozen,flatten,0,ridge,median_std_clip,completed,"{'total_params': 12687872, 'trainable_params': 0, 'trainable_pct': 0.0, 'method': 'frozen'}",12.470669269561768,0.8976053915533632,
v78z6b50,v9,,0,,braindecode/arithmetic_zyma2019,frozen,flatten,1,ridge,median_std_clip,completed,"{'total_params': 12687872, 'trainable_params': 0, 'trainable_pct': 0.0, 'method': 'frozen'}",11.88364291191101,0.7291666666666667,
v78z6b50,v9,,0,,braindecode/bcic2a,frozen,flatten,1,ridge,median_std_clip,completed,"{'total_params': 12687872, 'trainable_params': 0, 'trainable_pct': 0.0, 'method': 'frozen'}",9.16020154953003,0.44907407407407407,
v78z6b50,v9,,0,,braindecode/bcic2020-3,frozen,flatten,1,ridge,median_std_clip,completed,"{'total_params': 12687872, 'trainable_params': 0, 'trainable_pct': 0.0, 'method': 'frozen'}",21.316699266433716,0.2746666666666666,
v78z6b50,v9,,0,,braindecode/physionet,frozen,flatten,1,ridge,median_std_clip,completed,"{'total_params': 12687872, 'trainable_params': 0, 'trainable_pct': 0.0, 'method': 'frozen'}",23.986204624176025,0.5613747032644163,
v78z6b50,v9,,0,,braindecode/chbmit,frozen,flatten,1,ridge,median_std_clip,completed,"{'total_params': 12687872, 'trainable_params': 0, 'trainable_pct': 0.0, 'method': 'frozen'}",54.087753772735596,0.9031891149454889,
v78z6b50,v9,,0,,braindecode/faced,frozen,flatten,1,ridge,median_std_clip,completed,"{'total_params': 12687872, 'trainable_params': 0, 'trainable_pct': 0.0, 'method': 'frozen'}",49.63538575172424,0.3185161758531324,
v78z6b50,v9,,0,,braindecode/isruc-sleep,frozen,flatten,1,ridge,median_std_clip,completed,"{'total_params': 12687872, 'trainable_params': 0, 'trainable_pct': 0.0, 'method': 'frozen'}",86.07599139213562,0.6628207587416084,
v78z6b50,v9,,0,,braindecode/mdd_mumtaz2016,frozen,flatten,1,ridge,median_std_clip,completed,"{'total_params': 12687872, 'trainable_params': 0, 'trainable_pct': 0.0, 'method': 'frozen'}",15.490177869796753,0.8372619500644705,
v78z6b50,v9,,0,,braindecode/seed-v,frozen,flatten,1,ridge,median_std_clip,completed,"{'total_params': 12687872, 'trainable_params': 0, 'trainable_pct': 0.0, 'method': 'frozen'}",50.3723030090332,0.28859092003591397,
v78z6b50,v9,,0,,braindecode/seed-vig,frozen,flatten,1,ridge,median_std_clip,completed,"{'total_params': 12687872, 'trainable_params': 0, 'trainable_pct': 0.0, 'method': 'frozen'}",19.090299129486084,,-0.1603535959741258
v78z6b50,v9,,0,,braindecode/tuab,frozen,flatten,1,ridge,median_std_clip,completed,"{'total_params': 12687872, 'trainable_params': 0, 'trainable_pct': 0.0, 'method': 'frozen'}",56.52109241485596,0.8065208235792227,
v78z6b50,v9,,0,,braindecode/tuev,frozen,flatten,1,ridge,median_std_clip,completed,"{'total_params': 12687872, 'trainable_params': 0, 'trainable_pct': 0.0, 'method': 'frozen'}",13.192803382873535,0.8970076669311684,
v78z6b50,v9,,0,,braindecode/arithmetic_zyma2019,frozen,flatten,2,ridge,median_std_clip,completed,"{'total_params': 12687872, 'trainable_params': 0, 'trainable_pct': 0.0, 'method': 'frozen'}",11.455115795135498,0.7326388888888888,
v78z6b50,v9,,0,,braindecode/bcic2a,frozen,flatten,2,ridge,median_std_clip,completed,"{'total_params': 12687872, 'trainable_params': 0, 'trainable_pct': 0.0, 'method': 'frozen'}",9.412412643432617,0.4681712962962963,
v78z6b50,v9,,0,,braindecode/bcic2020-3,frozen,flatten,2,ridge,median_std_clip,completed,"{'total_params': 12687872, 'trainable_params': 0, 'trainable_pct': 0.0, 'method': 'frozen'}",21.064510107040405,0.2666666666666667,
v78z6b50,v9,,0,,braindecode/physionet,frozen,flatten,2,ridge,median_std_clip,completed,"{'total_params': 12687872, 'trainable_params': 0, 'trainable_pct': 0.0, 'method': 'frozen'}",24.100414752960205,0.5806413900861612,
v78z6b50,v9,,0,,braindecode/chbmit,frozen,flatten,2,ridge,median_std_clip,completed,"{'total_params': 12687872, 'trainable_params': 0, 'trainable_pct': 0.0, 'method': 'frozen'}",55.30398201942444,0.8790454116233153,
v78z6b50,v9,,0,,braindecode/faced,frozen,flatten,2,ridge,median_std_clip,completed,"{'total_params': 12687872, 'trainable_params': 0, 'trainable_pct': 0.0, 'method': 'frozen'}",54.35770344734192,0.3181771429054038,
v78z6b50,v9,,0,,braindecode/isruc-sleep,frozen,flatten,2,ridge,median_std_clip,completed,"{'total_params': 12687872, 'trainable_params': 0, 'trainable_pct': 0.0, 'method': 'frozen'}",90.73084568977356,0.6579850902533704,
v78z6b50,v9,,0,,braindecode/mdd_mumtaz2016,frozen,flatten,2,ridge,median_std_clip,completed,"{'total_params': 12687872, 'trainable_params': 0, 'trainable_pct': 0.0, 'method': 'frozen'}",16.269158363342285,0.8406480795679909,
v78z6b50,v9,,0,,braindecode/seed-v,frozen,flatten,2,ridge,median_std_clip,completed,"{'total_params': 12687872, 'trainable_params': 0, 'trainable_pct': 0.0, 'method': 'frozen'}",50.43961310386658,0.2896082721456712,
v78z6b50,v9,,0,,braindecode/seed-vig,frozen,flatten,2,ridge,median_std_clip,completed,"{'total_params': 12687872, 'trainable_params': 0, 'trainable_pct': 0.0, 'method': 'frozen'}",19.151004314422607,,-0.15979373225817484
v78z6b50,v9,,0,,braindecode/tuab,frozen,flatten,2,ridge,median_std_clip,completed,"{'total_params': 12687872, 'trainable_params': 0, 'trainable_pct': 0.0, 'method': 'frozen'}",58.88673400878906,0.8025386262777419,
v78z6b50,v9,,0,,braindecode/tuev,frozen,flatten,2,ridge,median_std_clip,completed,"{'total_params': 12687872, 'trainable_params': 0, 'trainable_pct': 0.0, 'method': 'frozen'}",13.037842035293579,0.9547532712612486,
v78z6b50,v9,,0,,braindecode/arithmetic_zyma2019,frozen,flatten,3,ridge,median_std_clip,completed,"{'total_params': 12687872, 'trainable_params': 0, 'trainable_pct': 0.0, 'method': 'frozen'}",11.66092562675476,0.75,
v78z6b50,v9,,0,,braindecode/bcic2a,frozen,flatten,3,ridge,median_std_clip,completed,"{'total_params': 12687872, 'trainable_params': 0, 'trainable_pct': 0.0, 'method': 'frozen'}",9.706877946853638,0.4369212962962963,
v78z6b50,v9,,0,,braindecode/bcic2020-3,frozen,flatten,3,ridge,median_std_clip,completed,"{'total_params': 12687872, 'trainable_params': 0, 'trainable_pct': 0.0, 'method': 'frozen'}",21.405611038208008,0.2813333333333333,
v78z6b50,v9,,0,,braindecode/physionet,frozen,flatten,3,ridge,median_std_clip,completed,"{'total_params': 12687872, 'trainable_params': 0, 'trainable_pct': 0.0, 'method': 'frozen'}",24.32388925552368,0.5698576183381844,
v78z6b50,v9,,0,,braindecode/chbmit,frozen,flatten,3,ridge,median_std_clip,completed,"{'total_params': 12687872, 'trainable_params': 0, 'trainable_pct': 0.0, 'method': 'frozen'}",53.307626724243164,0.8783371963258648,
v78z6b50,v9,,0,,braindecode/faced,frozen,flatten,3,ridge,median_std_clip,completed,"{'total_params': 12687872, 'trainable_params': 0, 'trainable_pct': 0.0, 'method': 'frozen'}",51.73240256309509,0.3195103507603507,
v78z6b50,v9,,0,,braindecode/isruc-sleep,frozen,flatten,3,ridge,median_std_clip,completed,"{'total_params': 12687872, 'trainable_params': 0, 'trainable_pct': 0.0, 'method': 'frozen'}",87.33487701416016,0.668660287635215,
v78z6b50,v9,,0,,braindecode/mdd_mumtaz2016,frozen,flatten,3,ridge,median_std_clip,completed,"{'total_params': 12687872, 'trainable_params': 0, 'trainable_pct': 0.0, 'method': 'frozen'}",15.79392695426941,0.8171929528449322,
v78z6b50,v9,,0,,braindecode/seed-v,frozen,flatten,3,ridge,median_std_clip,completed,"{'total_params': 12687872, 'trainable_params': 0, 'trainable_pct': 0.0, 'method': 'frozen'}",48.427364110946655,0.28844563520464894,
v78z6b50,v9,,0,,braindecode/seed-vig,frozen,flatten,3,ridge,median_std_clip,completed,"{'total_params': 12687872, 'trainable_params': 0, 'trainable_pct': 0.0, 'method': 'frozen'}",23.90588879585266,,-0.17589869030196725
v78z6b50,v9,,0,,braindecode/tuab,frozen,flatten,3,ridge,median_std_clip,completed,"{'total_params': 12687872, 'trainable_params': 0, 'trainable_pct': 0.0, 'method': 'frozen'}",55.416706800460815,0.80606914758968,
v78z6b50,v9,,0,,braindecode/tuev,frozen,flatten,3,ridge,median_std_clip,completed,"{'total_params': 12687872, 'trainable_params': 0, 'trainable_pct': 0.0, 'method': 'frozen'}",12.4337739944458,0.8978281977591854,
v78z6b50,v9,,0,,braindecode/arithmetic_zyma2019,frozen,flatten,4,ridge,median_std_clip,completed,"{'total_params': 12687872, 'trainable_params': 0, 'trainable_pct': 0.0, 'method': 'frozen'}",11.644696712493896,0.7361111111111112,
v78z6b50,v9,,0,,braindecode/bcic2a,frozen,flatten,4,ridge,median_std_clip,completed,"{'total_params': 12687872, 'trainable_params': 0, 'trainable_pct': 0.0, 'method': 'frozen'}",9.03506326675415,0.47685185185185186,
v78z6b50,v9,,0,,braindecode/bcic2020-3,frozen,flatten,4,ridge,median_std_clip,completed,"{'total_params': 12687872, 'trainable_params': 0, 'trainable_pct': 0.0, 'method': 'frozen'}",19.40531849861145,0.288,
v78z6b50,v9,,0,,braindecode/physionet,frozen,flatten,4,ridge,median_std_clip,completed,"{'total_params': 12687872, 'trainable_params': 0, 'trainable_pct': 0.0, 'method': 'frozen'}",25.28666043281555,0.5738770532812303,
v78z6b50,v9,,0,,braindecode/chbmit,frozen,flatten,4,ridge,median_std_clip,completed,"{'total_params': 12687872, 'trainable_params': 0, 'trainable_pct': 0.0, 'method': 'frozen'}",54.66643834114075,0.7197184307665894,
v78z6b50,v9,,0,,braindecode/faced,frozen,flatten,4,ridge,median_std_clip,completed,"{'total_params': 12687872, 'trainable_params': 0, 'trainable_pct': 0.0, 'method': 'frozen'}",50.582823038101196,0.3163756533321751,
v78z6b50,v9,,0,,braindecode/isruc-sleep,frozen,flatten,4,ridge,median_std_clip,completed,"{'total_params': 12687872, 'trainable_params': 0, 'trainable_pct': 0.0, 'method': 'frozen'}",89.31469559669495,0.6571189107579631,
v78z6b50,v9,,0,,braindecode/mdd_mumtaz2016,frozen,flatten,4,ridge,median_std_clip,completed,"{'total_params': 12687872, 'trainable_params': 0, 'trainable_pct': 0.0, 'method': 'frozen'}",17.461159467697144,0.8196767788567458,
v78z6b50,v9,,0,,braindecode/seed-v,frozen,flatten,4,ridge,median_std_clip,completed,"{'total_params': 12687872, 'trainable_params': 0, 'trainable_pct': 0.0, 'method': 'frozen'}",51.11304187774658,0.28876712319802017,
v78z6b50,v9,,0,,braindecode/seed-vig,frozen,flatten,4,ridge,median_std_clip,completed,"{'total_params': 12687872, 'trainable_params': 0, 'trainable_pct': 0.0, 'method': 'frozen'}",22.981088399887085,,-0.16493194115156506
v78z6b50,v9,,0,,braindecode/tuab,frozen,flatten,4,ridge,median_std_clip,completed,"{'total_params': 12687872, 'trainable_params': 0, 'trainable_pct': 0.0, 'method': 'frozen'}",57.09189796447754,0.8110423438539582,
v78z6b50,v9,,0,,braindecode/tuev,frozen,flatten,4,ridge,median_std_clip,completed,"{'total_params': 12687872, 'trainable_params': 0, 'trainable_pct': 0.0, 'method': 'frozen'}",13.277416706085205,0.9543541869198071,
z8paagta,v9,,0,,braindecode/arithmetic_zyma2019,frozen,flatten,0,ridge,median_std_clip,completed,"{'total_params': 12687872, 'trainable_params': 0, 'trainable_pct': 0.0, 'method': 'frozen'}",12.058157205581665,0.7013888888888888,
z8paagta,v9,,0,,braindecode/bcic2a,frozen,flatten,0,ridge,median_std_clip,completed,"{'total_params': 12687872, 'trainable_params': 0, 'trainable_pct': 0.0, 'method': 'frozen'}",9.192795991897583,0.4618055555555556,
z8paagta,v9,,0,,braindecode/bcic2020-3,frozen,flatten,0,ridge,median_std_clip,completed,"{'total_params': 12687872, 'trainable_params': 0, 'trainable_pct': 0.0, 'method': 'frozen'}",22.212762594223022,0.276,
z8paagta,v9,,0,,braindecode/physionet,frozen,flatten,0,ridge,median_std_clip,completed,"{'total_params': 12687872, 'trainable_params': 0, 'trainable_pct': 0.0, 'method': 'frozen'}",23.71075701713562,0.5540511626309377,
z8paagta,v9,,0,,braindecode/chbmit,frozen,flatten,0,ridge,median_std_clip,completed,"{'total_params': 12687872, 'trainable_params': 0, 'trainable_pct': 0.0, 'method': 'frozen'}",55.99327278137207,0.8996480384582368,
z8paagta,v9,,0,,braindecode/faced,frozen,flatten,0,ridge,median_std_clip,completed,"{'total_params': 12687872, 'trainable_params': 0, 'trainable_pct': 0.0, 'method': 'frozen'}",53.811194896698,0.3232332281245325,
z8paagta,v9,,0,,braindecode/isruc-sleep,frozen,flatten,0,ridge,median_std_clip,completed,"{'total_params': 12687872, 'trainable_params': 0, 'trainable_pct': 0.0, 'method': 'frozen'}",86.77368593215942,0.6637640023215328,
z8paagta,v9,,0,,braindecode/mdd_mumtaz2016,frozen,flatten,0,ridge,median_std_clip,completed,"{'total_params': 12687872, 'trainable_params': 0, 'trainable_pct': 0.0, 'method': 'frozen'}",16.524104833602905,0.8395790825429043,
z8paagta,v9,,0,,braindecode/seed-v,frozen,flatten,0,ridge,median_std_clip,completed,"{'total_params': 12687872, 'trainable_params': 0, 'trainable_pct': 0.0, 'method': 'frozen'}",49.64740347862244,0.28274277573308904,
z8paagta,v9,,0,,braindecode/seed-vig,frozen,flatten,0,ridge,median_std_clip,completed,"{'total_params': 12687872, 'trainable_params': 0, 'trainable_pct': 0.0, 'method': 'frozen'}",22.727597951889038,,-0.17910678998460972
z8paagta,v9,,0,,braindecode/tuab,frozen,flatten,0,ridge,median_std_clip,completed,"{'total_params': 12687872, 'trainable_params': 0, 'trainable_pct': 0.0, 'method': 'frozen'}",55.623854875564575,0.8048017666047631,
z8paagta,v9,,0,,braindecode/tuev,frozen,flatten,0,ridge,median_std_clip,completed,"{'total_params': 12687872, 'trainable_params': 0, 'trainable_pct': 0.0, 'method': 'frozen'}",12.429139375686646,0.9531575837288652,
z8paagta,v9,,0,,braindecode/arithmetic_zyma2019,frozen,flatten,1,ridge,median_std_clip,completed,"{'total_params': 12687872, 'trainable_params': 0, 'trainable_pct': 0.0, 'method': 'frozen'}",11.171083450317383,0.6840277777777777,
z8paagta,v9,,0,,braindecode/bcic2a,frozen,flatten,1,ridge,median_std_clip,completed,"{'total_params': 12687872, 'trainable_params': 0, 'trainable_pct': 0.0, 'method': 'frozen'}",8.701130151748657,0.4502314814814815,
z8paagta,v9,,0,,braindecode/bcic2020-3,frozen,flatten,1,ridge,median_std_clip,completed,"{'total_params': 12687872, 'trainable_params': 0, 'trainable_pct': 0.0, 'method': 'frozen'}",19.54979658126831,0.252,
z8paagta,v9,,0,,braindecode/physionet,frozen,flatten,1,ridge,median_std_clip,completed,"{'total_params': 12687872, 'trainable_params': 0, 'trainable_pct': 0.0, 'method': 'frozen'}",25.511642932891846,0.5534778737564366,
z8paagta,v9,,0,,braindecode/chbmit,frozen,flatten,1,ridge,median_std_clip,completed,"{'total_params': 12687872, 'trainable_params': 0, 'trainable_pct': 0.0, 'method': 'frozen'}",54.049734592437744,0.900592325521504,
z8paagta,v9,,0,,braindecode/faced,frozen,flatten,1,ridge,median_std_clip,completed,"{'total_params': 12687872, 'trainable_params': 0, 'trainable_pct': 0.0, 'method': 'frozen'}",51.333434104919434,0.3139286739830218,
z8paagta,v9,,0,,braindecode/isruc-sleep,frozen,flatten,1,ridge,median_std_clip,completed,"{'total_params': 12687872, 'trainable_params': 0, 'trainable_pct': 0.0, 'method': 'frozen'}",88.66694784164429,0.6699880746632515,
z8paagta,v9,,0,,braindecode/mdd_mumtaz2016,frozen,flatten,1,ridge,median_std_clip,completed,"{'total_params': 12687872, 'trainable_params': 0, 'trainable_pct': 0.0, 'method': 'frozen'}",16.034854650497437,0.7943923498119947,
z8paagta,v9,,0,,braindecode/seed-v,frozen,flatten,1,ridge,median_std_clip,completed,"{'total_params': 12687872, 'trainable_params': 0, 'trainable_pct': 0.0, 'method': 'frozen'}",50.556272745132446,0.2832580751804096,
z8paagta,v9,,0,,braindecode/seed-vig,frozen,flatten,1,ridge,median_std_clip,completed,"{'total_params': 12687872, 'trainable_params': 0, 'trainable_pct': 0.0, 'method': 'frozen'}",23.041688442230225,,-0.18306030760577552
z8paagta,v9,,0,,braindecode/tuab,frozen,flatten,1,ridge,median_std_clip,completed,"{'total_params': 12687872, 'trainable_params': 0, 'trainable_pct': 0.0, 'method': 'frozen'}",59.93427872657776,0.8047228003127289,
z8paagta,v9,,0,,braindecode/tuev,frozen,flatten,1,ridge,median_std_clip,completed,"{'total_params': 12687872, 'trainable_params': 0, 'trainable_pct': 0.0, 'method': 'frozen'}",13.303145408630371,0.9569171297812574,
z8paagta,v9,,0,,braindecode/arithmetic_zyma2019,frozen,flatten,2,ridge,median_std_clip,completed,"{'total_params': 12687872, 'trainable_params': 0, 'trainable_pct': 0.0, 'method': 'frozen'}",12.618983030319214,0.7013888888888888,
z8paagta,v9,,0,,braindecode/bcic2a,frozen,flatten,2,ridge,median_std_clip,completed,"{'total_params': 12687872, 'trainable_params': 0, 'trainable_pct': 0.0, 'method': 'frozen'}",9.323004245758057,0.4618055555555555,
z8paagta,v9,,0,,braindecode/bcic2020-3,frozen,flatten,2,ridge,median_std_clip,completed,"{'total_params': 12687872, 'trainable_params': 0, 'trainable_pct': 0.0, 'method': 'frozen'}",21.738974809646606,0.2773333333333333,
z8paagta,v9,,0,,braindecode/physionet,frozen,flatten,2,ridge,median_std_clip,completed,"{'total_params': 12687872, 'trainable_params': 0, 'trainable_pct': 0.0, 'method': 'frozen'}",24.186810731887817,0.5653583132622153,
z8paagta,v9,,0,,braindecode/chbmit,frozen,flatten,2,ridge,median_std_clip,completed,"{'total_params': 12687872, 'trainable_params': 0, 'trainable_pct': 0.0, 'method': 'frozen'}",55.19759202003479,0.8776289810284145,
z8paagta,v9,,0,,braindecode/faced,frozen,flatten,2,ridge,median_std_clip,completed,"{'total_params': 12687872, 'trainable_params': 0, 'trainable_pct': 0.0, 'method': 'frozen'}",52.1137375831604,0.3256900104726192,
z8paagta,v9,,0,,braindecode/isruc-sleep,frozen,flatten,2,ridge,median_std_clip,completed,"{'total_params': 12687872, 'trainable_params': 0, 'trainable_pct': 0.0, 'method': 'frozen'}",88.85967087745667,0.6713694505643873,
z8paagta,v9,,0,,braindecode/mdd_mumtaz2016,frozen,flatten,2,ridge,median_std_clip,completed,"{'total_params': 12687872, 'trainable_params': 0, 'trainable_pct': 0.0, 'method': 'frozen'}",16.349527835845947,0.8412262324383575,
z8paagta,v9,,0,,braindecode/seed-v,frozen,flatten,2,ridge,median_std_clip,completed,"{'total_params': 12687872, 'trainable_params': 0, 'trainable_pct': 0.0, 'method': 'frozen'}",49.325483560562134,0.28493683242087225,
z8paagta,v9,,0,,braindecode/seed-vig,frozen,flatten,2,ridge,median_std_clip,completed,"{'total_params': 12687872, 'trainable_params': 0, 'trainable_pct': 0.0, 'method': 'frozen'}",23.170726537704468,,-0.18173833317664778
z8paagta,v9,,0,,braindecode/tuab,frozen,flatten,2,ridge,median_std_clip,completed,"{'total_params': 12687872, 'trainable_params': 0, 'trainable_pct': 0.0, 'method': 'frozen'}",57.53044509887695,0.8012144007634527,
z8paagta,v9,,0,,braindecode/tuev,frozen,flatten,2,ridge,median_std_clip,completed,"{'total_params': 12687872, 'trainable_params': 0, 'trainable_pct': 0.0, 'method': 'frozen'}",13.021965265274048,0.8970306789096852,
z8paagta,v9,,0,,braindecode/arithmetic_zyma2019,frozen,flatten,3,ridge,median_std_clip,completed,"{'total_params': 12687872, 'trainable_params': 0, 'trainable_pct': 0.0, 'method': 'frozen'}",11.38004183769226,0.7083333333333334,
z8paagta,v9,,0,,braindecode/bcic2a,frozen,flatten,3,ridge,median_std_clip,completed,"{'total_params': 12687872, 'trainable_params': 0, 'trainable_pct': 0.0, 'method': 'frozen'}",9.182111501693726,0.44675925925925924,
z8paagta,v9,,0,,braindecode/bcic2020-3,frozen,flatten,3,ridge,median_std_clip,completed,"{'total_params': 12687872, 'trainable_params': 0, 'trainable_pct': 0.0, 'method': 'frozen'}",21.189722776412964,0.2813333333333333,
z8paagta,v9,,0,,braindecode/physionet,frozen,flatten,3,ridge,median_std_clip,completed,"{'total_params': 12687872, 'trainable_params': 0, 'trainable_pct': 0.0, 'method': 'frozen'}",25.20713520050049,0.5557224191986223,
z8paagta,v9,,0,,braindecode/chbmit,frozen,flatten,3,ridge,median_std_clip,completed,"{'total_params': 12687872, 'trainable_params': 0, 'trainable_pct': 0.0, 'method': 'frozen'}",52.82596731185913,0.8776289810284145,
z8paagta,v9,,0,,braindecode/faced,frozen,flatten,3,ridge,median_std_clip,completed,"{'total_params': 12687872, 'trainable_params': 0, 'trainable_pct': 0.0, 'method': 'frozen'}",49.825905084609985,0.3120680647854561,
z8paagta,v9,,0,,braindecode/isruc-sleep,frozen,flatten,3,ridge,median_std_clip,completed,"{'total_params': 12687872, 'trainable_params': 0, 'trainable_pct': 0.0, 'method': 'frozen'}",88.6402518749237,0.6701107121522181,
z8paagta,v9,,0,,braindecode/mdd_mumtaz2016,frozen,flatten,3,ridge,median_std_clip,completed,"{'total_params': 12687872, 'trainable_params': 0, 'trainable_pct': 0.0, 'method': 'frozen'}",16.288522243499756,0.8414568518966117,
z8paagta,v9,,0,,braindecode/seed-v,frozen,flatten,3,ridge,median_std_clip,completed,"{'total_params': 12687872, 'trainable_params': 0, 'trainable_pct': 0.0, 'method': 'frozen'}",50.382190465927124,0.2832859834480449,
z8paagta,v9,,0,,braindecode/seed-vig,frozen,flatten,3,ridge,median_std_clip,completed,"{'total_params': 12687872, 'trainable_params': 0, 'trainable_pct': 0.0, 'method': 'frozen'}",19.141620874404907,,-0.1867090642380973
z8paagta,v9,,0,,braindecode/tuab,frozen,flatten,3,ridge,median_std_clip,completed,"{'total_params': 12687872, 'trainable_params': 0, 'trainable_pct': 0.0, 'method': 'frozen'}",57.19996356964111,0.8081040697322763,
z8paagta,v9,,0,,braindecode/tuev,frozen,flatten,3,ridge,median_std_clip,completed,"{'total_params': 12687872, 'trainable_params': 0, 'trainable_pct': 0.0, 'method': 'frozen'}",13.378824710845947,0.8943426726599423,
z8paagta,v9,,0,,braindecode/arithmetic_zyma2019,frozen,flatten,4,ridge,median_std_clip,completed,"{'total_params': 12687872, 'trainable_params': 0, 'trainable_pct': 0.0, 'method': 'frozen'}",12.555156707763672,0.7118055555555556,
z8paagta,v9,,0,,braindecode/bcic2a,frozen,flatten,4,ridge,median_std_clip,completed,"{'total_params': 12687872, 'trainable_params': 0, 'trainable_pct': 0.0, 'method': 'frozen'}",9.20387864112854,0.4571759259259259,
z8paagta,v9,,0,,braindecode/bcic2020-3,frozen,flatten,4,ridge,median_std_clip,completed,"{'total_params': 12687872, 'trainable_params': 0, 'trainable_pct': 0.0, 'method': 'frozen'}",21.15712070465088,0.27999999999999997,
z8paagta,v9,,0,,braindecode/physionet,frozen,flatten,4,ridge,median_std_clip,completed,"{'total_params': 12687872, 'trainable_params': 0, 'trainable_pct': 0.0, 'method': 'frozen'}",24.159324169158936,0.5630997175162246,
z8paagta,v9,,0,,braindecode/chbmit,frozen,flatten,4,ridge,median_std_clip,completed,"{'total_params': 12687872, 'trainable_params': 0, 'trainable_pct': 0.0, 'method': 'frozen'}",56.21317195892334,0.8567902824276762,
z8paagta,v9,,0,,braindecode/faced,frozen,flatten,4,ridge,median_std_clip,completed,"{'total_params': 12687872, 'trainable_params': 0, 'trainable_pct': 0.0, 'method': 'frozen'}",51.69029402732849,0.3084181820594864,
z8paagta,v9,,0,,braindecode/isruc-sleep,frozen,flatten,4,ridge,median_std_clip,completed,"{'total_params': 12687872, 'trainable_params': 0, 'trainable_pct': 0.0, 'method': 'frozen'}",89.13138914108276,0.6670220646321632,
z8paagta,v9,,0,,braindecode/mdd_mumtaz2016,frozen,flatten,4,ridge,median_std_clip,completed,"{'total_params': 12687872, 'trainable_params': 0, 'trainable_pct': 0.0, 'method': 'frozen'}",16.48475670814514,0.8261032059021469,
z8paagta,v9,,0,,braindecode/seed-v,frozen,flatten,4,ridge,median_std_clip,completed,"{'total_params': 12687872, 'trainable_params': 0, 'trainable_pct': 0.0, 'method': 'frozen'}",50.76353907585144,0.2838580705121577,
z8paagta,v9,,0,,braindecode/seed-vig,frozen,flatten,4,ridge,median_std_clip,completed,"{'total_params': 12687872, 'trainable_params': 0, 'trainable_pct': 0.0, 'method': 'frozen'}",22.88525915145874,,-0.16803115433994864
z8paagta,v9,,0,,braindecode/tuab,frozen,flatten,4,ridge,median_std_clip,completed,"{'total_params': 12687872, 'trainable_params': 0, 'trainable_pct': 0.0, 'method': 'frozen'}",57.41492223739624,0.8018721731747586,
z8paagta,v9,,0,,braindecode/tuev,frozen,flatten,4,ridge,median_std_clip,completed,"{'total_params': 12687872, 'trainable_params': 0, 'trainable_pct': 0.0, 'method': 'frozen'}",12.4714035987854,0.8962180524186326,
wbwysdic,v9,,0,,braindecode/arithmetic_zyma2019,frozen,flatten,0,ridge,median_std_clip,completed,"{'total_params': 12687872, 'trainable_params': 0, 'trainable_pct': 0.0, 'method': 'frozen'}",11.9420747756958,0.65625,
wbwysdic,v9,,0,,braindecode/bcic2a,frozen,flatten,0,ridge,median_std_clip,completed,"{'total_params': 12687872, 'trainable_params': 0, 'trainable_pct': 0.0, 'method': 'frozen'}",9.453658103942871,0.4079861111111111,
wbwysdic,v9,,0,,braindecode/bcic2020-3,frozen,flatten,0,ridge,median_std_clip,completed,"{'total_params': 12687872, 'trainable_params': 0, 'trainable_pct': 0.0, 'method': 'frozen'}",22.106026649475098,0.2546666666666667,
wbwysdic,v9,,0,,braindecode/physionet,frozen,flatten,0,ridge,median_std_clip,completed,"{'total_params': 12687872, 'trainable_params': 0, 'trainable_pct': 0.0, 'method': 'frozen'}",23.730639457702637,0.5523364088935916,
wbwysdic,v9,,0,,braindecode/chbmit,frozen,flatten,0,ridge,median_std_clip,completed,"{'total_params': 12687872, 'trainable_params': 0, 'trainable_pct': 0.0, 'method': 'frozen'}",54.420347929000854,0.8651171774401236,
wbwysdic,v9,,0,,braindecode/faced,frozen,flatten,0,ridge,median_std_clip,completed,"{'total_params': 12687872, 'trainable_params': 0, 'trainable_pct': 0.0, 'method': 'frozen'}",49.45017766952515,0.278067644915471,
wbwysdic,v9,,0,,braindecode/isruc-sleep,frozen,flatten,0,ridge,median_std_clip,completed,"{'total_params': 12687872, 'trainable_params': 0, 'trainable_pct': 0.0, 'method': 'frozen'}",85.87964487075806,0.6648224635369034,
wbwysdic,v9,,0,,braindecode/mdd_mumtaz2016,frozen,flatten,0,ridge,median_std_clip,completed,"{'total_params': 12687872, 'trainable_params': 0, 'trainable_pct': 0.0, 'method': 'frozen'}",15.854547500610352,0.8184069620630992,
wbwysdic,v9,,0,,braindecode/seed-v,frozen,flatten,0,ridge,median_std_clip,completed,"{'total_params': 12687872, 'trainable_params': 0, 'trainable_pct': 0.0, 'method': 'frozen'}",48.51551294326782,0.2605942472003458,
wbwysdic,v9,,0,,braindecode/seed-vig,frozen,flatten,0,ridge,median_std_clip,completed,"{'total_params': 12687872, 'trainable_params': 0, 'trainable_pct': 0.0, 'method': 'frozen'}",22.694324731826782,,-0.4242173711980701
wbwysdic,v9,,0,,braindecode/tuab,frozen,flatten,0,ridge,median_std_clip,completed,"{'total_params': 12687872, 'trainable_params': 0, 'trainable_pct': 0.0, 'method': 'frozen'}",57.185274839401245,0.7862071649869062,
wbwysdic,v9,,0,,braindecode/tuev,frozen,flatten,0,ridge,median_std_clip,completed,"{'total_params': 12687872, 'trainable_params': 0, 'trainable_pct': 0.0, 'method': 'frozen'}",13.36470890045166,0.9510619025766642,
wbwysdic,v9,,0,,braindecode/arithmetic_zyma2019,frozen,flatten,1,ridge,median_std_clip,completed,"{'total_params': 12687872, 'trainable_params': 0, 'trainable_pct': 0.0, 'method': 'frozen'}",11.443084716796875,0.6909722222222222,
wbwysdic,v9,,0,,braindecode/bcic2a,frozen,flatten,1,ridge,median_std_clip,completed,"{'total_params': 12687872, 'trainable_params': 0, 'trainable_pct': 0.0, 'method': 'frozen'}",9.413455963134766,0.41898148148148145,
wbwysdic,v9,,0,,braindecode/bcic2020-3,frozen,flatten,1,ridge,median_std_clip,completed,"{'total_params': 12687872, 'trainable_params': 0, 'trainable_pct': 0.0, 'method': 'frozen'}",21.350443124771118,0.24266666666666667,
wbwysdic,v9,,0,,braindecode/physionet,frozen,flatten,1,ridge,median_std_clip,completed,"{'total_params': 12687872, 'trainable_params': 0, 'trainable_pct': 0.0, 'method': 'frozen'}",24.00765824317932,0.5574422858221253,
wbwysdic,v9,,0,,braindecode/chbmit,frozen,flatten,1,ridge,median_std_clip,completed,"{'total_params': 12687872, 'trainable_params': 0, 'trainable_pct': 0.0, 'method': 'frozen'}",54.6917085647583,0.8416816894154004,
wbwysdic,v9,,0,,braindecode/faced,frozen,flatten,1,ridge,median_std_clip,completed,"{'total_params': 12687872, 'trainable_params': 0, 'trainable_pct': 0.0, 'method': 'frozen'}",57.65118908882141,0.2728851764177851,
wbwysdic,v9,,0,,braindecode/isruc-sleep,frozen,flatten,1,ridge,median_std_clip,completed,"{'total_params': 12687872, 'trainable_params': 0, 'trainable_pct': 0.0, 'method': 'frozen'}",90.7518002986908,0.6658185476003058,
wbwysdic,v9,,0,,braindecode/mdd_mumtaz2016,frozen,flatten,1,ridge,median_std_clip,completed,"{'total_params': 12687872, 'trainable_params': 0, 'trainable_pct': 0.0, 'method': 'frozen'}",17.189823389053345,0.8585683392929472,
wbwysdic,v9,,0,,braindecode/seed-v,frozen,flatten,1,ridge,median_std_clip,completed,"{'total_params': 12687872, 'trainable_params': 0, 'trainable_pct': 0.0, 'method': 'frozen'}",50.450133323669434,0.2631744886595205,
wbwysdic,v9,,0,,braindecode/seed-vig,frozen,flatten,1,ridge,median_std_clip,completed,"{'total_params': 12687872, 'trainable_params': 0, 'trainable_pct': 0.0, 'method': 'frozen'}",23.380215167999268,,-0.42014547127580726
wbwysdic,v9,,0,,braindecode/tuab,frozen,flatten,1,ridge,median_std_clip,completed,"{'total_params': 12687872, 'trainable_params': 0, 'trainable_pct': 0.0, 'method': 'frozen'}",57.604424476623535,0.7833960209949529,
wbwysdic,v9,,0,,braindecode/tuev,frozen,flatten,1,ridge,median_std_clip,completed,"{'total_params': 12687872, 'trainable_params': 0, 'trainable_pct': 0.0, 'method': 'frozen'}",12.874557256698608,0.8573060137077823,
wbwysdic,v9,,0,,braindecode/arithmetic_zyma2019,frozen,flatten,2,ridge,median_std_clip,completed,"{'total_params': 12687872, 'trainable_params': 0, 'trainable_pct': 0.0, 'method': 'frozen'}",11.937643051147461,0.642361111111111,
wbwysdic,v9,,0,,braindecode/bcic2a,frozen,flatten,2,ridge,median_std_clip,completed,"{'total_params': 12687872, 'trainable_params': 0, 'trainable_pct': 0.0, 'method': 'frozen'}",9.32966423034668,0.40393518518518523,
wbwysdic,v9,,0,,braindecode/bcic2020-3,frozen,flatten,2,ridge,median_std_clip,completed,"{'total_params': 12687872, 'trainable_params': 0, 'trainable_pct': 0.0, 'method': 'frozen'}",19.58391785621643,0.26,
wbwysdic,v9,,0,,braindecode/physionet,frozen,flatten,2,ridge,median_std_clip,completed,"{'total_params': 12687872, 'trainable_params': 0, 'trainable_pct': 0.0, 'method': 'frozen'}",25.223186254501343,0.5585325755005365,
wbwysdic,v9,,0,,braindecode/chbmit,frozen,flatten,2,ridge,median_std_clip,completed,"{'total_params': 12687872, 'trainable_params': 0, 'trainable_pct': 0.0, 'method': 'frozen'}",53.465269565582275,0.8620482444845051,
wbwysdic,v9,,0,,braindecode/faced,frozen,flatten,2,ridge,median_std_clip,completed,"{'total_params': 12687872, 'trainable_params': 0, 'trainable_pct': 0.0, 'method': 'frozen'}",51.536675453186035,0.27259018155757286,
wbwysdic,v9,,0,,braindecode/isruc-sleep,frozen,flatten,2,ridge,median_std_clip,completed,"{'total_params': 12687872, 'trainable_params': 0, 'trainable_pct': 0.0, 'method': 'frozen'}",87.61009168624878,0.6641715023373533,
wbwysdic,v9,,0,,braindecode/mdd_mumtaz2016,frozen,flatten,2,ridge,median_std_clip,completed,"{'total_params': 12687872, 'trainable_params': 0, 'trainable_pct': 0.0, 'method': 'frozen'}",15.728041172027588,0.8406778792576853,
wbwysdic,v9,,0,,braindecode/seed-v,frozen,flatten,2,ridge,median_std_clip,completed,"{'total_params': 12687872, 'trainable_params': 0, 'trainable_pct': 0.0, 'method': 'frozen'}",48.45408368110657,0.2622964322841014,
wbwysdic,v9,,0,,braindecode/seed-vig,frozen,flatten,2,ridge,median_std_clip,completed,"{'total_params': 12687872, 'trainable_params': 0, 'trainable_pct': 0.0, 'method': 'frozen'}",23.51389980316162,,-0.4421118244668336
wbwysdic,v9,,0,,braindecode/tuab,frozen,flatten,2,ridge,median_std_clip,completed,"{'total_params': 12687872, 'trainable_params': 0, 'trainable_pct': 0.0, 'method': 'frozen'}",55.91628408432007,0.7763705412047233,
wbwysdic,v9,,0,,braindecode/tuev,frozen,flatten,2,ridge,median_std_clip,completed,"{'total_params': 12687872, 'trainable_params': 0, 'trainable_pct': 0.0, 'method': 'frozen'}",12.52123737335205,0.8530988427294514,
wbwysdic,v9,,0,,braindecode/arithmetic_zyma2019,frozen,flatten,3,ridge,median_std_clip,completed,"{'total_params': 12687872, 'trainable_params': 0, 'trainable_pct': 0.0, 'method': 'frozen'}",11.664676189422607,0.6631944444444444,
wbwysdic,v9,,0,,braindecode/bcic2a,frozen,flatten,3,ridge,median_std_clip,completed,"{'total_params': 12687872, 'trainable_params': 0, 'trainable_pct': 0.0, 'method': 'frozen'}",9.170440435409546,0.4184027777777778,
wbwysdic,v9,,0,,braindecode/bcic2020-3,frozen,flatten,3,ridge,median_std_clip,completed,"{'total_params': 12687872, 'trainable_params': 0, 'trainable_pct': 0.0, 'method': 'frozen'}",21.170665502548218,0.256,
wbwysdic,v9,,0,,braindecode/physionet,frozen,flatten,3,ridge,median_std_clip,completed,"{'total_params': 12687872, 'trainable_params': 0, 'trainable_pct': 0.0, 'method': 'frozen'}",23.673041820526123,0.5625238519323918,
wbwysdic,v9,,0,,braindecode/chbmit,frozen,flatten,3,ridge,median_std_clip,completed,"{'total_params': 12687872, 'trainable_params': 0, 'trainable_pct': 0.0, 'method': 'frozen'}",54.80403399467468,0.8414456176495837,
wbwysdic,v9,,0,,braindecode/faced,frozen,flatten,3,ridge,median_std_clip,completed,"{'total_params': 12687872, 'trainable_params': 0, 'trainable_pct': 0.0, 'method': 'frozen'}",50.15678882598877,0.28110944007683136,
wbwysdic,v9,,0,,braindecode/isruc-sleep,frozen,flatten,3,ridge,median_std_clip,completed,"{'total_params': 12687872, 'trainable_params': 0, 'trainable_pct': 0.0, 'method': 'frozen'}",90.02847695350647,0.6596093903343178,
wbwysdic,v9,,0,,braindecode/mdd_mumtaz2016,frozen,flatten,3,ridge,median_std_clip,completed,"{'total_params': 12687872, 'trainable_params': 0, 'trainable_pct': 0.0, 'method': 'frozen'}",18.682671546936035,0.8379836081289276,
wbwysdic,v9,,0,,braindecode/seed-v,frozen,flatten,3,ridge,median_std_clip,completed,"{'total_params': 12687872, 'trainable_params': 0, 'trainable_pct': 0.0, 'method': 'frozen'}",51.32797050476074,0.26231763885086634,
wbwysdic,v9,,0,,braindecode/seed-vig,frozen,flatten,3,ridge,median_std_clip,completed,"{'total_params': 12687872, 'trainable_params': 0, 'trainable_pct': 0.0, 'method': 'frozen'}",23.378906726837158,,-0.43641029255762587
wbwysdic,v9,,0,,braindecode/tuab,frozen,flatten,3,ridge,median_std_clip,completed,"{'total_params': 12687872, 'trainable_params': 0, 'trainable_pct': 0.0, 'method': 'frozen'}",56.66165733337402,0.7806378012200013,
wbwysdic,v9,,0,,braindecode/tuev,frozen,flatten,3,ridge,median_std_clip,completed,"{'total_params': 12687872, 'trainable_params': 0, 'trainable_pct': 0.0, 'method': 'frozen'}",13.308576822280884,0.8574782549996605,
wbwysdic,v9,,0,,braindecode/arithmetic_zyma2019,frozen,flatten,4,ridge,median_std_clip,completed,"{'total_params': 12687872, 'trainable_params': 0, 'trainable_pct': 0.0, 'method': 'frozen'}",11.86178183555603,0.6701388888888888,
wbwysdic,v9,,0,,braindecode/bcic2a,frozen,flatten,4,ridge,median_std_clip,completed,"{'total_params': 12687872, 'trainable_params': 0, 'trainable_pct': 0.0, 'method': 'frozen'}",9.204723119735718,0.3940972222222222,
wbwysdic,v9,,0,,braindecode/bcic2020-3,frozen,flatten,4,ridge,median_std_clip,completed,"{'total_params': 12687872, 'trainable_params': 0, 'trainable_pct': 0.0, 'method': 'frozen'}",23.005253076553345,0.24933333333333332,
wbwysdic,v9,,0,,braindecode/physionet,frozen,flatten,4,ridge,median_std_clip,completed,"{'total_params': 12687872, 'trainable_params': 0, 'trainable_pct': 0.0, 'method': 'frozen'}",21.72934889793396,0.5636333221718391,
wbwysdic,v9,,0,,braindecode/chbmit,frozen,flatten,4,ridge,median_std_clip,completed,"{'total_params': 12687872, 'trainable_params': 0, 'trainable_pct': 0.0, 'method': 'frozen'}",54.31319332122803,0.86464503390849,
wbwysdic,v9,,0,,braindecode/faced,frozen,flatten,4,ridge,median_std_clip,completed,"{'total_params': 12687872, 'trainable_params': 0, 'trainable_pct': 0.0, 'method': 'frozen'}",52.25766205787659,0.2708188550579855,
wbwysdic,v9,,0,,braindecode/isruc-sleep,frozen,flatten,4,ridge,median_std_clip,completed,"{'total_params': 12687872, 'trainable_params': 0, 'trainable_pct': 0.0, 'method': 'frozen'}",87.34204268455505,0.670537963248925,
wbwysdic,v9,,0,,braindecode/mdd_mumtaz2016,frozen,flatten,4,ridge,median_std_clip,completed,"{'total_params': 12687872, 'trainable_params': 0, 'trainable_pct': 0.0, 'method': 'frozen'}",16.59756875038147,0.8411406251731834,
wbwysdic,v9,,0,,braindecode/seed-v,frozen,flatten,4,ridge,median_std_clip,completed,"{'total_params': 12687872, 'trainable_params': 0, 'trainable_pct': 0.0, 'method': 'frozen'}",49.59612035751343,0.2681539017099557,
wbwysdic,v9,,0,,braindecode/seed-vig,frozen,flatten,4,ridge,median_std_clip,completed,"{'total_params': 12687872, 'trainable_params': 0, 'trainable_pct': 0.0, 'method': 'frozen'}",23.30937433242798,,-0.44103547047865255
wbwysdic,v9,,0,,braindecode/tuab,frozen,flatten,4,ridge,median_std_clip,completed,"{'total_params': 12687872, 'trainable_params': 0, 'trainable_pct': 0.0, 'method': 'frozen'}",55.324681520462036,0.7828085341840039,
wbwysdic,v9,,0,,braindecode/tuev,frozen,flatten,4,ridge,median_std_clip,completed,"{'total_params': 12687872, 'trainable_params': 0, 'trainable_pct': 0.0, 'method': 'frozen'}",12.419487953186035,0.8560570536381139,
kqa3qhu7,v9,,0,,braindecode/arithmetic_zyma2019,frozen,flatten,0,ridge,median_std_clip,completed,"{'total_params': 12687872, 'trainable_params': 0, 'trainable_pct': 0.0, 'method': 'frozen'}",11.275873899459839,0.7291666666666667,
kqa3qhu7,v9,,0,,braindecode/bcic2a,frozen,flatten,0,ridge,median_std_clip,completed,"{'total_params': 12687872, 'trainable_params': 0, 'trainable_pct': 0.0, 'method': 'frozen'}",9.218921661376953,0.443287037037037,
kqa3qhu7,v9,,0,,braindecode/bcic2020-3,frozen,flatten,0,ridge,median_std_clip,completed,"{'total_params': 12687872, 'trainable_params': 0, 'trainable_pct': 0.0, 'method': 'frozen'}",22.12648582458496,0.26400000000000007,
kqa3qhu7,v9,,0,,braindecode/physionet,frozen,flatten,0,ridge,median_std_clip,completed,"{'total_params': 12687872, 'trainable_params': 0, 'trainable_pct': 0.0, 'method': 'frozen'}",23.8128879070282,0.558591446070817,
kqa3qhu7,v9,,0,,braindecode/chbmit,frozen,flatten,0,ridge,median_std_clip,completed,"{'total_params': 12687872, 'trainable_params': 0, 'trainable_pct': 0.0, 'method': 'frozen'}",53.26478385925293,0.85206884711134,
kqa3qhu7,v9,,0,,braindecode/faced,frozen,flatten,0,ridge,median_std_clip,completed,"{'total_params': 12687872, 'trainable_params': 0, 'trainable_pct': 0.0, 'method': 'frozen'}",51.48858642578125,0.31710017036103993,
kqa3qhu7,v9,,0,,braindecode/isruc-sleep,frozen,flatten,0,ridge,median_std_clip,completed,"{'total_params': 12687872, 'trainable_params': 0, 'trainable_pct': 0.0, 'method': 'frozen'}",88.48949527740479,0.6961709924763793,
kqa3qhu7,v9,,0,,braindecode/mdd_mumtaz2016,frozen,flatten,0,ridge,median_std_clip,completed,"{'total_params': 12687872, 'trainable_params': 0, 'trainable_pct': 0.0, 'method': 'frozen'}",15.914863586425781,0.8658715966858468,
kqa3qhu7,v9,,0,,braindecode/seed-v,frozen,flatten,0,ridge,median_std_clip,completed,"{'total_params': 12687872, 'trainable_params': 0, 'trainable_pct': 0.0, 'method': 'frozen'}",50.92903709411621,0.289077598578403,
kqa3qhu7,v9,,0,,braindecode/seed-vig,frozen,flatten,0,ridge,median_std_clip,completed,"{'total_params': 12687872, 'trainable_params': 0, 'trainable_pct': 0.0, 'method': 'frozen'}",22.833680391311646,,-0.1292094729646298
kqa3qhu7,v9,,0,,braindecode/tuab,frozen,flatten,0,ridge,median_std_clip,completed,"{'total_params': 12687872, 'trainable_params': 0, 'trainable_pct': 0.0, 'method': 'frozen'}",61.3725426197052,0.7902904503430834,
kqa3qhu7,v9,,0,,braindecode/tuev,frozen,flatten,0,ridge,median_std_clip,completed,"{'total_params': 12687872, 'trainable_params': 0, 'trainable_pct': 0.0, 'method': 'frozen'}",13.044505596160889,0.9071723252582281,
kqa3qhu7,v9,,0,,braindecode/arithmetic_zyma2019,frozen,flatten,1,ridge,median_std_clip,completed,"{'total_params': 12687872, 'trainable_params': 0, 'trainable_pct': 0.0, 'method': 'frozen'}",12.416929244995117,0.71875,
kqa3qhu7,v9,,0,,braindecode/bcic2a,frozen,flatten,1,ridge,median_std_clip,completed,"{'total_params': 12687872, 'trainable_params': 0, 'trainable_pct': 0.0, 'method': 'frozen'}",9.206390857696533,0.44155092592592593,
kqa3qhu7,v9,,0,,braindecode/bcic2020-3,frozen,flatten,1,ridge,median_std_clip,completed,"{'total_params': 12687872, 'trainable_params': 0, 'trainable_pct': 0.0, 'method': 'frozen'}",22.045227766036987,0.2746666666666667,
kqa3qhu7,v9,,0,,braindecode/physionet,frozen,flatten,1,ridge,median_std_clip,completed,"{'total_params': 12687872, 'trainable_params': 0, 'trainable_pct': 0.0, 'method': 'frozen'}",24.09269952774048,0.5738617493649077,
kqa3qhu7,v9,,0,,braindecode/chbmit,frozen,flatten,1,ridge,median_std_clip,completed,"{'total_params': 12687872, 'trainable_params': 0, 'trainable_pct': 0.0, 'method': 'frozen'}",54.83239412307739,0.8103914499098634,
kqa3qhu7,v9,,0,,braindecode/faced,frozen,flatten,1,ridge,median_std_clip,completed,"{'total_params': 12687872, 'trainable_params': 0, 'trainable_pct': 0.0, 'method': 'frozen'}",51.04693245887756,0.3175464330355635,
kqa3qhu7,v9,,0,,braindecode/isruc-sleep,frozen,flatten,1,ridge,median_std_clip,completed,"{'total_params': 12687872, 'trainable_params': 0, 'trainable_pct': 0.0, 'method': 'frozen'}",88.44837188720703,0.6981501998569716,
kqa3qhu7,v9,,0,,braindecode/mdd_mumtaz2016,frozen,flatten,1,ridge,median_std_clip,completed,"{'total_params': 12687872, 'trainable_params': 0, 'trainable_pct': 0.0, 'method': 'frozen'}",16.355329990386963,0.8559905932150822,
kqa3qhu7,v9,,0,,braindecode/seed-v,frozen,flatten,1,ridge,median_std_clip,completed,"{'total_params': 12687872, 'trainable_params': 0, 'trainable_pct': 0.0, 'method': 'frozen'}",49.05968713760376,0.28979319691971905,
kqa3qhu7,v9,,0,,braindecode/seed-vig,frozen,flatten,1,ridge,median_std_clip,completed,"{'total_params': 12687872, 'trainable_params': 0, 'trainable_pct': 0.0, 'method': 'frozen'}",19.025049448013306,,-0.13001345127195751
kqa3qhu7,v9,,0,,braindecode/tuab,frozen,flatten,1,ridge,median_std_clip,completed,"{'total_params': 12687872, 'trainable_params': 0, 'trainable_pct': 0.0, 'method': 'frozen'}",57.634724617004395,0.8200324601864276,
kqa3qhu7,v9,,0,,braindecode/tuev,frozen,flatten,1,ridge,median_std_clip,completed,"{'total_params': 12687872, 'trainable_params': 0, 'trainable_pct': 0.0, 'method': 'frozen'}",12.920753240585327,0.9539144663308328,
kqa3qhu7,v9,,0,,braindecode/arithmetic_zyma2019,frozen,flatten,2,ridge,median_std_clip,completed,"{'total_params': 12687872, 'trainable_params': 0, 'trainable_pct': 0.0, 'method': 'frozen'}",11.402019739151001,0.7395833333333334,
kqa3qhu7,v9,,0,,braindecode/bcic2a,frozen,flatten,2,ridge,median_std_clip,completed,"{'total_params': 12687872, 'trainable_params': 0, 'trainable_pct': 0.0, 'method': 'frozen'}",9.074772119522095,0.4467592592592593,
kqa3qhu7,v9,,0,,braindecode/bcic2020-3,frozen,flatten,2,ridge,median_std_clip,completed,"{'total_params': 12687872, 'trainable_params': 0, 'trainable_pct': 0.0, 'method': 'frozen'}",21.020058393478394,0.29066666666666674,
kqa3qhu7,v9,,0,,braindecode/physionet,frozen,flatten,2,ridge,median_std_clip,completed,"{'total_params': 12687872, 'trainable_params': 0, 'trainable_pct': 0.0, 'method': 'frozen'}",24.11505675315857,0.5755700613289247,
kqa3qhu7,v9,,0,,braindecode/chbmit,frozen,flatten,2,ridge,median_std_clip,completed,"{'total_params': 12687872, 'trainable_params': 0, 'trainable_pct': 0.0, 'method': 'frozen'}",52.71719813346863,0.8757404069018799,
kqa3qhu7,v9,,0,,braindecode/faced,frozen,flatten,2,ridge,median_std_clip,completed,"{'total_params': 12687872, 'trainable_params': 0, 'trainable_pct': 0.0, 'method': 'frozen'}",49.838820934295654,0.3079796109687414,
kqa3qhu7,v9,,0,,braindecode/isruc-sleep,frozen,flatten,2,ridge,median_std_clip,completed,"{'total_params': 12687872, 'trainable_params': 0, 'trainable_pct': 0.0, 'method': 'frozen'}",86.96552896499634,0.7029396978258976,
kqa3qhu7,v9,,0,,braindecode/mdd_mumtaz2016,frozen,flatten,2,ridge,median_std_clip,completed,"{'total_params': 12687872, 'trainable_params': 0, 'trainable_pct': 0.0, 'method': 'frozen'}",16.254838466644287,0.859261510215217,
kqa3qhu7,v9,,0,,braindecode/seed-v,frozen,flatten,2,ridge,median_std_clip,completed,"{'total_params': 12687872, 'trainable_params': 0, 'trainable_pct': 0.0, 'method': 'frozen'}",50.067527770996094,0.2900631973139315,
kqa3qhu7,v9,,0,,braindecode/seed-vig,frozen,flatten,2,ridge,median_std_clip,completed,"{'total_params': 12687872, 'trainable_params': 0, 'trainable_pct': 0.0, 'method': 'frozen'}",19.188267707824707,,-0.13252752954077684
kqa3qhu7,v9,,0,,braindecode/tuab,frozen,flatten,2,ridge,median_std_clip,completed,"{'total_params': 12687872, 'trainable_params': 0, 'trainable_pct': 0.0, 'method': 'frozen'}",57.12255120277405,0.8155504230577093,
kqa3qhu7,v9,,0,,braindecode/tuev,frozen,flatten,2,ridge,median_std_clip,completed,"{'total_params': 12687872, 'trainable_params': 0, 'trainable_pct': 0.0, 'method': 'frozen'}",13.293642520904541,0.9025143628931117,
kqa3qhu7,v9,,0,,braindecode/arithmetic_zyma2019,frozen,flatten,3,ridge,median_std_clip,completed,"{'total_params': 12687872, 'trainable_params': 0, 'trainable_pct': 0.0, 'method': 'frozen'}",13.706293821334839,0.7118055555555556,
kqa3qhu7,v9,,0,,braindecode/bcic2a,frozen,flatten,3,ridge,median_std_clip,completed,"{'total_params': 12687872, 'trainable_params': 0, 'trainable_pct': 0.0, 'method': 'frozen'}",9.63018798828125,0.44560185185185186,
kqa3qhu7,v9,,0,,braindecode/bcic2020-3,frozen,flatten,3,ridge,median_std_clip,completed,"{'total_params': 12687872, 'trainable_params': 0, 'trainable_pct': 0.0, 'method': 'frozen'}",21.780963897705078,0.2773333333333333,
kqa3qhu7,v9,,0,,braindecode/physionet,frozen,flatten,3,ridge,median_std_clip,completed,"{'total_params': 12687872, 'trainable_params': 0, 'trainable_pct': 0.0, 'method': 'frozen'}",24.06345772743225,0.5653774996136094,
kqa3qhu7,v9,,0,,braindecode/chbmit,frozen,flatten,3,ridge,median_std_clip,completed,"{'total_params': 12687872, 'trainable_params': 0, 'trainable_pct': 0.0, 'method': 'frozen'}",55.61452078819275,0.8740879045411623,
kqa3qhu7,v9,,0,,braindecode/faced,frozen,flatten,3,ridge,median_std_clip,completed,"{'total_params': 12687872, 'trainable_params': 0, 'trainable_pct': 0.0, 'method': 'frozen'}",51.17463970184326,0.31331244238852934,
kqa3qhu7,v9,,0,,braindecode/isruc-sleep,frozen,flatten,3,ridge,median_std_clip,completed,"{'total_params': 12687872, 'trainable_params': 0, 'trainable_pct': 0.0, 'method': 'frozen'}",88.63446307182312,0.693469200605446,
kqa3qhu7,v9,,0,,braindecode/mdd_mumtaz2016,frozen,flatten,3,ridge,median_std_clip,completed,"{'total_params': 12687872, 'trainable_params': 0, 'trainable_pct': 0.0, 'method': 'frozen'}",16.310808181762695,0.8651407021759704,
kqa3qhu7,v9,,0,,braindecode/seed-v,frozen,flatten,3,ridge,median_std_clip,completed,"{'total_params': 12687872, 'trainable_params': 0, 'trainable_pct': 0.0, 'method': 'frozen'}",50.59847044944763,0.2883561964995676,
kqa3qhu7,v9,,0,,braindecode/seed-vig,frozen,flatten,3,ridge,median_std_clip,completed,"{'total_params': 12687872, 'trainable_params': 0, 'trainable_pct': 0.0, 'method': 'frozen'}",23.04203724861145,,-0.126954526983172
kqa3qhu7,v9,,0,,braindecode/tuab,frozen,flatten,3,ridge,median_std_clip,completed,"{'total_params': 12687872, 'trainable_params': 0, 'trainable_pct': 0.0, 'method': 'frozen'}",58.0663857460022,0.8103142858422959,
kqa3qhu7,v9,,0,,braindecode/tuev,frozen,flatten,3,ridge,median_std_clip,completed,"{'total_params': 12687872, 'trainable_params': 0, 'trainable_pct': 0.0, 'method': 'frozen'}",12.514039278030396,0.9516090741000675,
kqa3qhu7,v9,,0,,braindecode/arithmetic_zyma2019,frozen,flatten,4,ridge,median_std_clip,completed,"{'total_params': 12687872, 'trainable_params': 0, 'trainable_pct': 0.0, 'method': 'frozen'}",11.90664029121399,0.7013888888888888,
kqa3qhu7,v9,,0,,braindecode/bcic2a,frozen,flatten,4,ridge,median_std_clip,completed,"{'total_params': 12687872, 'trainable_params': 0, 'trainable_pct': 0.0, 'method': 'frozen'}",8.922235250473022,0.4409722222222222,
kqa3qhu7,v9,,0,,braindecode/bcic2020-3,frozen,flatten,4,ridge,median_std_clip,completed,"{'total_params': 12687872, 'trainable_params': 0, 'trainable_pct': 0.0, 'method': 'frozen'}",21.991358280181885,0.27066666666666667,
kqa3qhu7,v9,,0,,braindecode/physionet,frozen,flatten,4,ridge,median_std_clip,completed,"{'total_params': 12687872, 'trainable_params': 0, 'trainable_pct': 0.0, 'method': 'frozen'}",25.025649070739746,0.564822131897269,
kqa3qhu7,v9,,0,,braindecode/chbmit,frozen,flatten,4,ridge,median_std_clip,completed,"{'total_params': 12687872, 'trainable_params': 0, 'trainable_pct': 0.0, 'method': 'frozen'}",56.64290452003479,0.8328826508713194,
kqa3qhu7,v9,,0,,braindecode/faced,frozen,flatten,4,ridge,median_std_clip,completed,"{'total_params': 12687872, 'trainable_params': 0, 'trainable_pct': 0.0, 'method': 'frozen'}",49.90728449821472,0.31382340485601357,
kqa3qhu7,v9,,0,,braindecode/isruc-sleep,frozen,flatten,4,ridge,median_std_clip,completed,"{'total_params': 12687872, 'trainable_params': 0, 'trainable_pct': 0.0, 'method': 'frozen'}",85.92762207984924,0.6969457010162948,
kqa3qhu7,v9,,0,,braindecode/mdd_mumtaz2016,frozen,flatten,4,ridge,median_std_clip,completed,"{'total_params': 12687872, 'trainable_params': 0, 'trainable_pct': 0.0, 'method': 'frozen'}",15.504339933395386,0.874156931291152,
kqa3qhu7,v9,,0,,braindecode/seed-v,frozen,flatten,4,ridge,median_std_clip,completed,"{'total_params': 12687872, 'trainable_params': 0, 'trainable_pct': 0.0, 'method': 'frozen'}",48.58003830909729,0.28736855906732794,
kqa3qhu7,v9,,0,,braindecode/seed-vig,frozen,flatten,4,ridge,median_std_clip,completed,"{'total_params': 12687872, 'trainable_params': 0, 'trainable_pct': 0.0, 'method': 'frozen'}",22.92664623260498,,-0.12804624442150936
kqa3qhu7,v9,,0,,braindecode/tuab,frozen,flatten,4,ridge,median_std_clip,completed,"{'total_params': 12687872, 'trainable_params': 0, 'trainable_pct': 0.0, 'method': 'frozen'}",57.09087824821472,0.7890009475955044,
kqa3qhu7,v9,,0,,braindecode/tuev,frozen,flatten,4,ridge,median_std_clip,completed,"{'total_params': 12687872, 'trainable_params': 0, 'trainable_pct': 0.0, 'method': 'frozen'}",13.105328559875488,0.9088086490381443,
0e8r79dk,v9,,0,,braindecode/arithmetic_zyma2019,frozen,flatten,0,ridge,median_std_clip,completed,"{'total_params': 12687872, 'trainable_params': 0, 'trainable_pct': 0.0, 'method': 'frozen'}",11.429965496063232,0.6423611111111112,
0e8r79dk,v9,,0,,braindecode/bcic2a,frozen,flatten,0,ridge,median_std_clip,completed,"{'total_params': 12687872, 'trainable_params': 0, 'trainable_pct': 0.0, 'method': 'frozen'}",9.375887155532837,0.46412037037037035,
0e8r79dk,v9,,0,,braindecode/bcic2020-3,frozen,flatten,0,ridge,median_std_clip,completed,"{'total_params': 12687872, 'trainable_params': 0, 'trainable_pct': 0.0, 'method': 'frozen'}",22.118279695510864,0.23866666666666667,
0e8r79dk,v9,,0,,braindecode/physionet,frozen,flatten,0,ridge,median_std_clip,completed,"{'total_params': 12687872, 'trainable_params': 0, 'trainable_pct': 0.0, 'method': 'frozen'}",23.793993711471558,0.577815866173986,
0e8r79dk,v9,,0,,braindecode/chbmit,frozen,flatten,0,ridge,median_std_clip,completed,"{'total_params': 12687872, 'trainable_params': 0, 'trainable_pct': 0.0, 'method': 'frozen'}",55.405335426330566,0.8589149283200275,
0e8r79dk,v9,,0,,braindecode/faced,frozen,flatten,0,ridge,median_std_clip,completed,"{'total_params': 12687872, 'trainable_params': 0, 'trainable_pct': 0.0, 'method': 'frozen'}",55.354106426239014,0.31827215658737396,
0e8r79dk,v9,,0,,braindecode/isruc-sleep,frozen,flatten,0,ridge,median_std_clip,completed,"{'total_params': 12687872, 'trainable_params': 0, 'trainable_pct': 0.0, 'method': 'frozen'}",90.25214982032776,0.669911153486175,
0e8r79dk,v9,,0,,braindecode/mdd_mumtaz2016,frozen,flatten,0,ridge,median_std_clip,completed,"{'total_params': 12687872, 'trainable_params': 0, 'trainable_pct': 0.0, 'method': 'frozen'}",16.850165128707886,0.8424291093091508,
0e8r79dk,v9,,0,,braindecode/seed-v,frozen,flatten,0,ridge,median_std_clip,completed,"{'total_params': 12687872, 'trainable_params': 0, 'trainable_pct': 0.0, 'method': 'frozen'}",50.21254253387451,0.28037266195023436,
0e8r79dk,v9,,0,,braindecode/seed-vig,frozen,flatten,0,ridge,median_std_clip,completed,"{'total_params': 12687872, 'trainable_params': 0, 'trainable_pct': 0.0, 'method': 'frozen'}",22.813053369522095,,-0.08166623507172277
0e8r79dk,v9,,0,,braindecode/tuab,frozen,flatten,0,ridge,median_std_clip,completed,"{'total_params': 12687872, 'trainable_params': 0, 'trainable_pct': 0.0, 'method': 'frozen'}",57.66773581504822,0.8094677783925823,
0e8r79dk,v9,,0,,braindecode/tuev,frozen,flatten,0,ridge,median_std_clip,completed,"{'total_params': 12687872, 'trainable_params': 0, 'trainable_pct': 0.0, 'method': 'frozen'}",12.881305932998657,0.8986539075623433,
0e8r79dk,v9,,0,,braindecode/arithmetic_zyma2019,frozen,flatten,1,ridge,median_std_clip,completed,"{'total_params': 12687872, 'trainable_params': 0, 'trainable_pct': 0.0, 'method': 'frozen'}",11.862213134765625,0.6493055555555556,
0e8r79dk,v9,,0,,braindecode/bcic2a,frozen,flatten,1,ridge,median_std_clip,completed,"{'total_params': 12687872, 'trainable_params': 0, 'trainable_pct': 0.0, 'method': 'frozen'}",8.679584503173828,0.46469907407407407,
0e8r79dk,v9,,0,,braindecode/bcic2020-3,frozen,flatten,1,ridge,median_std_clip,completed,"{'total_params': 12687872, 'trainable_params': 0, 'trainable_pct': 0.0, 'method': 'frozen'}",19.58156991004944,0.256,
0e8r79dk,v9,,0,,braindecode/physionet,frozen,flatten,1,ridge,median_std_clip,completed,"{'total_params': 12687872, 'trainable_params': 0, 'trainable_pct': 0.0, 'method': 'frozen'}",25.126775979995728,0.5778197080765513,
0e8r79dk,v9,,0,,braindecode/chbmit,frozen,flatten,1,ridge,median_std_clip,completed,"{'total_params': 12687872, 'trainable_params': 0, 'trainable_pct': 0.0, 'method': 'frozen'}",53.39161133766174,0.8825864881105674,
0e8r79dk,v9,,0,,braindecode/faced,frozen,flatten,1,ridge,median_std_clip,completed,"{'total_params': 12687872, 'trainable_params': 0, 'trainable_pct': 0.0, 'method': 'frozen'}",51.50682711601257,0.3183697341306037,
0e8r79dk,v9,,0,,braindecode/isruc-sleep,frozen,flatten,1,ridge,median_std_clip,completed,"{'total_params': 12687872, 'trainable_params': 0, 'trainable_pct': 0.0, 'method': 'frozen'}",90.30286240577698,0.650898750742418,
0e8r79dk,v9,,0,,braindecode/mdd_mumtaz2016,frozen,flatten,1,ridge,median_std_clip,completed,"{'total_params': 12687872, 'trainable_params': 0, 'trainable_pct': 0.0, 'method': 'frozen'}",15.739421606063843,0.8699761758043631,
0e8r79dk,v9,,0,,braindecode/seed-v,frozen,flatten,1,ridge,median_std_clip,completed,"{'total_params': 12687872, 'trainable_params': 0, 'trainable_pct': 0.0, 'method': 'frozen'}",48.12422966957092,0.2821450419501869,
0e8r79dk,v9,,0,,braindecode/seed-vig,frozen,flatten,1,ridge,median_std_clip,completed,"{'total_params': 12687872, 'trainable_params': 0, 'trainable_pct': 0.0, 'method': 'frozen'}",22.911885023117065,,-0.07552015920737642
0e8r79dk,v9,,0,,braindecode/tuab,frozen,flatten,1,ridge,median_std_clip,completed,"{'total_params': 12687872, 'trainable_params': 0, 'trainable_pct': 0.0, 'method': 'frozen'}",56.07961368560791,0.8057359210381883,
0e8r79dk,v9,,0,,braindecode/tuev,frozen,flatten,1,ridge,median_std_clip,completed,"{'total_params': 12687872, 'trainable_params': 0, 'trainable_pct': 0.0, 'method': 'frozen'}",12.508378744125366,0.8908596523730105,
0e8r79dk,v9,,0,,braindecode/arithmetic_zyma2019,frozen,flatten,2,ridge,median_std_clip,completed,"{'total_params': 12687872, 'trainable_params': 0, 'trainable_pct': 0.0, 'method': 'frozen'}",11.766607999801636,0.6736111111111112,
0e8r79dk,v9,,0,,braindecode/bcic2a,frozen,flatten,2,ridge,median_std_clip,completed,"{'total_params': 12687872, 'trainable_params': 0, 'trainable_pct': 0.0, 'method': 'frozen'}",9.241856098175049,0.47627314814814814,
0e8r79dk,v9,,0,,braindecode/bcic2020-3,frozen,flatten,2,ridge,median_std_clip,completed,"{'total_params': 12687872, 'trainable_params': 0, 'trainable_pct': 0.0, 'method': 'frozen'}",21.147225618362427,0.26266666666666666,
0e8r79dk,v9,,0,,braindecode/physionet,frozen,flatten,2,ridge,median_std_clip,completed,"{'total_params': 12687872, 'trainable_params': 0, 'trainable_pct': 0.0, 'method': 'frozen'}",24.119788885116577,0.5750095691457112,
0e8r79dk,v9,,0,,braindecode/chbmit,frozen,flatten,2,ridge,median_std_clip,completed,"{'total_params': 12687872, 'trainable_params': 0, 'trainable_pct': 0.0, 'method': 'frozen'}",54.86135959625244,0.8593870718516611,
0e8r79dk,v9,,0,,braindecode/faced,frozen,flatten,2,ridge,median_std_clip,completed,"{'total_params': 12687872, 'trainable_params': 0, 'trainable_pct': 0.0, 'method': 'frozen'}",50.99718642234802,0.3147699221068786,
0e8r79dk,v9,,0,,braindecode/isruc-sleep,frozen,flatten,2,ridge,median_std_clip,completed,"{'total_params': 12687872, 'trainable_params': 0, 'trainable_pct': 0.0, 'method': 'frozen'}",90.08991622924805,0.650148067139526,
0e8r79dk,v9,,0,,braindecode/mdd_mumtaz2016,frozen,flatten,2,ridge,median_std_clip,completed,"{'total_params': 12687872, 'trainable_params': 0, 'trainable_pct': 0.0, 'method': 'frozen'}",17.947624683380127,0.8395696516460027,
0e8r79dk,v9,,0,,braindecode/seed-v,frozen,flatten,2,ridge,median_std_clip,completed,"{'total_params': 12687872, 'trainable_params': 0, 'trainable_pct': 0.0, 'method': 'frozen'}",50.74989151954651,0.2845654569926451,
0e8r79dk,v9,,0,,braindecode/seed-vig,frozen,flatten,2,ridge,median_std_clip,completed,"{'total_params': 12687872, 'trainable_params': 0, 'trainable_pct': 0.0, 'method': 'frozen'}",23.43240237236023,,-0.08629141353158487
0e8r79dk,v9,,0,,braindecode/tuab,frozen,flatten,2,ridge,median_std_clip,completed,"{'total_params': 12687872, 'trainable_params': 0, 'trainable_pct': 0.0, 'method': 'frozen'}",57.00044631958008,0.8092221988248023,
0e8r79dk,v9,,0,,braindecode/tuev,frozen,flatten,2,ridge,median_std_clip,completed,"{'total_params': 12687872, 'trainable_params': 0, 'trainable_pct': 0.0, 'method': 'frozen'}",13.388944149017334,0.9524478790304832,
0e8r79dk,v9,,0,,braindecode/arithmetic_zyma2019,frozen,flatten,3,ridge,median_std_clip,completed,"{'total_params': 12687872, 'trainable_params': 0, 'trainable_pct': 0.0, 'method': 'frozen'}",12.535615682601929,0.6631944444444444,
0e8r79dk,v9,,0,,braindecode/bcic2a,frozen,flatten,3,ridge,median_std_clip,completed,"{'total_params': 12687872, 'trainable_params': 0, 'trainable_pct': 0.0, 'method': 'frozen'}",8.980093002319336,0.44270833333333337,
0e8r79dk,v9,,0,,braindecode/bcic2020-3,frozen,flatten,3,ridge,median_std_clip,completed,"{'total_params': 12687872, 'trainable_params': 0, 'trainable_pct': 0.0, 'method': 'frozen'}",22.28792667388916,0.27599999999999997,
0e8r79dk,v9,,0,,braindecode/physionet,frozen,flatten,3,ridge,median_std_clip,completed,"{'total_params': 12687872, 'trainable_params': 0, 'trainable_pct': 0.0, 'method': 'frozen'}",25.29613995552063,0.5812146789606623,
0e8r79dk,v9,,0,,braindecode/chbmit,frozen,flatten,3,ridge,median_std_clip,completed,"{'total_params': 12687872, 'trainable_params': 0, 'trainable_pct': 0.0, 'method': 'frozen'}",54.67319965362549,0.8553738518327754,
0e8r79dk,v9,,0,,braindecode/faced,frozen,flatten,3,ridge,median_std_clip,completed,"{'total_params': 12687872, 'trainable_params': 0, 'trainable_pct': 0.0, 'method': 'frozen'}",52.216961145401,0.31581326282413236,
0e8r79dk,v9,,0,,braindecode/isruc-sleep,frozen,flatten,3,ridge,median_std_clip,completed,"{'total_params': 12687872, 'trainable_params': 0, 'trainable_pct': 0.0, 'method': 'frozen'}",87.06444525718689,0.6634253680010014,
0e8r79dk,v9,,0,,braindecode/mdd_mumtaz2016,frozen,flatten,3,ridge,median_std_clip,completed,"{'total_params': 12687872, 'trainable_params': 0, 'trainable_pct': 0.0, 'method': 'frozen'}",16.567108154296875,0.8278359630627743,
0e8r79dk,v9,,0,,braindecode/seed-v,frozen,flatten,3,ridge,median_std_clip,completed,"{'total_params': 12687872, 'trainable_params': 0, 'trainable_pct': 0.0, 'method': 'frozen'}",50.922401428222656,0.28481626112489616,
0e8r79dk,v9,,0,,braindecode/seed-vig,frozen,flatten,3,ridge,median_std_clip,completed,"{'total_params': 12687872, 'trainable_params': 0, 'trainable_pct': 0.0, 'method': 'frozen'}",19.10700225830078,,-0.08073150276157093
0e8r79dk,v9,,0,,braindecode/tuab,frozen,flatten,3,ridge,median_std_clip,completed,"{'total_params': 12687872, 'trainable_params': 0, 'trainable_pct': 0.0, 'method': 'frozen'}",55.265645027160645,0.8089110940359727,
0e8r79dk,v9,,0,,braindecode/tuev,frozen,flatten,3,ridge,median_std_clip,completed,"{'total_params': 12687872, 'trainable_params': 0, 'trainable_pct': 0.0, 'method': 'frozen'}",12.423182487487793,0.9515016231656386,
0e8r79dk,v9,,0,,braindecode/arithmetic_zyma2019,frozen,flatten,4,ridge,median_std_clip,completed,"{'total_params': 12687872, 'trainable_params': 0, 'trainable_pct': 0.0, 'method': 'frozen'}",11.258599996566772,0.6423611111111112,
0e8r79dk,v9,,0,,braindecode/bcic2a,frozen,flatten,4,ridge,median_std_clip,completed,"{'total_params': 12687872, 'trainable_params': 0, 'trainable_pct': 0.0, 'method': 'frozen'}",8.989380836486816,0.4681712962962963,
0e8r79dk,v9,,0,,braindecode/bcic2020-3,frozen,flatten,4,ridge,median_std_clip,completed,"{'total_params': 12687872, 'trainable_params': 0, 'trainable_pct': 0.0, 'method': 'frozen'}",21.666922092437744,0.2573333333333333,
0e8r79dk,v9,,0,,braindecode/physionet,frozen,flatten,4,ridge,median_std_clip,completed,"{'total_params': 12687872, 'trainable_params': 0, 'trainable_pct': 0.0, 'method': 'frozen'}",24.14700937271118,0.5863013347956535,
0e8r79dk,v9,,0,,braindecode/chbmit,frozen,flatten,4,ridge,median_std_clip,completed,"{'total_params': 12687872, 'trainable_params': 0, 'trainable_pct': 0.0, 'method': 'frozen'}",53.189178705215454,0.8593870718516611,
0e8r79dk,v9,,0,,braindecode/faced,frozen,flatten,4,ridge,median_std_clip,completed,"{'total_params': 12687872, 'trainable_params': 0, 'trainable_pct': 0.0, 'method': 'frozen'}",51.679747104644775,0.31944293629076237,
0e8r79dk,v9,,0,,braindecode/isruc-sleep,frozen,flatten,4,ridge,median_std_clip,completed,"{'total_params': 12687872, 'trainable_params': 0, 'trainable_pct': 0.0, 'method': 'frozen'}",88.77550888061523,0.6624720862512531,
0e8r79dk,v9,,0,,braindecode/mdd_mumtaz2016,frozen,flatten,4,ridge,median_std_clip,completed,"{'total_params': 12687872, 'trainable_params': 0, 'trainable_pct': 0.0, 'method': 'frozen'}",16.09556293487549,0.841458358895601,
0e8r79dk,v9,,0,,braindecode/seed-v,frozen,flatten,4,ridge,median_std_clip,completed,"{'total_params': 12687872, 'trainable_params': 0, 'trainable_pct': 0.0, 'method': 'frozen'}",50.787460803985596,0.2824075942070338,
0e8r79dk,v9,,0,,braindecode/seed-vig,frozen,flatten,4,ridge,median_std_clip,completed,"{'total_params': 12687872, 'trainable_params': 0, 'trainable_pct': 0.0, 'method': 'frozen'}",23.34259819984436,,-0.08469382046294816
0e8r79dk,v9,,0,,braindecode/tuab,frozen,flatten,4,ridge,median_std_clip,completed,"{'total_params': 12687872, 'trainable_params': 0, 'trainable_pct': 0.0, 'method': 'frozen'}",61.516332149505615,0.8072488815908851,
0e8r79dk,v9,,0,,braindecode/tuev,frozen,flatten,4,ridge,median_std_clip,completed,"{'total_params': 12687872, 'trainable_params': 0, 'trainable_pct': 0.0, 'method': 'frozen'}",13.200221061706543,0.8998701475365959,
eeidax1z,v9,,0,,braindecode/arithmetic_zyma2019,frozen,flatten,0,ridge,median_std_clip,completed,"{'total_params': 12687872, 'trainable_params': 0, 'trainable_pct': 0.0, 'method': 'frozen'}",12.47276782989502,0.75,
eeidax1z,v9,,0,,braindecode/bcic2a,frozen,flatten,0,ridge,median_std_clip,completed,"{'total_params': 12687872, 'trainable_params': 0, 'trainable_pct': 0.0, 'method': 'frozen'}",9.20397663116455,0.47395833333333337,
eeidax1z,v9,,0,,braindecode/bcic2020-3,frozen,flatten,0,ridge,median_std_clip,completed,"{'total_params': 12687872, 'trainable_params': 0, 'trainable_pct': 0.0, 'method': 'frozen'}",22.139458179473877,0.272,
eeidax1z,v9,,0,,braindecode/physionet,frozen,flatten,0,ridge,median_std_clip,completed,"{'total_params': 12687872, 'trainable_params': 0, 'trainable_pct': 0.0, 'method': 'frozen'}",23.893624782562256,0.5693047867986692,
eeidax1z,v9,,0,,braindecode/chbmit,frozen,flatten,0,ridge,median_std_clip,completed,"{'total_params': 12687872, 'trainable_params': 0, 'trainable_pct': 0.0, 'method': 'frozen'}",54.777984380722046,0.835715512061121,
eeidax1z,v9,,0,,braindecode/faced,frozen,flatten,0,ridge,median_std_clip,completed,"{'total_params': 12687872, 'trainable_params': 0, 'trainable_pct': 0.0, 'method': 'frozen'}",52.434115171432495,0.3351684547336721,
eeidax1z,v9,,0,,braindecode/isruc-sleep,frozen,flatten,0,ridge,median_std_clip,completed,"{'total_params': 12687872, 'trainable_params': 0, 'trainable_pct': 0.0, 'method': 'frozen'}",88.37529921531677,0.6834776970923016,
eeidax1z,v9,,0,,braindecode/mdd_mumtaz2016,frozen,flatten,0,ridge,median_std_clip,completed,"{'total_params': 12687872, 'trainable_params': 0, 'trainable_pct': 0.0, 'method': 'frozen'}",16.513710498809814,0.7903969552009062,
eeidax1z,v9,,0,,braindecode/seed-v,frozen,flatten,0,ridge,median_std_clip,completed,"{'total_params': 12687872, 'trainable_params': 0, 'trainable_pct': 0.0, 'method': 'frozen'}",48.83511161804199,0.28591326226088076,
eeidax1z,v9,,0,,braindecode/seed-vig,frozen,flatten,0,ridge,median_std_clip,completed,"{'total_params': 12687872, 'trainable_params': 0, 'trainable_pct': 0.0, 'method': 'frozen'}",22.810676336288452,,-0.12739797331521463
eeidax1z,v9,,0,,braindecode/tuab,frozen,flatten,0,ridge,median_std_clip,completed,"{'total_params': 12687872, 'trainable_params': 0, 'trainable_pct': 0.0, 'method': 'frozen'}",57.51514506340027,0.8101081894205331,
eeidax1z,v9,,0,,braindecode/tuev,frozen,flatten,0,ridge,median_std_clip,completed,"{'total_params': 12687872, 'trainable_params': 0, 'trainable_pct': 0.0, 'method': 'frozen'}",13.34548807144165,0.8884960114408486,
eeidax1z,v9,,0,,braindecode/arithmetic_zyma2019,frozen,flatten,1,ridge,median_std_clip,completed,"{'total_params': 12687872, 'trainable_params': 0, 'trainable_pct': 0.0, 'method': 'frozen'}",11.41355562210083,0.7013888888888888,
eeidax1z,v9,,0,,braindecode/bcic2a,frozen,flatten,1,ridge,median_std_clip,completed,"{'total_params': 12687872, 'trainable_params': 0, 'trainable_pct': 0.0, 'method': 'frozen'}",9.512687683105469,0.47685185185185186,
eeidax1z,v9,,0,,braindecode/bcic2020-3,frozen,flatten,1,ridge,median_std_clip,completed,"{'total_params': 12687872, 'trainable_params': 0, 'trainable_pct': 0.0, 'method': 'frozen'}",22.22497868537903,0.2613333333333333,
eeidax1z,v9,,0,,braindecode/physionet,frozen,flatten,1,ridge,median_std_clip,completed,"{'total_params': 12687872, 'trainable_params': 0, 'trainable_pct': 0.0, 'method': 'frozen'}",24.148144006729126,0.5681645987097739,
eeidax1z,v9,,0,,braindecode/chbmit,frozen,flatten,1,ridge,median_std_clip,completed,"{'total_params': 12687872, 'trainable_params': 0, 'trainable_pct': 0.0, 'method': 'frozen'}",52.50376319885254,0.8115718087389475,
eeidax1z,v9,,0,,braindecode/faced,frozen,flatten,1,ridge,median_std_clip,completed,"{'total_params': 12687872, 'trainable_params': 0, 'trainable_pct': 0.0, 'method': 'frozen'}",49.87893223762512,0.32823501981110675,
eeidax1z,v9,,0,,braindecode/isruc-sleep,frozen,flatten,1,ridge,median_std_clip,completed,"{'total_params': 12687872, 'trainable_params': 0, 'trainable_pct': 0.0, 'method': 'frozen'}",86.60153007507324,0.6783842412715312,
eeidax1z,v9,,0,,braindecode/mdd_mumtaz2016,frozen,flatten,1,ridge,median_std_clip,completed,"{'total_params': 12687872, 'trainable_params': 0, 'trainable_pct': 0.0, 'method': 'frozen'}",16.04609966278076,0.8336280407593641,
eeidax1z,v9,,0,,braindecode/seed-v,frozen,flatten,1,ridge,median_std_clip,completed,"{'total_params': 12687872, 'trainable_params': 0, 'trainable_pct': 0.0, 'method': 'frozen'}",50.33259105682373,0.2843200274918556,
eeidax1z,v9,,0,,braindecode/seed-vig,frozen,flatten,1,ridge,median_std_clip,completed,"{'total_params': 12687872, 'trainable_params': 0, 'trainable_pct': 0.0, 'method': 'frozen'}",24.243513822555542,,-0.11738738593295217
eeidax1z,v9,,0,,braindecode/tuab,frozen,flatten,1,ridge,median_std_clip,completed,"{'total_params': 12687872, 'trainable_params': 0, 'trainable_pct': 0.0, 'method': 'frozen'}",57.04026961326599,0.8046746364750343,
eeidax1z,v9,,0,,braindecode/tuev,frozen,flatten,1,ridge,median_std_clip,completed,"{'total_params': 12687872, 'trainable_params': 0, 'trainable_pct': 0.0, 'method': 'frozen'}",13.333226442337036,0.9505343678365715,
eeidax1z,v9,,0,,braindecode/arithmetic_zyma2019,frozen,flatten,2,ridge,median_std_clip,completed,"{'total_params': 12687872, 'trainable_params': 0, 'trainable_pct': 0.0, 'method': 'frozen'}",13.203084468841553,0.7118055555555556,
eeidax1z,v9,,0,,braindecode/bcic2a,frozen,flatten,2,ridge,median_std_clip,completed,"{'total_params': 12687872, 'trainable_params': 0, 'trainable_pct': 0.0, 'method': 'frozen'}",9.445558547973633,0.47337962962962965,
eeidax1z,v9,,0,,braindecode/bcic2020-3,frozen,flatten,2,ridge,median_std_clip,completed,"{'total_params': 12687872, 'trainable_params': 0, 'trainable_pct': 0.0, 'method': 'frozen'}",19.60021686553955,0.26133333333333336,
eeidax1z,v9,,0,,braindecode/physionet,frozen,flatten,2,ridge,median_std_clip,completed,"{'total_params': 12687872, 'trainable_params': 0, 'trainable_pct': 0.0, 'method': 'frozen'}",25.798681259155273,0.5647786115661754,
eeidax1z,v9,,0,,braindecode/chbmit,frozen,flatten,2,ridge,median_std_clip,completed,"{'total_params': 12687872, 'trainable_params': 0, 'trainable_pct': 0.0, 'method': 'frozen'}",56.128875970840454,0.8740879045411623,
eeidax1z,v9,,0,,braindecode/faced,frozen,flatten,2,ridge,median_std_clip,completed,"{'total_params': 12687872, 'trainable_params': 0, 'trainable_pct': 0.0, 'method': 'frozen'}",52.072794914245605,0.3314739306587133,
eeidax1z,v9,,0,,braindecode/isruc-sleep,frozen,flatten,2,ridge,median_std_clip,completed,"{'total_params': 12687872, 'trainable_params': 0, 'trainable_pct': 0.0, 'method': 'frozen'}",89.23839330673218,0.6862239561075226,
eeidax1z,v9,,0,,braindecode/mdd_mumtaz2016,frozen,flatten,2,ridge,median_std_clip,completed,"{'total_params': 12687872, 'trainable_params': 0, 'trainable_pct': 0.0, 'method': 'frozen'}",16.654189348220825,0.8455114569841236,
eeidax1z,v9,,0,,braindecode/seed-v,frozen,flatten,2,ridge,median_std_clip,completed,"{'total_params': 12687872, 'trainable_params': 0, 'trainable_pct': 0.0, 'method': 'frozen'}",51.53683280944824,0.2853021660285033,
eeidax1z,v9,,0,,braindecode/seed-vig,frozen,flatten,2,ridge,median_std_clip,completed,"{'total_params': 12687872, 'trainable_params': 0, 'trainable_pct': 0.0, 'method': 'frozen'}",23.357224225997925,,-0.12058007691947292
eeidax1z,v9,,0,,braindecode/tuab,frozen,flatten,2,ridge,median_std_clip,completed,"{'total_params': 12687872, 'trainable_params': 0, 'trainable_pct': 0.0, 'method': 'frozen'}",57.36201524734497,0.807946137148208,
eeidax1z,v9,,0,,braindecode/tuev,frozen,flatten,2,ridge,median_std_clip,completed,"{'total_params': 12687872, 'trainable_params': 0, 'trainable_pct': 0.0, 'method': 'frozen'}",12.472739934921265,0.8820416969331487,
eeidax1z,v9,,0,,braindecode/arithmetic_zyma2019,frozen,flatten,3,ridge,median_std_clip,completed,"{'total_params': 12687872, 'trainable_params': 0, 'trainable_pct': 0.0, 'method': 'frozen'}",11.964802503585815,0.7569444444444444,
eeidax1z,v9,,0,,braindecode/bcic2a,frozen,flatten,3,ridge,median_std_clip,completed,"{'total_params': 12687872, 'trainable_params': 0, 'trainable_pct': 0.0, 'method': 'frozen'}",9.357904195785522,0.4809027777777778,
eeidax1z,v9,,0,,braindecode/bcic2020-3,frozen,flatten,3,ridge,median_std_clip,completed,"{'total_params': 12687872, 'trainable_params': 0, 'trainable_pct': 0.0, 'method': 'frozen'}",20.98326277732849,0.2773333333333333,
eeidax1z,v9,,0,,braindecode/physionet,frozen,flatten,3,ridge,median_std_clip,completed,"{'total_params': 12687872, 'trainable_params': 0, 'trainable_pct': 0.0, 'method': 'frozen'}",24.011414051055908,0.5681966280753199,
eeidax1z,v9,,0,,braindecode/chbmit,frozen,flatten,3,ridge,median_std_clip,completed,"{'total_params': 12687872, 'trainable_params': 0, 'trainable_pct': 0.0, 'method': 'frozen'}",56.23846483230591,0.8110996652073139,
eeidax1z,v9,,0,,braindecode/faced,frozen,flatten,3,ridge,median_std_clip,completed,"{'total_params': 12687872, 'trainable_params': 0, 'trainable_pct': 0.0, 'method': 'frozen'}",49.40708565711975,0.3293610073501378,
eeidax1z,v9,,0,,braindecode/isruc-sleep,frozen,flatten,3,ridge,median_std_clip,completed,"{'total_params': 12687872, 'trainable_params': 0, 'trainable_pct': 0.0, 'method': 'frozen'}",85.83248496055603,0.6819235316634845,
eeidax1z,v9,,0,,braindecode/mdd_mumtaz2016,frozen,flatten,3,ridge,median_std_clip,completed,"{'total_params': 12687872, 'trainable_params': 0, 'trainable_pct': 0.0, 'method': 'frozen'}",15.534297943115234,0.834133031259437,
eeidax1z,v9,,0,,braindecode/seed-v,frozen,flatten,3,ridge,median_std_clip,completed,"{'total_params': 12687872, 'trainable_params': 0, 'trainable_pct': 0.0, 'method': 'frozen'}",48.57225465774536,0.2842775410231005,
eeidax1z,v9,,0,,braindecode/seed-vig,frozen,flatten,3,ridge,median_std_clip,completed,"{'total_params': 12687872, 'trainable_params': 0, 'trainable_pct': 0.0, 'method': 'frozen'}",23.05239748954773,,-0.11165967000402066
eeidax1z,v9,,0,,braindecode/tuab,frozen,flatten,3,ridge,median_std_clip,completed,"{'total_params': 12687872, 'trainable_params': 0, 'trainable_pct': 0.0, 'method': 'frozen'}",57.00631403923035,0.8061875970277312,
eeidax1z,v9,,0,,braindecode/tuev,frozen,flatten,3,ridge,median_std_clip,completed,"{'total_params': 12687872, 'trainable_params': 0, 'trainable_pct': 0.0, 'method': 'frozen'}",13.231312036514282,0.8857816062022303,
eeidax1z,v9,,0,,braindecode/arithmetic_zyma2019,frozen,flatten,4,ridge,median_std_clip,completed,"{'total_params': 12687872, 'trainable_params': 0, 'trainable_pct': 0.0, 'method': 'frozen'}",11.442586183547974,0.7222222222222222,
eeidax1z,v9,,0,,braindecode/bcic2a,frozen,flatten,4,ridge,median_std_clip,completed,"{'total_params': 12687872, 'trainable_params': 0, 'trainable_pct': 0.0, 'method': 'frozen'}",9.384639024734497,0.4716435185185185,
eeidax1z,v9,,0,,braindecode/bcic2020-3,frozen,flatten,4,ridge,median_std_clip,completed,"{'total_params': 12687872, 'trainable_params': 0, 'trainable_pct': 0.0, 'method': 'frozen'}",21.392807722091675,0.23066666666666666,
eeidax1z,v9,,0,,braindecode/physionet,frozen,flatten,4,ridge,median_std_clip,completed,"{'total_params': 12687872, 'trainable_params': 0, 'trainable_pct': 0.0, 'method': 'frozen'}",21.568973541259766,0.5744273254824879,
eeidax1z,v9,,0,,braindecode/chbmit,frozen,flatten,4,ridge,median_std_clip,completed,"{'total_params': 12687872, 'trainable_params': 0, 'trainable_pct': 0.0, 'method': 'frozen'}",54.763211488723755,0.8743239763069791,
eeidax1z,v9,,0,,braindecode/faced,frozen,flatten,4,ridge,median_std_clip,completed,"{'total_params': 12687872, 'trainable_params': 0, 'trainable_pct': 0.0, 'method': 'frozen'}",56.93395185470581,0.33711487787574745,
eeidax1z,v9,,0,,braindecode/isruc-sleep,frozen,flatten,4,ridge,median_std_clip,completed,"{'total_params': 12687872, 'trainable_params': 0, 'trainable_pct': 0.0, 'method': 'frozen'}",90.74802446365356,0.6807708570896402,
eeidax1z,v9,,0,,braindecode/mdd_mumtaz2016,frozen,flatten,4,ridge,median_std_clip,completed,"{'total_params': 12687872, 'trainable_params': 0, 'trainable_pct': 0.0, 'method': 'frozen'}",16.78678035736084,0.8675717346102833,
eeidax1z,v9,,0,,braindecode/seed-v,frozen,flatten,4,ridge,median_std_clip,completed,"{'total_params': 12687872, 'trainable_params': 0, 'trainable_pct': 0.0, 'method': 'frozen'}",50.25474667549133,0.2896405264147683,
eeidax1z,v9,,0,,braindecode/seed-vig,frozen,flatten,4,ridge,median_std_clip,completed,"{'total_params': 12687872, 'trainable_params': 0, 'trainable_pct': 0.0, 'method': 'frozen'}",23.136579036712646,,-0.11278118958252614
eeidax1z,v9,,0,,braindecode/tuab,frozen,flatten,4,ridge,median_std_clip,completed,"{'total_params': 12687872, 'trainable_params': 0, 'trainable_pct': 0.0, 'method': 'frozen'}",57.51317644119263,0.8022448828722673,
eeidax1z,v9,,0,,braindecode/tuev,frozen,flatten,4,ridge,median_std_clip,completed,"{'total_params': 12687872, 'trainable_params': 0, 'trainable_pct': 0.0, 'method': 'frozen'}",13.189258813858032,0.8870253872967577,
4stxb7s2,v9,,0,,braindecode/arithmetic_zyma2019,frozen,flatten,0,ridge,median_std_clip,completed,"{'total_params': 12687872, 'trainable_params': 0, 'trainable_pct': 0.0, 'method': 'frozen'}",11.751646280288696,0.6840277777777778,
4stxb7s2,v9,,0,,braindecode/bcic2a,frozen,flatten,0,ridge,median_std_clip,completed,"{'total_params': 12687872, 'trainable_params': 0, 'trainable_pct': 0.0, 'method': 'frozen'}",9.42390751838684,0.4756944444444444,
4stxb7s2,v9,,0,,braindecode/bcic2020-3,frozen,flatten,0,ridge,median_std_clip,completed,"{'total_params': 12687872, 'trainable_params': 0, 'trainable_pct': 0.0, 'method': 'frozen'}",22.158191919326782,0.2586666666666667,
4stxb7s2,v9,,0,,braindecode/physionet,frozen,flatten,0,ridge,median_std_clip,completed,"{'total_params': 12687872, 'trainable_params': 0, 'trainable_pct': 0.0, 'method': 'frozen'}",23.9939124584198,0.5789330144282057,
4stxb7s2,v9,,0,,braindecode/chbmit,frozen,flatten,0,ridge,median_std_clip,completed,"{'total_params': 12687872, 'trainable_params': 0, 'trainable_pct': 0.0, 'method': 'frozen'}",53.164101123809814,0.879281483389132,
4stxb7s2,v9,,0,,braindecode/faced,frozen,flatten,0,ridge,median_std_clip,completed,"{'total_params': 12687872, 'trainable_params': 0, 'trainable_pct': 0.0, 'method': 'frozen'}",51.641581296920776,0.32245592571679527,
4stxb7s2,v9,,0,,braindecode/isruc-sleep,frozen,flatten,0,ridge,median_std_clip,completed,"{'total_params': 12687872, 'trainable_params': 0, 'trainable_pct': 0.0, 'method': 'frozen'}",90.6351706981659,0.6745121471278397,
4stxb7s2,v9,,0,,braindecode/mdd_mumtaz2016,frozen,flatten,0,ridge,median_std_clip,completed,"{'total_params': 12687872, 'trainable_params': 0, 'trainable_pct': 0.0, 'method': 'frozen'}",15.568667650222778,0.8585539984961121,
4stxb7s2,v9,,0,,braindecode/seed-v,frozen,flatten,0,ridge,median_std_clip,completed,"{'total_params': 12687872, 'trainable_params': 0, 'trainable_pct': 0.0, 'method': 'frozen'}",48.122450828552246,0.28584388268901956,
4stxb7s2,v9,,0,,braindecode/seed-vig,frozen,flatten,0,ridge,median_std_clip,completed,"{'total_params': 12687872, 'trainable_params': 0, 'trainable_pct': 0.0, 'method': 'frozen'}",22.90172839164734,,-0.18509696354519756
4stxb7s2,v9,,0,,braindecode/tuab,frozen,flatten,0,ridge,median_std_clip,completed,"{'total_params': 12687872, 'trainable_params': 0, 'trainable_pct': 0.0, 'method': 'frozen'}",55.867146492004395,0.8029247770462351,
4stxb7s2,v9,,0,,braindecode/tuev,frozen,flatten,0,ridge,median_std_clip,completed,"{'total_params': 12687872, 'trainable_params': 0, 'trainable_pct': 0.0, 'method': 'frozen'}",12.423337697982788,0.8881603547759446,
4stxb7s2,v9,,0,,braindecode/arithmetic_zyma2019,frozen,flatten,1,ridge,median_std_clip,completed,"{'total_params': 12687872, 'trainable_params': 0, 'trainable_pct': 0.0, 'method': 'frozen'}",11.679565906524658,0.7083333333333333,
4stxb7s2,v9,,0,,braindecode/bcic2a,frozen,flatten,1,ridge,median_std_clip,completed,"{'total_params': 12687872, 'trainable_params': 0, 'trainable_pct': 0.0, 'method': 'frozen'}",9.221264839172363,0.43229166666666663,
4stxb7s2,v9,,0,,braindecode/bcic2020-3,frozen,flatten,1,ridge,median_std_clip,completed,"{'total_params': 12687872, 'trainable_params': 0, 'trainable_pct': 0.0, 'method': 'frozen'}",21.163139820098877,0.26799999999999996,
4stxb7s2,v9,,0,,braindecode/physionet,frozen,flatten,1,ridge,median_std_clip,completed,"{'total_params': 12687872, 'trainable_params': 0, 'trainable_pct': 0.0, 'method': 'frozen'}",23.990548133850098,0.565921341622254,
4stxb7s2,v9,,0,,braindecode/chbmit,frozen,flatten,1,ridge,median_std_clip,completed,"{'total_params': 12687872, 'trainable_params': 0, 'trainable_pct': 0.0, 'method': 'frozen'}",54.60240960121155,0.8979955360975191,
4stxb7s2,v9,,0,,braindecode/faced,frozen,flatten,1,ridge,median_std_clip,completed,"{'total_params': 12687872, 'trainable_params': 0, 'trainable_pct': 0.0, 'method': 'frozen'}",50.52246141433716,0.3267424001119653,
4stxb7s2,v9,,0,,braindecode/isruc-sleep,frozen,flatten,1,ridge,median_std_clip,completed,"{'total_params': 12687872, 'trainable_params': 0, 'trainable_pct': 0.0, 'method': 'frozen'}",89.6622269153595,0.6770143554074073,
4stxb7s2,v9,,0,,braindecode/mdd_mumtaz2016,frozen,flatten,1,ridge,median_std_clip,completed,"{'total_params': 12687872, 'trainable_params': 0, 'trainable_pct': 0.0, 'method': 'frozen'}",18.665604829788208,0.8466971735115857,
4stxb7s2,v9,,0,,braindecode/seed-v,frozen,flatten,1,ridge,median_std_clip,completed,"{'total_params': 12687872, 'trainable_params': 0, 'trainable_pct': 0.0, 'method': 'frozen'}",51.55955505371094,0.285238471412893,
4stxb7s2,v9,,0,,braindecode/seed-vig,frozen,flatten,1,ridge,median_std_clip,completed,"{'total_params': 12687872, 'trainable_params': 0, 'trainable_pct': 0.0, 'method': 'frozen'}",19.047435998916626,,-0.18272199826319424
4stxb7s2,v9,,0,,braindecode/tuab,frozen,flatten,1,ridge,median_std_clip,completed,"{'total_params': 12687872, 'trainable_params': 0, 'trainable_pct': 0.0, 'method': 'frozen'}",56.74488282203674,0.8098799712361081,
4stxb7s2,v9,,0,,braindecode/tuev,frozen,flatten,1,ridge,median_std_clip,completed,"{'total_params': 12687872, 'trainable_params': 0, 'trainable_pct': 0.0, 'method': 'frozen'}",13.293500900268555,0.9023511680695978,
4stxb7s2,v9,,0,,braindecode/arithmetic_zyma2019,frozen,flatten,2,ridge,median_std_clip,completed,"{'total_params': 12687872, 'trainable_params': 0, 'trainable_pct': 0.0, 'method': 'frozen'}",12.09147024154663,0.6736111111111112,
4stxb7s2,v9,,0,,braindecode/bcic2a,frozen,flatten,2,ridge,median_std_clip,completed,"{'total_params': 12687872, 'trainable_params': 0, 'trainable_pct': 0.0, 'method': 'frozen'}",9.053513050079346,0.4849537037037037,
4stxb7s2,v9,,0,,braindecode/bcic2020-3,frozen,flatten,2,ridge,median_std_clip,completed,"{'total_params': 12687872, 'trainable_params': 0, 'trainable_pct': 0.0, 'method': 'frozen'}",21.355416297912598,0.2613333333333333,
4stxb7s2,v9,,0,,braindecode/physionet,frozen,flatten,2,ridge,median_std_clip,completed,"{'total_params': 12687872, 'trainable_params': 0, 'trainable_pct': 0.0, 'method': 'frozen'}",23.917109489440918,0.5766693057960581,
4stxb7s2,v9,,0,,braindecode/chbmit,frozen,flatten,2,ridge,median_std_clip,completed,"{'total_params': 12687872, 'trainable_params': 0, 'trainable_pct': 0.0, 'method': 'frozen'}",53.98424458503723,0.8795175551549489,
4stxb7s2,v9,,0,,braindecode/faced,frozen,flatten,2,ridge,median_std_clip,completed,"{'total_params': 12687872, 'trainable_params': 0, 'trainable_pct': 0.0, 'method': 'frozen'}",52.675276041030884,0.3196659922203401,
4stxb7s2,v9,,0,,braindecode/isruc-sleep,frozen,flatten,2,ridge,median_std_clip,completed,"{'total_params': 12687872, 'trainable_params': 0, 'trainable_pct': 0.0, 'method': 'frozen'}",87.15558981895447,0.6752966671361753,
4stxb7s2,v9,,0,,braindecode/mdd_mumtaz2016,frozen,flatten,2,ridge,median_std_clip,completed,"{'total_params': 12687872, 'trainable_params': 0, 'trainable_pct': 0.0, 'method': 'frozen'}",16.506082773208618,0.760696046859696,
4stxb7s2,v9,,0,,braindecode/seed-v,frozen,flatten,2,ridge,median_std_clip,completed,"{'total_params': 12687872, 'trainable_params': 0, 'trainable_pct': 0.0, 'method': 'frozen'}",52.00977802276611,0.28465187244827966,
4stxb7s2,v9,,0,,braindecode/seed-vig,frozen,flatten,2,ridge,median_std_clip,completed,"{'total_params': 12687872, 'trainable_params': 0, 'trainable_pct': 0.0, 'method': 'frozen'}",19.14510703086853,,-0.17814921930112604
4stxb7s2,v9,,0,,braindecode/tuab,frozen,flatten,2,ridge,median_std_clip,completed,"{'total_params': 12687872, 'trainable_params': 0, 'trainable_pct': 0.0, 'method': 'frozen'}",55.23558259010315,0.803170356614015,
4stxb7s2,v9,,0,,braindecode/tuev,frozen,flatten,2,ridge,median_std_clip,completed,"{'total_params': 12687872, 'trainable_params': 0, 'trainable_pct': 0.0, 'method': 'frozen'}",12.428260803222656,0.9538266521797145,
4stxb7s2,v9,,0,,braindecode/arithmetic_zyma2019,frozen,flatten,3,ridge,median_std_clip,completed,"{'total_params': 12687872, 'trainable_params': 0, 'trainable_pct': 0.0, 'method': 'frozen'}",11.756447792053223,0.6840277777777778,
4stxb7s2,v9,,0,,braindecode/bcic2a,frozen,flatten,3,ridge,median_std_clip,completed,"{'total_params': 12687872, 'trainable_params': 0, 'trainable_pct': 0.0, 'method': 'frozen'}",9.929734945297241,0.4693287037037037,
4stxb7s2,v9,,0,,braindecode/bcic2020-3,frozen,flatten,3,ridge,median_std_clip,completed,"{'total_params': 12687872, 'trainable_params': 0, 'trainable_pct': 0.0, 'method': 'frozen'}",21.4830904006958,0.2693333333333333,
4stxb7s2,v9,,0,,braindecode/physionet,frozen,flatten,3,ridge,median_std_clip,completed,"{'total_params': 12687872, 'trainable_params': 0, 'trainable_pct': 0.0, 'method': 'frozen'}",24.020992517471313,0.5733050701324692,
4stxb7s2,v9,,0,,braindecode/chbmit,frozen,flatten,3,ridge,median_std_clip,completed,"{'total_params': 12687872, 'trainable_params': 0, 'trainable_pct': 0.0, 'method': 'frozen'}",53.8812096118927,0.783650957163705,
4stxb7s2,v9,,0,,braindecode/faced,frozen,flatten,3,ridge,median_std_clip,completed,"{'total_params': 12687872, 'trainable_params': 0, 'trainable_pct': 0.0, 'method': 'frozen'}",51.13456726074219,0.32641513076295686,
4stxb7s2,v9,,0,,braindecode/isruc-sleep,frozen,flatten,3,ridge,median_std_clip,completed,"{'total_params': 12687872, 'trainable_params': 0, 'trainable_pct': 0.0, 'method': 'frozen'}",88.93941307067871,0.6788379792414874,
4stxb7s2,v9,,0,,braindecode/mdd_mumtaz2016,frozen,flatten,3,ridge,median_std_clip,completed,"{'total_params': 12687872, 'trainable_params': 0, 'trainable_pct': 0.0, 'method': 'frozen'}",15.983757495880127,0.8296886481752381,
4stxb7s2,v9,,0,,braindecode/seed-v,frozen,flatten,3,ridge,median_std_clip,completed,"{'total_params': 12687872, 'trainable_params': 0, 'trainable_pct': 0.0, 'method': 'frozen'}",50.59496593475342,0.2790811125118272,
4stxb7s2,v9,,0,,braindecode/seed-vig,frozen,flatten,3,ridge,median_std_clip,completed,"{'total_params': 12687872, 'trainable_params': 0, 'trainable_pct': 0.0, 'method': 'frozen'}",23.442503690719604,,-0.1822657237667331
4stxb7s2,v9,,0,,braindecode/tuab,frozen,flatten,3,ridge,median_std_clip,completed,"{'total_params': 12687872, 'trainable_params': 0, 'trainable_pct': 0.0, 'method': 'frozen'}",61.56612229347229,0.803986061609389,
4stxb7s2,v9,,0,,braindecode/tuev,frozen,flatten,3,ridge,median_std_clip,completed,"{'total_params': 12687872, 'trainable_params': 0, 'trainable_pct': 0.0, 'method': 'frozen'}",13.350465774536133,0.953164125384918,
4stxb7s2,v9,,0,,braindecode/arithmetic_zyma2019,frozen,flatten,4,ridge,median_std_clip,completed,"{'total_params': 12687872, 'trainable_params': 0, 'trainable_pct': 0.0, 'method': 'frozen'}",12.428552627563477,0.6701388888888888,
4stxb7s2,v9,,0,,braindecode/bcic2a,frozen,flatten,4,ridge,median_std_clip,completed,"{'total_params': 12687872, 'trainable_params': 0, 'trainable_pct': 0.0, 'method': 'frozen'}",8.949893951416016,0.4756944444444444,
4stxb7s2,v9,,0,,braindecode/bcic2020-3,frozen,flatten,4,ridge,median_std_clip,completed,"{'total_params': 12687872, 'trainable_params': 0, 'trainable_pct': 0.0, 'method': 'frozen'}",19.447166442871094,0.24266666666666667,
4stxb7s2,v9,,0,,braindecode/physionet,frozen,flatten,4,ridge,median_std_clip,completed,"{'total_params': 12687872, 'trainable_params': 0, 'trainable_pct': 0.0, 'method': 'frozen'}",25.264033555984497,0.5585798972016891,
4stxb7s2,v9,,0,,braindecode/chbmit,frozen,flatten,4,ridge,median_std_clip,completed,"{'total_params': 12687872, 'trainable_params': 0, 'trainable_pct': 0.0, 'method': 'frozen'}",54.78321599960327,0.8996480384582368,
4stxb7s2,v9,,0,,braindecode/faced,frozen,flatten,4,ridge,median_std_clip,completed,"{'total_params': 12687872, 'trainable_params': 0, 'trainable_pct': 0.0, 'method': 'frozen'}",52.06885075569153,0.3215382142012577,
4stxb7s2,v9,,0,,braindecode/isruc-sleep,frozen,flatten,4,ridge,median_std_clip,completed,"{'total_params': 12687872, 'trainable_params': 0, 'trainable_pct': 0.0, 'method': 'frozen'}",87.8790192604065,0.6766472566797119,
4stxb7s2,v9,,0,,braindecode/mdd_mumtaz2016,frozen,flatten,4,ridge,median_std_clip,completed,"{'total_params': 12687872, 'trainable_params': 0, 'trainable_pct': 0.0, 'method': 'frozen'}",17.109678745269775,0.8525795739218005,
4stxb7s2,v9,,0,,braindecode/seed-v,frozen,flatten,4,ridge,median_std_clip,completed,"{'total_params': 12687872, 'trainable_params': 0, 'trainable_pct': 0.0, 'method': 'frozen'}",48.77942252159119,0.28619575277667897,
4stxb7s2,v9,,0,,braindecode/seed-vig,frozen,flatten,4,ridge,median_std_clip,completed,"{'total_params': 12687872, 'trainable_params': 0, 'trainable_pct': 0.0, 'method': 'frozen'}",23.019142389297485,,-0.18355261165794223
4stxb7s2,v9,,0,,braindecode/tuab,frozen,flatten,4,ridge,median_std_clip,completed,"{'total_params': 12687872, 'trainable_params': 0, 'trainable_pct': 0.0, 'method': 'frozen'}",57.3592095375061,0.8126824345363839,
4stxb7s2,v9,,0,,braindecode/tuev,frozen,flatten,4,ridge,median_std_clip,completed,"{'total_params': 12687872, 'trainable_params': 0, 'trainable_pct': 0.0, 'method': 'frozen'}",13.015969038009644,0.9530291333302142,
9p8xmw0q,v9,,0,,braindecode/arithmetic_zyma2019,frozen,flatten,0,ridge,median_std_clip,completed,"{'total_params': 12687872, 'trainable_params': 0, 'trainable_pct': 0.0, 'method': 'frozen'}",11.334168910980225,0.7430555555555556,
9p8xmw0q,v9,,0,,braindecode/bcic2a,frozen,flatten,0,ridge,median_std_clip,completed,"{'total_params': 12687872, 'trainable_params': 0, 'trainable_pct': 0.0, 'method': 'frozen'}",9.246110439300537,0.4537037037037037,
9p8xmw0q,v9,,0,,braindecode/bcic2020-3,frozen,flatten,0,ridge,median_std_clip,completed,"{'total_params': 12687872, 'trainable_params': 0, 'trainable_pct': 0.0, 'method': 'frozen'}",22.550060749053955,0.2693333333333333,
9p8xmw0q,v9,,0,,braindecode/physionet,frozen,flatten,0,ridge,median_std_clip,completed,"{'total_params': 12687872, 'trainable_params': 0, 'trainable_pct': 0.0, 'method': 'frozen'}",23.98125958442688,0.5653416804587205,
9p8xmw0q,v9,,0,,braindecode/chbmit,frozen,flatten,0,ridge,median_std_clip,completed,"{'total_params': 12687872, 'trainable_params': 0, 'trainable_pct': 0.0, 'method': 'frozen'}",52.85819363594055,0.89941196669242,
9p8xmw0q,v9,,0,,braindecode/faced,frozen,flatten,0,ridge,median_std_clip,completed,"{'total_params': 12687872, 'trainable_params': 0, 'trainable_pct': 0.0, 'method': 'frozen'}",49.68322706222534,0.3171359136033049,
9p8xmw0q,v9,,0,,braindecode/isruc-sleep,frozen,flatten,0,ridge,median_std_clip,completed,"{'total_params': 12687872, 'trainable_params': 0, 'trainable_pct': 0.0, 'method': 'frozen'}",87.33800649642944,0.6711469565935765,
9p8xmw0q,v9,,0,,braindecode/mdd_mumtaz2016,frozen,flatten,0,ridge,median_std_clip,completed,"{'total_params': 12687872, 'trainable_params': 0, 'trainable_pct': 0.0, 'method': 'frozen'}",15.943775177001953,0.8304725307140978,
9p8xmw0q,v9,,0,,braindecode/seed-v,frozen,flatten,0,ridge,median_std_clip,completed,"{'total_params': 12687872, 'trainable_params': 0, 'trainable_pct': 0.0, 'method': 'frozen'}",50.16774821281433,0.28381179680611957,
9p8xmw0q,v9,,0,,braindecode/seed-vig,frozen,flatten,0,ridge,median_std_clip,completed,"{'total_params': 12687872, 'trainable_params': 0, 'trainable_pct': 0.0, 'method': 'frozen'}",22.846447467803955,,-0.1844057976136766
9p8xmw0q,v9,,0,,braindecode/tuab,frozen,flatten,0,ridge,median_std_clip,completed,"{'total_params': 12687872, 'trainable_params': 0, 'trainable_pct': 0.0, 'method': 'frozen'}",57.34106755256653,0.808516262575802,
9p8xmw0q,v9,,0,,braindecode/tuev,frozen,flatten,0,ridge,median_std_clip,completed,"{'total_params': 12687872, 'trainable_params': 0, 'trainable_pct': 0.0, 'method': 'frozen'}",13.278238296508789,0.8997606840878726,
9p8xmw0q,v9,,0,,braindecode/arithmetic_zyma2019,frozen,flatten,1,ridge,median_std_clip,completed,"{'total_params': 12687872, 'trainable_params': 0, 'trainable_pct': 0.0, 'method': 'frozen'}",13.727845191955566,0.71875,
9p8xmw0q,v9,,0,,braindecode/bcic2a,frozen,flatten,1,ridge,median_std_clip,completed,"{'total_params': 12687872, 'trainable_params': 0, 'trainable_pct': 0.0, 'method': 'frozen'}",8.816877365112305,0.44733796296296297,
9p8xmw0q,v9,,0,,braindecode/bcic2020-3,frozen,flatten,1,ridge,median_std_clip,completed,"{'total_params': 12687872, 'trainable_params': 0, 'trainable_pct': 0.0, 'method': 'frozen'}",19.56289052963257,0.2613333333333333,
9p8xmw0q,v9,,0,,braindecode/physionet,frozen,flatten,1,ridge,median_std_clip,completed,"{'total_params': 12687872, 'trainable_params': 0, 'trainable_pct': 0.0, 'method': 'frozen'}",25.310566902160645,0.582901303138608,
9p8xmw0q,v9,,0,,braindecode/chbmit,frozen,flatten,1,ridge,median_std_clip,completed,"{'total_params': 12687872, 'trainable_params': 0, 'trainable_pct': 0.0, 'method': 'frozen'}",56.39675688743591,0.8961069619709847,
9p8xmw0q,v9,,0,,braindecode/faced,frozen,flatten,1,ridge,median_std_clip,completed,"{'total_params': 12687872, 'trainable_params': 0, 'trainable_pct': 0.0, 'method': 'frozen'}",50.819679737091064,0.31257676502241716,
9p8xmw0q,v9,,0,,braindecode/isruc-sleep,frozen,flatten,1,ridge,median_std_clip,completed,"{'total_params': 12687872, 'trainable_params': 0, 'trainable_pct': 0.0, 'method': 'frozen'}",89.15621042251587,0.6663678034521009,
9p8xmw0q,v9,,0,,braindecode/mdd_mumtaz2016,frozen,flatten,1,ridge,median_std_clip,completed,"{'total_params': 12687872, 'trainable_params': 0, 'trainable_pct': 0.0, 'method': 'frozen'}",17.029042959213257,0.8134609913797713,
9p8xmw0q,v9,,0,,braindecode/seed-v,frozen,flatten,1,ridge,median_std_clip,completed,"{'total_params': 12687872, 'trainable_params': 0, 'trainable_pct': 0.0, 'method': 'frozen'}",50.67629384994507,0.2821887228065606,
9p8xmw0q,v9,,0,,braindecode/seed-vig,frozen,flatten,1,ridge,median_std_clip,completed,"{'total_params': 12687872, 'trainable_params': 0, 'trainable_pct': 0.0, 'method': 'frozen'}",23.40755009651184,,-0.19335265777681565
9p8xmw0q,v9,,0,,braindecode/tuab,frozen,flatten,1,ridge,median_std_clip,completed,"{'total_params': 12687872, 'trainable_params': 0, 'trainable_pct': 0.0, 'method': 'frozen'}",57.33883452415466,0.8045956701830002,
9p8xmw0q,v9,,0,,braindecode/tuev,frozen,flatten,1,ridge,median_std_clip,completed,"{'total_params': 12687872, 'trainable_params': 0, 'trainable_pct': 0.0, 'method': 'frozen'}",12.479410409927368,0.8916754453249096,
9p8xmw0q,v9,,0,,braindecode/arithmetic_zyma2019,frozen,flatten,2,ridge,median_std_clip,completed,"{'total_params': 12687872, 'trainable_params': 0, 'trainable_pct': 0.0, 'method': 'frozen'}",12.063572883605957,0.7152777777777778,
9p8xmw0q,v9,,0,,braindecode/bcic2a,frozen,flatten,2,ridge,median_std_clip,completed,"{'total_params': 12687872, 'trainable_params': 0, 'trainable_pct': 0.0, 'method': 'frozen'}",9.918789625167847,0.44907407407407407,
9p8xmw0q,v9,,0,,braindecode/bcic2020-3,frozen,flatten,2,ridge,median_std_clip,completed,"{'total_params': 12687872, 'trainable_params': 0, 'trainable_pct': 0.0, 'method': 'frozen'}",21.68270444869995,0.252,
9p8xmw0q,v9,,0,,braindecode/physionet,frozen,flatten,2,ridge,median_std_clip,completed,"{'total_params': 12687872, 'trainable_params': 0, 'trainable_pct': 0.0, 'method': 'frozen'}",23.919877290725708,0.5766526498311312,
9p8xmw0q,v9,,0,,braindecode/chbmit,frozen,flatten,2,ridge,median_std_clip,completed,"{'total_params': 12687872, 'trainable_params': 0, 'trainable_pct': 0.0, 'method': 'frozen'}",55.17525625228882,0.8771568374967809,
9p8xmw0q,v9,,0,,braindecode/faced,frozen,flatten,2,ridge,median_std_clip,completed,"{'total_params': 12687872, 'trainable_params': 0, 'trainable_pct': 0.0, 'method': 'frozen'}",49.28829860687256,0.3060452530561226,
9p8xmw0q,v9,,0,,braindecode/isruc-sleep,frozen,flatten,2,ridge,median_std_clip,completed,"{'total_params': 12687872, 'trainable_params': 0, 'trainable_pct': 0.0, 'method': 'frozen'}",86.07195281982422,0.6647692233282017,
9p8xmw0q,v9,,0,,braindecode/mdd_mumtaz2016,frozen,flatten,2,ridge,median_std_clip,completed,"{'total_params': 12687872, 'trainable_params': 0, 'trainable_pct': 0.0, 'method': 'frozen'}",15.48945927619934,0.8232484636874495,
9p8xmw0q,v9,,0,,braindecode/seed-v,frozen,flatten,2,ridge,median_std_clip,completed,"{'total_params': 12687872, 'trainable_params': 0, 'trainable_pct': 0.0, 'method': 'frozen'}",48.58076763153076,0.28219014852573177,
9p8xmw0q,v9,,0,,braindecode/seed-vig,frozen,flatten,2,ridge,median_std_clip,completed,"{'total_params': 12687872, 'trainable_params': 0, 'trainable_pct': 0.0, 'method': 'frozen'}",23.428829669952393,,-0.19548003243348377
9p8xmw0q,v9,,0,,braindecode/tuab,frozen,flatten,2,ridge,median_std_clip,completed,"{'total_params': 12687872, 'trainable_params': 0, 'trainable_pct': 0.0, 'method': 'frozen'}",57.2302680015564,0.802639714332438,
9p8xmw0q,v9,,0,,braindecode/tuev,frozen,flatten,2,ridge,median_std_clip,completed,"{'total_params': 12687872, 'trainable_params': 0, 'trainable_pct': 0.0, 'method': 'frozen'}",13.341503858566284,0.9559498744521905,
9p8xmw0q,v9,,0,,braindecode/arithmetic_zyma2019,frozen,flatten,3,ridge,median_std_clip,completed,"{'total_params': 12687872, 'trainable_params': 0, 'trainable_pct': 0.0, 'method': 'frozen'}",11.458418369293213,0.7222222222222223,
9p8xmw0q,v9,,0,,braindecode/bcic2a,frozen,flatten,3,ridge,median_std_clip,completed,"{'total_params': 12687872, 'trainable_params': 0, 'trainable_pct': 0.0, 'method': 'frozen'}",9.091152667999268,0.4513888888888889,
9p8xmw0q,v9,,0,,braindecode/bcic2020-3,frozen,flatten,3,ridge,median_std_clip,completed,"{'total_params': 12687872, 'trainable_params': 0, 'trainable_pct': 0.0, 'method': 'frozen'}",21.186914920806885,0.26399999999999996,
9p8xmw0q,v9,,0,,braindecode/physionet,frozen,flatten,3,ridge,median_std_clip,completed,"{'total_params': 12687872, 'trainable_params': 0, 'trainable_pct': 0.0, 'method': 'frozen'}",25.45281672477722,0.5642565094568244,
9p8xmw0q,v9,,0,,braindecode/chbmit,frozen,flatten,3,ridge,median_std_clip,completed,"{'total_params': 12687872, 'trainable_params': 0, 'trainable_pct': 0.0, 'method': 'frozen'}",54.317503213882446,0.8979955360975191,
9p8xmw0q,v9,,0,,braindecode/faced,frozen,flatten,3,ridge,median_std_clip,completed,"{'total_params': 12687872, 'trainable_params': 0, 'trainable_pct': 0.0, 'method': 'frozen'}",56.73413610458374,0.309900697128958,
9p8xmw0q,v9,,0,,braindecode/isruc-sleep,frozen,flatten,3,ridge,median_std_clip,completed,"{'total_params': 12687872, 'trainable_params': 0, 'trainable_pct': 0.0, 'method': 'frozen'}",91.80135536193848,0.6759538630933594,
9p8xmw0q,v9,,0,,braindecode/mdd_mumtaz2016,frozen,flatten,3,ridge,median_std_clip,completed,"{'total_params': 12687872, 'trainable_params': 0, 'trainable_pct': 0.0, 'method': 'frozen'}",16.32664394378662,0.8112528489572831,
9p8xmw0q,v9,,0,,braindecode/seed-v,frozen,flatten,3,ridge,median_std_clip,completed,"{'total_params': 12687872, 'trainable_params': 0, 'trainable_pct': 0.0, 'method': 'frozen'}",50.390472173690796,0.2812054883573277,
9p8xmw0q,v9,,0,,braindecode/seed-vig,frozen,flatten,3,ridge,median_std_clip,completed,"{'total_params': 12687872, 'trainable_params': 0, 'trainable_pct': 0.0, 'method': 'frozen'}",19.165228366851807,,-0.18786977502043967
9p8xmw0q,v9,,0,,braindecode/tuab,frozen,flatten,3,ridge,median_std_clip,completed,"{'total_params': 12687872, 'trainable_params': 0, 'trainable_pct': 0.0, 'method': 'frozen'}",57.51059651374817,0.799170797929179,
9p8xmw0q,v9,,0,,braindecode/tuev,frozen,flatten,3,ridge,median_std_clip,completed,"{'total_params': 12687872, 'trainable_params': 0, 'trainable_pct': 0.0, 'method': 'frozen'}",13.077941417694092,0.8886393489315401,
9p8xmw0q,v9,,0,,braindecode/arithmetic_zyma2019,frozen,flatten,4,ridge,median_std_clip,completed,"{'total_params': 12687872, 'trainable_params': 0, 'trainable_pct': 0.0, 'method': 'frozen'}",11.846916437149048,0.7361111111111112,
9p8xmw0q,v9,,0,,braindecode/bcic2a,frozen,flatten,4,ridge,median_std_clip,completed,"{'total_params': 12687872, 'trainable_params': 0, 'trainable_pct': 0.0, 'method': 'frozen'}",9.050909996032715,0.4508101851851852,
9p8xmw0q,v9,,0,,braindecode/bcic2020-3,frozen,flatten,4,ridge,median_std_clip,completed,"{'total_params': 12687872, 'trainable_params': 0, 'trainable_pct': 0.0, 'method': 'frozen'}",21.17693042755127,0.2773333333333333,
9p8xmw0q,v9,,0,,braindecode/physionet,frozen,flatten,4,ridge,median_std_clip,completed,"{'total_params': 12687872, 'trainable_params': 0, 'trainable_pct': 0.0, 'method': 'frozen'}",24.11089849472046,0.567633570763491,
9p8xmw0q,v9,,0,,braindecode/chbmit,frozen,flatten,4,ridge,median_std_clip,completed,"{'total_params': 12687872, 'trainable_params': 0, 'trainable_pct': 0.0, 'method': 'frozen'}",53.2546272277832,0.8972873208000687,
9p8xmw0q,v9,,0,,braindecode/faced,frozen,flatten,4,ridge,median_std_clip,completed,"{'total_params': 12687872, 'trainable_params': 0, 'trainable_pct': 0.0, 'method': 'frozen'}",51.655553579330444,0.32023094658964224,
9p8xmw0q,v9,,0,,braindecode/isruc-sleep,frozen,flatten,4,ridge,median_std_clip,completed,"{'total_params': 12687872, 'trainable_params': 0, 'trainable_pct': 0.0, 'method': 'frozen'}",88.24482655525208,0.6740415470292683,
9p8xmw0q,v9,,0,,braindecode/mdd_mumtaz2016,frozen,flatten,4,ridge,median_std_clip,completed,"{'total_params': 12687872, 'trainable_params': 0, 'trainable_pct': 0.0, 'method': 'frozen'}",15.83484935760498,0.8113573180162603,
9p8xmw0q,v9,,0,,braindecode/seed-v,frozen,flatten,4,ridge,median_std_clip,completed,"{'total_params': 12687872, 'trainable_params': 0, 'trainable_pct': 0.0, 'method': 'frozen'}",48.06882119178772,0.28486374407890513,
9p8xmw0q,v9,,0,,braindecode/seed-vig,frozen,flatten,4,ridge,median_std_clip,completed,"{'total_params': 12687872, 'trainable_params': 0, 'trainable_pct': 0.0, 'method': 'frozen'}",22.904255867004395,,-0.1884857443702419
9p8xmw0q,v9,,0,,braindecode/tuab,frozen,flatten,4,ridge,median_std_clip,completed,"{'total_params': 12687872, 'trainable_params': 0, 'trainable_pct': 0.0, 'method': 'frozen'}",55.78108525276184,0.7987980882316703,
9p8xmw0q,v9,,0,,braindecode/tuev,frozen,flatten,4,ridge,median_std_clip,completed,"{'total_params': 12687872, 'trainable_params': 0, 'trainable_pct': 0.0, 'method': 'frozen'}",12.4584801197052,0.8908221825863243,
nd67puc3,v9,,0,,braindecode/arithmetic_zyma2019,frozen,flatten,0,ridge,median_std_clip,completed,"{'total_params': 12687872, 'trainable_params': 0, 'trainable_pct': 0.0, 'method': 'frozen'}",11.62311601638794,0.6215277777777778,
nd67puc3,v9,,0,,braindecode/bcic2a,frozen,flatten,0,ridge,median_std_clip,completed,"{'total_params': 12687872, 'trainable_params': 0, 'trainable_pct': 0.0, 'method': 'frozen'}",9.366292715072632,0.4201388888888889,
nd67puc3,v9,,0,,braindecode/bcic2020-3,frozen,flatten,0,ridge,median_std_clip,completed,"{'total_params': 12687872, 'trainable_params': 0, 'trainable_pct': 0.0, 'method': 'frozen'}",22.03407907485962,0.26666666666666666,
nd67puc3,v9,,0,,braindecode/physionet,frozen,flatten,0,ridge,median_std_clip,completed,"{'total_params': 12687872, 'trainable_params': 0, 'trainable_pct': 0.0, 'method': 'frozen'}",23.89604687690735,0.5359451907173705,
nd67puc3,v9,,0,,braindecode/chbmit,frozen,flatten,0,ridge,median_std_clip,completed,"{'total_params': 12687872, 'trainable_params': 0, 'trainable_pct': 0.0, 'method': 'frozen'}",54.278552293777466,0.8835951583826938,
nd67puc3,v9,,0,,braindecode/faced,frozen,flatten,0,ridge,median_std_clip,completed,"{'total_params': 12687872, 'trainable_params': 0, 'trainable_pct': 0.0, 'method': 'frozen'}",50.34003400802612,0.28699516063646496,
nd67puc3,v9,,0,,braindecode/isruc-sleep,frozen,flatten,0,ridge,median_std_clip,completed,"{'total_params': 12687872, 'trainable_params': 0, 'trainable_pct': 0.0, 'method': 'frozen'}",89.4939968585968,0.6388590495383598,
nd67puc3,v9,,0,,braindecode/mdd_mumtaz2016,frozen,flatten,0,ridge,median_std_clip,completed,"{'total_params': 12687872, 'trainable_params': 0, 'trainable_pct': 0.0, 'method': 'frozen'}",18.09836483001709,0.8289736014611861,
nd67puc3,v9,,0,,braindecode/seed-v,frozen,flatten,0,ridge,median_std_clip,completed,"{'total_params': 12687872, 'trainable_params': 0, 'trainable_pct': 0.0, 'method': 'frozen'}",50.97248959541321,0.27609712313047685,
nd67puc3,v9,,0,,braindecode/seed-vig,frozen,flatten,0,ridge,median_std_clip,completed,"{'total_params': 12687872, 'trainable_params': 0, 'trainable_pct': 0.0, 'method': 'frozen'}",22.96978235244751,,-0.3105236561578939
nd67puc3,v9,,0,,braindecode/tuab,frozen,flatten,0,ridge,median_std_clip,completed,"{'total_params': 12687872, 'trainable_params': 0, 'trainable_pct': 0.0, 'method': 'frozen'}",56.76462364196777,0.7779451066660992,
nd67puc3,v9,,0,,braindecode/tuev,frozen,flatten,0,ridge,median_std_clip,completed,"{'total_params': 12687872, 'trainable_params': 0, 'trainable_pct': 0.0, 'method': 'frozen'}",13.427582502365112,0.8610202250203653,
nd67puc3,v9,,0,,braindecode/arithmetic_zyma2019,frozen,flatten,1,ridge,median_std_clip,completed,"{'total_params': 12687872, 'trainable_params': 0, 'trainable_pct': 0.0, 'method': 'frozen'}",12.019423484802246,0.6736111111111112,
nd67puc3,v9,,0,,braindecode/bcic2a,frozen,flatten,1,ridge,median_std_clip,completed,"{'total_params': 12687872, 'trainable_params': 0, 'trainable_pct': 0.0, 'method': 'frozen'}",9.863706588745117,0.4126157407407407,
nd67puc3,v9,,0,,braindecode/bcic2020-3,frozen,flatten,1,ridge,median_std_clip,completed,"{'total_params': 12687872, 'trainable_params': 0, 'trainable_pct': 0.0, 'method': 'frozen'}",21.363316774368286,0.2733333333333333,
nd67puc3,v9,,0,,braindecode/physionet,frozen,flatten,1,ridge,median_std_clip,completed,"{'total_params': 12687872, 'trainable_params': 0, 'trainable_pct': 0.0, 'method': 'frozen'}",24.17552661895752,0.5444050659564631,
nd67puc3,v9,,0,,braindecode/chbmit,frozen,flatten,1,ridge,median_std_clip,completed,"{'total_params': 12687872, 'trainable_params': 0, 'trainable_pct': 0.0, 'method': 'frozen'}",54.84022617340088,0.8840673019143275,
nd67puc3,v9,,0,,braindecode/faced,frozen,flatten,1,ridge,median_std_clip,completed,"{'total_params': 12687872, 'trainable_params': 0, 'trainable_pct': 0.0, 'method': 'frozen'}",51.25220441818237,0.2625063644085383,
nd67puc3,v9,,0,,braindecode/isruc-sleep,frozen,flatten,1,ridge,median_std_clip,completed,"{'total_params': 12687872, 'trainable_params': 0, 'trainable_pct': 0.0, 'method': 'frozen'}",87.29372262954712,0.6362464986957128,
nd67puc3,v9,,0,,braindecode/mdd_mumtaz2016,frozen,flatten,1,ridge,median_std_clip,completed,"{'total_params': 12687872, 'trainable_params': 0, 'trainable_pct': 0.0, 'method': 'frozen'}",16.476392030715942,0.8284718194105748,
nd67puc3,v9,,0,,braindecode/seed-v,frozen,flatten,1,ridge,median_std_clip,completed,"{'total_params': 12687872, 'trainable_params': 0, 'trainable_pct': 0.0, 'method': 'frozen'}",49.1505823135376,0.2747179838921739,
nd67puc3,v9,,0,,braindecode/seed-vig,frozen,flatten,1,ridge,median_std_clip,completed,"{'total_params': 12687872, 'trainable_params': 0, 'trainable_pct': 0.0, 'method': 'frozen'}",23.56075692176819,,-0.2908399408979103
nd67puc3,v9,,0,,braindecode/tuab,frozen,flatten,1,ridge,median_std_clip,completed,"{'total_params': 12687872, 'trainable_params': 0, 'trainable_pct': 0.0, 'method': 'frozen'}",55.02521514892578,0.7789361056288966,
nd67puc3,v9,,0,,braindecode/tuev,frozen,flatten,1,ridge,median_std_clip,completed,"{'total_params': 12687872, 'trainable_params': 0, 'trainable_pct': 0.0, 'method': 'frozen'}",12.451568841934204,0.8555609275115194,
nd67puc3,v9,,0,,braindecode/arithmetic_zyma2019,frozen,flatten,2,ridge,median_std_clip,completed,"{'total_params': 12687872, 'trainable_params': 0, 'trainable_pct': 0.0, 'method': 'frozen'}",11.346915245056152,0.6840277777777777,
nd67puc3,v9,,0,,braindecode/bcic2a,frozen,flatten,2,ridge,median_std_clip,completed,"{'total_params': 12687872, 'trainable_params': 0, 'trainable_pct': 0.0, 'method': 'frozen'}",9.271746397018433,0.3773148148148148,
nd67puc3,v9,,0,,braindecode/bcic2020-3,frozen,flatten,2,ridge,median_std_clip,completed,"{'total_params': 12687872, 'trainable_params': 0, 'trainable_pct': 0.0, 'method': 'frozen'}",19.551718950271606,0.2693333333333333,
nd67puc3,v9,,0,,braindecode/physionet,frozen,flatten,2,ridge,median_std_clip,completed,"{'total_params': 12687872, 'trainable_params': 0, 'trainable_pct': 0.0, 'method': 'frozen'}",25.965179204940796,0.5523441621830187,
nd67puc3,v9,,0,,braindecode/chbmit,frozen,flatten,2,ridge,median_std_clip,completed,"{'total_params': 12687872, 'trainable_params': 0, 'trainable_pct': 0.0, 'method': 'frozen'}",53.15122389793396,0.9070306464074169,
nd67puc3,v9,,0,,braindecode/faced,frozen,flatten,2,ridge,median_std_clip,completed,"{'total_params': 12687872, 'trainable_params': 0, 'trainable_pct': 0.0, 'method': 'frozen'}",51.60797595977783,0.27467716462281677,
nd67puc3,v9,,0,,braindecode/isruc-sleep,frozen,flatten,2,ridge,median_std_clip,completed,"{'total_params': 12687872, 'trainable_params': 0, 'trainable_pct': 0.0, 'method': 'frozen'}",89.21733498573303,0.6344419712104223,
nd67puc3,v9,,0,,braindecode/mdd_mumtaz2016,frozen,flatten,2,ridge,median_std_clip,completed,"{'total_params': 12687872, 'trainable_params': 0, 'trainable_pct': 0.0, 'method': 'frozen'}",15.945480346679688,0.8339257945919543,
nd67puc3,v9,,0,,braindecode/seed-v,frozen,flatten,2,ridge,median_std_clip,completed,"{'total_params': 12687872, 'trainable_params': 0, 'trainable_pct': 0.0, 'method': 'frozen'}",50.53185415267944,0.2798688828707299,
nd67puc3,v9,,0,,braindecode/seed-vig,frozen,flatten,2,ridge,median_std_clip,completed,"{'total_params': 12687872, 'trainable_params': 0, 'trainable_pct': 0.0, 'method': 'frozen'}",23.363815784454346,,-0.30251619888228265
nd67puc3,v9,,0,,braindecode/tuab,frozen,flatten,2,ridge,median_std_clip,completed,"{'total_params': 12687872, 'trainable_params': 0, 'trainable_pct': 0.0, 'method': 'frozen'}",61.03126263618469,0.7783572995096248,
nd67puc3,v9,,0,,braindecode/tuev,frozen,flatten,2,ridge,median_std_clip,completed,"{'total_params': 12687872, 'trainable_params': 0, 'trainable_pct': 0.0, 'method': 'frozen'}",13.283776044845581,0.8579755626414963,
nd67puc3,v9,,0,,braindecode/arithmetic_zyma2019,frozen,flatten,3,ridge,median_std_clip,completed,"{'total_params': 12687872, 'trainable_params': 0, 'trainable_pct': 0.0, 'method': 'frozen'}",12.463480472564697,0.7013888888888888,
nd67puc3,v9,,0,,braindecode/bcic2a,frozen,flatten,3,ridge,median_std_clip,completed,"{'total_params': 12687872, 'trainable_params': 0, 'trainable_pct': 0.0, 'method': 'frozen'}",9.251174449920654,0.4224537037037037,
nd67puc3,v9,,0,,braindecode/bcic2020-3,frozen,flatten,3,ridge,median_std_clip,completed,"{'total_params': 12687872, 'trainable_params': 0, 'trainable_pct': 0.0, 'method': 'frozen'}",21.246258020401,0.25733333333333336,
nd67puc3,v9,,0,,braindecode/physionet,frozen,flatten,3,ridge,median_std_clip,completed,"{'total_params': 12687872, 'trainable_params': 0, 'trainable_pct': 0.0, 'method': 'frozen'}",23.94107151031494,0.5393222230722468,
nd67puc3,v9,,0,,braindecode/chbmit,frozen,flatten,3,ridge,median_std_clip,completed,"{'total_params': 12687872, 'trainable_params': 0, 'trainable_pct': 0.0, 'method': 'frozen'}",54.62596559524536,0.9449952785646837,
nd67puc3,v9,,0,,braindecode/faced,frozen,flatten,3,ridge,median_std_clip,completed,"{'total_params': 12687872, 'trainable_params': 0, 'trainable_pct': 0.0, 'method': 'frozen'}",51.41990041732788,0.2869444866727475,
nd67puc3,v9,,0,,braindecode/isruc-sleep,frozen,flatten,3,ridge,median_std_clip,completed,"{'total_params': 12687872, 'trainable_params': 0, 'trainable_pct': 0.0, 'method': 'frozen'}",87.91017937660217,0.6356486014989704,
nd67puc3,v9,,0,,braindecode/mdd_mumtaz2016,frozen,flatten,3,ridge,median_std_clip,completed,"{'total_params': 12687872, 'trainable_params': 0, 'trainable_pct': 0.0, 'method': 'frozen'}",16.189961910247803,0.8291387879955767,
nd67puc3,v9,,0,,braindecode/seed-v,frozen,flatten,3,ridge,median_std_clip,completed,"{'total_params': 12687872, 'trainable_params': 0, 'trainable_pct': 0.0, 'method': 'frozen'}",48.89102602005005,0.27614808093866444,
nd67puc3,v9,,0,,braindecode/seed-vig,frozen,flatten,3,ridge,median_std_clip,completed,"{'total_params': 12687872, 'trainable_params': 0, 'trainable_pct': 0.0, 'method': 'frozen'}",23.4758038520813,,-0.3105889461496445
nd67puc3,v9,,0,,braindecode/tuab,frozen,flatten,3,ridge,median_std_clip,completed,"{'total_params': 12687872, 'trainable_params': 0, 'trainable_pct': 0.0, 'method': 'frozen'}",57.58898735046387,0.7740726781109919,
nd67puc3,v9,,0,,braindecode/tuev,frozen,flatten,3,ridge,median_std_clip,completed,"{'total_params': 12687872, 'trainable_params': 0, 'trainable_pct': 0.0, 'method': 'frozen'}",12.833272933959961,0.860608045551666,
nd67puc3,v9,,0,,braindecode/arithmetic_zyma2019,frozen,flatten,4,ridge,median_std_clip,completed,"{'total_params': 12687872, 'trainable_params': 0, 'trainable_pct': 0.0, 'method': 'frozen'}",11.346048593521118,0.6805555555555556,
nd67puc3,v9,,0,,braindecode/bcic2a,frozen,flatten,4,ridge,median_std_clip,completed,"{'total_params': 12687872, 'trainable_params': 0, 'trainable_pct': 0.0, 'method': 'frozen'}",9.257937908172607,0.4149305555555556,
nd67puc3,v9,,0,,braindecode/bcic2020-3,frozen,flatten,4,ridge,median_std_clip,completed,"{'total_params': 12687872, 'trainable_params': 0, 'trainable_pct': 0.0, 'method': 'frozen'}",21.899021863937378,0.29733333333333334,
nd67puc3,v9,,0,,braindecode/physionet,frozen,flatten,4,ridge,median_std_clip,completed,"{'total_params': 12687872, 'trainable_params': 0, 'trainable_pct': 0.0, 'method': 'frozen'}",22.379150390625,0.5597009742138448,
nd67puc3,v9,,0,,braindecode/chbmit,frozen,flatten,4,ridge,median_std_clip,completed,"{'total_params': 12687872, 'trainable_params': 0, 'trainable_pct': 0.0, 'method': 'frozen'}",52.71818971633911,0.8629925315477723,
nd67puc3,v9,,0,,braindecode/faced,frozen,flatten,4,ridge,median_std_clip,completed,"{'total_params': 12687872, 'trainable_params': 0, 'trainable_pct': 0.0, 'method': 'frozen'}",49.9063184261322,0.2867068016524538,
nd67puc3,v9,,0,,braindecode/isruc-sleep,frozen,flatten,4,ridge,median_std_clip,completed,"{'total_params': 12687872, 'trainable_params': 0, 'trainable_pct': 0.0, 'method': 'frozen'}",86.55265736579895,0.6373929165228788,
nd67puc3,v9,,0,,braindecode/mdd_mumtaz2016,frozen,flatten,4,ridge,median_std_clip,completed,"{'total_params': 12687872, 'trainable_params': 0, 'trainable_pct': 0.0, 'method': 'frozen'}",16.229264736175537,0.8298851413983123,
nd67puc3,v9,,0,,braindecode/seed-v,frozen,flatten,4,ridge,median_std_clip,completed,"{'total_params': 12687872, 'trainable_params': 0, 'trainable_pct': 0.0, 'method': 'frozen'}",50.32362627983093,0.27820874078310415,
nd67puc3,v9,,0,,braindecode/seed-vig,frozen,flatten,4,ridge,median_std_clip,completed,"{'total_params': 12687872, 'trainable_params': 0, 'trainable_pct': 0.0, 'method': 'frozen'}",23.465925216674805,,-0.30033203223238636
nd67puc3,v9,,0,,braindecode/tuab,frozen,flatten,4,ridge,median_std_clip,completed,"{'total_params': 12687872, 'trainable_params': 0, 'trainable_pct': 0.0, 'method': 'frozen'}",57.16890525817871,0.7787781730448282,
nd67puc3,v9,,0,,braindecode/tuev,frozen,flatten,4,ridge,median_std_clip,completed,"{'total_params': 12687872, 'trainable_params': 0, 'trainable_pct': 0.0, 'method': 'frozen'}",13.302348136901855,0.8570850506657366,
7aipvvk5,v9,,0,,braindecode/arithmetic_zyma2019,frozen,flatten,0,ridge,median_std_clip,completed,"{'total_params': 12687872, 'trainable_params': 0, 'trainable_pct': 0.0, 'method': 'frozen'}",13.736022472381592,0.7361111111111112,
7aipvvk5,v9,,0,,braindecode/bcic2a,frozen,flatten,0,ridge,median_std_clip,completed,"{'total_params': 12687872, 'trainable_params': 0, 'trainable_pct': 0.0, 'method': 'frozen'}",9.206548929214478,0.44907407407407407,
7aipvvk5,v9,,0,,braindecode/bcic2020-3,frozen,flatten,0,ridge,median_std_clip,completed,"{'total_params': 12687872, 'trainable_params': 0, 'trainable_pct': 0.0, 'method': 'frozen'}",21.753066062927246,0.2866666666666667,
7aipvvk5,v9,,0,,braindecode/physionet,frozen,flatten,0,ridge,median_std_clip,completed,"{'total_params': 12687872, 'trainable_params': 0, 'trainable_pct': 0.0, 'method': 'frozen'}",23.784199714660645,0.5806669776783782,
7aipvvk5,v9,,0,,braindecode/chbmit,frozen,flatten,0,ridge,median_std_clip,completed,"{'total_params': 12687872, 'trainable_params': 0, 'trainable_pct': 0.0, 'method': 'frozen'}",56.41665601730347,0.7569104644175466,
7aipvvk5,v9,,0,,braindecode/faced,frozen,flatten,0,ridge,median_std_clip,completed,"{'total_params': 12687872, 'trainable_params': 0, 'trainable_pct': 0.0, 'method': 'frozen'}",50.7160804271698,0.3231882851448069,
7aipvvk5,v9,,0,,braindecode/isruc-sleep,frozen,flatten,0,ridge,median_std_clip,completed,"{'total_params': 12687872, 'trainable_params': 0, 'trainable_pct': 0.0, 'method': 'frozen'}",88.88793563842773,0.7071931794813345,
7aipvvk5,v9,,0,,braindecode/mdd_mumtaz2016,frozen,flatten,0,ridge,median_std_clip,completed,"{'total_params': 12687872, 'trainable_params': 0, 'trainable_pct': 0.0, 'method': 'frozen'}",16.753122568130493,0.8290622227243392,
7aipvvk5,v9,,0,,braindecode/seed-v,frozen,flatten,0,ridge,median_std_clip,completed,"{'total_params': 12687872, 'trainable_params': 0, 'trainable_pct': 0.0, 'method': 'frozen'}",49.73118281364441,0.29070786981611735,
7aipvvk5,v9,,0,,braindecode/seed-vig,frozen,flatten,0,ridge,median_std_clip,completed,"{'total_params': 12687872, 'trainable_params': 0, 'trainable_pct': 0.0, 'method': 'frozen'}",22.898725748062134,,-0.22580546742147178
7aipvvk5,v9,,0,,braindecode/tuab,frozen,flatten,0,ridge,median_std_clip,completed,"{'total_params': 12687872, 'trainable_params': 0, 'trainable_pct': 0.0, 'method': 'frozen'}",57.594005823135376,0.7901806815967096,
7aipvvk5,v9,,0,,braindecode/tuev,frozen,flatten,0,ridge,median_std_clip,completed,"{'total_params': 12687872, 'trainable_params': 0, 'trainable_pct': 0.0, 'method': 'frozen'}",12.485737800598145,0.902038535198363,
7aipvvk5,v9,,0,,braindecode/arithmetic_zyma2019,frozen,flatten,1,ridge,median_std_clip,completed,"{'total_params': 12687872, 'trainable_params': 0, 'trainable_pct': 0.0, 'method': 'frozen'}",11.893932819366455,0.7361111111111112,
7aipvvk5,v9,,0,,braindecode/bcic2a,frozen,flatten,1,ridge,median_std_clip,completed,"{'total_params': 12687872, 'trainable_params': 0, 'trainable_pct': 0.0, 'method': 'frozen'}",9.243026733398438,0.43344907407407407,
7aipvvk5,v9,,0,,braindecode/bcic2020-3,frozen,flatten,1,ridge,median_std_clip,completed,"{'total_params': 12687872, 'trainable_params': 0, 'trainable_pct': 0.0, 'method': 'frozen'}",21.832212686538696,0.2693333333333333,
7aipvvk5,v9,,0,,braindecode/physionet,frozen,flatten,1,ridge,median_std_clip,completed,"{'total_params': 12687872, 'trainable_params': 0, 'trainable_pct': 0.0, 'method': 'frozen'}",23.95736050605774,0.5874249074521283,
7aipvvk5,v9,,0,,braindecode/chbmit,frozen,flatten,1,ridge,median_std_clip,completed,"{'total_params': 12687872, 'trainable_params': 0, 'trainable_pct': 0.0, 'method': 'frozen'}",55.698482513427734,0.7855395312902396,
7aipvvk5,v9,,0,,braindecode/faced,frozen,flatten,1,ridge,median_std_clip,completed,"{'total_params': 12687872, 'trainable_params': 0, 'trainable_pct': 0.0, 'method': 'frozen'}",49.725332498550415,0.3197504488265358,
7aipvvk5,v9,,0,,braindecode/isruc-sleep,frozen,flatten,1,ridge,median_std_clip,completed,"{'total_params': 12687872, 'trainable_params': 0, 'trainable_pct': 0.0, 'method': 'frozen'}",86.54205846786499,0.7049575105094729,
7aipvvk5,v9,,0,,braindecode/mdd_mumtaz2016,frozen,flatten,1,ridge,median_std_clip,completed,"{'total_params': 12687872, 'trainable_params': 0, 'trainable_pct': 0.0, 'method': 'frozen'}",16.16570019721985,0.8523178422263451,
7aipvvk5,v9,,0,,braindecode/seed-v,frozen,flatten,1,ridge,median_std_clip,completed,"{'total_params': 12687872, 'trainable_params': 0, 'trainable_pct': 0.0, 'method': 'frozen'}",48.55628490447998,0.28845423566126566,
7aipvvk5,v9,,0,,braindecode/seed-vig,frozen,flatten,1,ridge,median_std_clip,completed,"{'total_params': 12687872, 'trainable_params': 0, 'trainable_pct': 0.0, 'method': 'frozen'}",19.013157844543457,,-0.16281292407908698
7aipvvk5,v9,,0,,braindecode/tuab,frozen,flatten,1,ridge,median_std_clip,completed,"{'total_params': 12687872, 'trainable_params': 0, 'trainable_pct': 0.0, 'method': 'frozen'}",56.934715270996094,0.8224227306431777,
7aipvvk5,v9,,0,,braindecode/tuev,frozen,flatten,1,ridge,median_std_clip,completed,"{'total_params': 12687872, 'trainable_params': 0, 'trainable_pct': 0.0, 'method': 'frozen'}",13.201066255569458,0.9532519395360363,
7aipvvk5,v9,,0,,braindecode/arithmetic_zyma2019,frozen,flatten,2,ridge,median_std_clip,completed,"{'total_params': 12687872, 'trainable_params': 0, 'trainable_pct': 0.0, 'method': 'frozen'}",11.507508993148804,0.7291666666666667,
7aipvvk5,v9,,0,,braindecode/bcic2a,frozen,flatten,2,ridge,median_std_clip,completed,"{'total_params': 12687872, 'trainable_params': 0, 'trainable_pct': 0.0, 'method': 'frozen'}",9.072302341461182,0.43576388888888884,
7aipvvk5,v9,,0,,braindecode/bcic2020-3,frozen,flatten,2,ridge,median_std_clip,completed,"{'total_params': 12687872, 'trainable_params': 0, 'trainable_pct': 0.0, 'method': 'frozen'}",21.54081082344055,0.31066666666666665,
7aipvvk5,v9,,0,,braindecode/physionet,frozen,flatten,2,ridge,median_std_clip,completed,"{'total_params': 12687872, 'trainable_params': 0, 'trainable_pct': 0.0, 'method': 'frozen'}",24.02126669883728,0.5766513556861074,
7aipvvk5,v9,,0,,braindecode/chbmit,frozen,flatten,2,ridge,median_std_clip,completed,"{'total_params': 12687872, 'trainable_params': 0, 'trainable_pct': 0.0, 'method': 'frozen'}",55.04420757293701,0.8094471628465962,
7aipvvk5,v9,,0,,braindecode/faced,frozen,flatten,2,ridge,median_std_clip,completed,"{'total_params': 12687872, 'trainable_params': 0, 'trainable_pct': 0.0, 'method': 'frozen'}",56.104736328125,0.32439646705951053,
7aipvvk5,v9,,0,,braindecode/isruc-sleep,frozen,flatten,2,ridge,median_std_clip,completed,"{'total_params': 12687872, 'trainable_params': 0, 'trainable_pct': 0.0, 'method': 'frozen'}",90.92919659614563,0.7017711417094566,
7aipvvk5,v9,,0,,braindecode/mdd_mumtaz2016,frozen,flatten,2,ridge,median_std_clip,completed,"{'total_params': 12687872, 'trainable_params': 0, 'trainable_pct': 0.0, 'method': 'frozen'}",17.134647130966187,0.8225795992004933,
7aipvvk5,v9,,0,,braindecode/seed-v,frozen,flatten,2,ridge,median_std_clip,completed,"{'total_params': 12687872, 'trainable_params': 0, 'trainable_pct': 0.0, 'method': 'frozen'}",50.054595947265625,0.2879212382156343,
7aipvvk5,v9,,0,,braindecode/seed-vig,frozen,flatten,2,ridge,median_std_clip,completed,"{'total_params': 12687872, 'trainable_params': 0, 'trainable_pct': 0.0, 'method': 'frozen'}",19.162172079086304,,-0.20255231273307528
7aipvvk5,v9,,0,,braindecode/tuab,frozen,flatten,2,ridge,median_std_clip,completed,"{'total_params': 12687872, 'trainable_params': 0, 'trainable_pct': 0.0, 'method': 'frozen'}",57.31227111816406,0.7873608569130788,
7aipvvk5,v9,,0,,braindecode/tuev,frozen,flatten,2,ridge,median_std_clip,completed,"{'total_params': 12687872, 'trainable_params': 0, 'trainable_pct': 0.0, 'method': 'frozen'}",12.876080513000488,0.9549760774670708,
7aipvvk5,v9,,0,,braindecode/arithmetic_zyma2019,frozen,flatten,3,ridge,median_std_clip,completed,"{'total_params': 12687872, 'trainable_params': 0, 'trainable_pct': 0.0, 'method': 'frozen'}",11.81660771369934,0.7291666666666666,
7aipvvk5,v9,,0,,braindecode/bcic2a,frozen,flatten,3,ridge,median_std_clip,completed,"{'total_params': 12687872, 'trainable_params': 0, 'trainable_pct': 0.0, 'method': 'frozen'}",9.653961896896362,0.4525462962962963,
7aipvvk5,v9,,0,,braindecode/bcic2020-3,frozen,flatten,3,ridge,median_std_clip,completed,"{'total_params': 12687872, 'trainable_params': 0, 'trainable_pct': 0.0, 'method': 'frozen'}",21.51413917541504,0.26,
7aipvvk5,v9,,0,,braindecode/physionet,frozen,flatten,3,ridge,median_std_clip,completed,"{'total_params': 12687872, 'trainable_params': 0, 'trainable_pct': 0.0, 'method': 'frozen'}",24.081804513931274,0.5777710922303748,
7aipvvk5,v9,,0,,braindecode/chbmit,frozen,flatten,3,ridge,median_std_clip,completed,"{'total_params': 12687872, 'trainable_params': 0, 'trainable_pct': 0.0, 'method': 'frozen'}",53.362831830978394,0.8717271868829942,
7aipvvk5,v9,,0,,braindecode/faced,frozen,flatten,3,ridge,median_std_clip,completed,"{'total_params': 12687872, 'trainable_params': 0, 'trainable_pct': 0.0, 'method': 'frozen'}",51.402119874954224,0.324482884265493,
7aipvvk5,v9,,0,,braindecode/isruc-sleep,frozen,flatten,3,ridge,median_std_clip,completed,"{'total_params': 12687872, 'trainable_params': 0, 'trainable_pct': 0.0, 'method': 'frozen'}",88.51026487350464,0.7011000485107667,
7aipvvk5,v9,,0,,braindecode/mdd_mumtaz2016,frozen,flatten,3,ridge,median_std_clip,completed,"{'total_params': 12687872, 'trainable_params': 0, 'trainable_pct': 0.0, 'method': 'frozen'}",15.669142246246338,0.8559985171129945,
7aipvvk5,v9,,0,,braindecode/seed-v,frozen,flatten,3,ridge,median_std_clip,completed,"{'total_params': 12687872, 'trainable_params': 0, 'trainable_pct': 0.0, 'method': 'frozen'}",48.26084756851196,0.28477812912913136,
7aipvvk5,v9,,0,,braindecode/seed-vig,frozen,flatten,3,ridge,median_std_clip,completed,"{'total_params': 12687872, 'trainable_params': 0, 'trainable_pct': 0.0, 'method': 'frozen'}",23.15633225440979,,-0.17556670266046903
7aipvvk5,v9,,0,,braindecode/tuab,frozen,flatten,3,ridge,median_std_clip,completed,"{'total_params': 12687872, 'trainable_params': 0, 'trainable_pct': 0.0, 'method': 'frozen'}",56.056896686553955,0.8178135633847305,
7aipvvk5,v9,,0,,braindecode/tuev,frozen,flatten,3,ridge,median_std_clip,completed,"{'total_params': 12687872, 'trainable_params': 0, 'trainable_pct': 0.0, 'method': 'frozen'}",12.468045473098755,0.9062798007681739,
7aipvvk5,v9,,0,,braindecode/arithmetic_zyma2019,frozen,flatten,4,ridge,median_std_clip,completed,"{'total_params': 12687872, 'trainable_params': 0, 'trainable_pct': 0.0, 'method': 'frozen'}",11.602645635604858,0.7326388888888888,
7aipvvk5,v9,,0,,braindecode/bcic2a,frozen,flatten,4,ridge,median_std_clip,completed,"{'total_params': 12687872, 'trainable_params': 0, 'trainable_pct': 0.0, 'method': 'frozen'}",9.06590485572815,0.43344907407407407,
7aipvvk5,v9,,0,,braindecode/bcic2020-3,frozen,flatten,4,ridge,median_std_clip,completed,"{'total_params': 12687872, 'trainable_params': 0, 'trainable_pct': 0.0, 'method': 'frozen'}",19.99571943283081,0.28800000000000003,
7aipvvk5,v9,,0,,braindecode/physionet,frozen,flatten,4,ridge,median_std_clip,completed,"{'total_params': 12687872, 'trainable_params': 0, 'trainable_pct': 0.0, 'method': 'frozen'}",25.084197998046875,0.58292177205431,
7aipvvk5,v9,,0,,braindecode/chbmit,frozen,flatten,4,ridge,median_std_clip,completed,"{'total_params': 12687872, 'trainable_params': 0, 'trainable_pct': 0.0, 'method': 'frozen'}",54.395792961120605,0.8061421581251609,
7aipvvk5,v9,,0,,braindecode/faced,frozen,flatten,4,ridge,median_std_clip,completed,"{'total_params': 12687872, 'trainable_params': 0, 'trainable_pct': 0.0, 'method': 'frozen'}",50.76776957511902,0.31559518380170554,
7aipvvk5,v9,,0,,braindecode/isruc-sleep,frozen,flatten,4,ridge,median_std_clip,completed,"{'total_params': 12687872, 'trainable_params': 0, 'trainable_pct': 0.0, 'method': 'frozen'}",88.53251814842224,0.7043800944159522,
7aipvvk5,v9,,0,,braindecode/mdd_mumtaz2016,frozen,flatten,4,ridge,median_std_clip,completed,"{'total_params': 12687872, 'trainable_params': 0, 'trainable_pct': 0.0, 'method': 'frozen'}",18.448835611343384,0.8490471196776928,
7aipvvk5,v9,,0,,braindecode/seed-v,frozen,flatten,4,ridge,median_std_clip,completed,"{'total_params': 12687872, 'trainable_params': 0, 'trainable_pct': 0.0, 'method': 'frozen'}",50.879772901535034,0.28608849876461095,
7aipvvk5,v9,,0,,braindecode/seed-vig,frozen,flatten,4,ridge,median_std_clip,completed,"{'total_params': 12687872, 'trainable_params': 0, 'trainable_pct': 0.0, 'method': 'frozen'}",22.873023986816406,,-0.2155842938865291
7aipvvk5,v9,,0,,braindecode/tuab,frozen,flatten,4,ridge,median_std_clip,completed,"{'total_params': 12687872, 'trainable_params': 0, 'trainable_pct': 0.0, 'method': 'frozen'}",56.26116728782654,0.813822685391572,
7aipvvk5,v9,,0,,braindecode/tuev,frozen,flatten,4,ridge,median_std_clip,completed,"{'total_params': 12687872, 'trainable_params': 0, 'trainable_pct': 0.0, 'method': 'frozen'}",13.616267919540405,0.9042495716219573,
yqzaq5j1,v9,,0,,braindecode/arithmetic_zyma2019,frozen,flatten,0,ridge,median_std_clip,completed,"{'total_params': 12687872, 'trainable_params': 0, 'trainable_pct': 0.0, 'method': 'frozen'}",11.853092193603516,0.7152777777777778,
yqzaq5j1,v9,,0,,braindecode/bcic2a,frozen,flatten,0,ridge,median_std_clip,completed,"{'total_params': 12687872, 'trainable_params': 0, 'trainable_pct': 0.0, 'method': 'frozen'}",9.457352876663208,0.43171296296296297,
yqzaq5j1,v9,,0,,braindecode/bcic2020-3,frozen,flatten,0,ridge,median_std_clip,completed,"{'total_params': 12687872, 'trainable_params': 0, 'trainable_pct': 0.0, 'method': 'frozen'}",21.712825536727905,0.2706666666666667,
yqzaq5j1,v9,,0,,braindecode/physionet,frozen,flatten,0,ridge,median_std_clip,completed,"{'total_params': 12687872, 'trainable_params': 0, 'trainable_pct': 0.0, 'method': 'frozen'}",24.244667053222656,0.5523402450057988,
yqzaq5j1,v9,,0,,braindecode/chbmit,frozen,flatten,0,ridge,median_std_clip,completed,"{'total_params': 12687872, 'trainable_params': 0, 'trainable_pct': 0.0, 'method': 'frozen'}",54.23480772972107,0.8802257704523994,
yqzaq5j1,v9,,0,,braindecode/faced,frozen,flatten,0,ridge,median_std_clip,completed,"{'total_params': 12687872, 'trainable_params': 0, 'trainable_pct': 0.0, 'method': 'frozen'}",52.191579818725586,0.30676283257805,
yqzaq5j1,v9,,0,,braindecode/isruc-sleep,frozen,flatten,0,ridge,median_std_clip,completed,"{'total_params': 12687872, 'trainable_params': 0, 'trainable_pct': 0.0, 'method': 'frozen'}",87.2028739452362,0.6789299937654535,
yqzaq5j1,v9,,0,,braindecode/mdd_mumtaz2016,frozen,flatten,0,ridge,median_std_clip,completed,"{'total_params': 12687872, 'trainable_params': 0, 'trainable_pct': 0.0, 'method': 'frozen'}",16.404215812683105,0.8141543567535237,
yqzaq5j1,v9,,0,,braindecode/seed-v,frozen,flatten,0,ridge,median_std_clip,completed,"{'total_params': 12687872, 'trainable_params': 0, 'trainable_pct': 0.0, 'method': 'frozen'}",50.42165970802307,0.2828416240312253,
yqzaq5j1,v9,,0,,braindecode/seed-vig,frozen,flatten,0,ridge,median_std_clip,completed,"{'total_params': 12687872, 'trainable_params': 0, 'trainable_pct': 0.0, 'method': 'frozen'}",22.791222095489502,,-0.36816060349472535
yqzaq5j1,v9,,0,,braindecode/tuab,frozen,flatten,0,ridge,median_std_clip,completed,"{'total_params': 12687872, 'trainable_params': 0, 'trainable_pct': 0.0, 'method': 'frozen'}",55.077975034713745,0.7834971090496491,
yqzaq5j1,v9,,0,,braindecode/tuev,frozen,flatten,0,ridge,median_std_clip,completed,"{'total_params': 12687872, 'trainable_params': 0, 'trainable_pct': 0.0, 'method': 'frozen'}",12.542394161224365,0.9503325610949717,
yqzaq5j1,v9,,0,,braindecode/arithmetic_zyma2019,frozen,flatten,1,ridge,median_std_clip,completed,"{'total_params': 12687872, 'trainable_params': 0, 'trainable_pct': 0.0, 'method': 'frozen'}",11.274857759475708,0.6979166666666666,
yqzaq5j1,v9,,0,,braindecode/bcic2a,frozen,flatten,1,ridge,median_std_clip,completed,"{'total_params': 12687872, 'trainable_params': 0, 'trainable_pct': 0.0, 'method': 'frozen'}",8.66905403137207,0.4288194444444444,
yqzaq5j1,v9,,0,,braindecode/bcic2020-3,frozen,flatten,1,ridge,median_std_clip,completed,"{'total_params': 12687872, 'trainable_params': 0, 'trainable_pct': 0.0, 'method': 'frozen'}",19.537247896194458,0.26799999999999996,
yqzaq5j1,v9,,0,,braindecode/physionet,frozen,flatten,1,ridge,median_std_clip,completed,"{'total_params': 12687872, 'trainable_params': 0, 'trainable_pct': 0.0, 'method': 'frozen'}",24.976399660110474,0.5585312813555127,
yqzaq5j1,v9,,0,,braindecode/chbmit,frozen,flatten,1,ridge,median_std_clip,completed,"{'total_params': 12687872, 'trainable_params': 0, 'trainable_pct': 0.0, 'method': 'frozen'}",53.31656765937805,0.879281483389132,
yqzaq5j1,v9,,0,,braindecode/faced,frozen,flatten,1,ridge,median_std_clip,completed,"{'total_params': 12687872, 'trainable_params': 0, 'trainable_pct': 0.0, 'method': 'frozen'}",51.64796757698059,0.30674941001027956,
yqzaq5j1,v9,,0,,braindecode/isruc-sleep,frozen,flatten,1,ridge,median_std_clip,completed,"{'total_params': 12687872, 'trainable_params': 0, 'trainable_pct': 0.0, 'method': 'frozen'}",88.90601515769958,0.6793941450704939,
yqzaq5j1,v9,,0,,braindecode/mdd_mumtaz2016,frozen,flatten,1,ridge,median_std_clip,completed,"{'total_params': 12687872, 'trainable_params': 0, 'trainable_pct': 0.0, 'method': 'frozen'}",16.156760215759277,0.8054249435750411,
yqzaq5j1,v9,,0,,braindecode/seed-v,frozen,flatten,1,ridge,median_std_clip,completed,"{'total_params': 12687872, 'trainable_params': 0, 'trainable_pct': 0.0, 'method': 'frozen'}",50.575923919677734,0.27973667099043037,
yqzaq5j1,v9,,0,,braindecode/seed-vig,frozen,flatten,1,ridge,median_std_clip,completed,"{'total_params': 12687872, 'trainable_params': 0, 'trainable_pct': 0.0, 'method': 'frozen'}",23.189141988754272,,-0.3743322820120458
yqzaq5j1,v9,,0,,braindecode/tuab,frozen,flatten,1,ridge,median_std_clip,completed,"{'total_params': 12687872, 'trainable_params': 0, 'trainable_pct': 0.0, 'method': 'frozen'}",60.3713653087616,0.783685844088057,
yqzaq5j1,v9,,0,,braindecode/tuev,frozen,flatten,1,ridge,median_std_clip,completed,"{'total_params': 12687872, 'trainable_params': 0, 'trainable_pct': 0.0, 'method': 'frozen'}",13.177774667739868,0.8701408964802031,
yqzaq5j1,v9,,0,,braindecode/arithmetic_zyma2019,frozen,flatten,2,ridge,median_std_clip,completed,"{'total_params': 12687872, 'trainable_params': 0, 'trainable_pct': 0.0, 'method': 'frozen'}",11.808945417404175,0.7083333333333334,
yqzaq5j1,v9,,0,,braindecode/bcic2a,frozen,flatten,2,ridge,median_std_clip,completed,"{'total_params': 12687872, 'trainable_params': 0, 'trainable_pct': 0.0, 'method': 'frozen'}",9.46150827407837,0.42997685185185186,
yqzaq5j1,v9,,0,,braindecode/bcic2020-3,frozen,flatten,2,ridge,median_std_clip,completed,"{'total_params': 12687872, 'trainable_params': 0, 'trainable_pct': 0.0, 'method': 'frozen'}",21.112032413482666,0.296,
yqzaq5j1,v9,,0,,braindecode/physionet,frozen,flatten,2,ridge,median_std_clip,completed,"{'total_params': 12687872, 'trainable_params': 0, 'trainable_pct': 0.0, 'method': 'frozen'}",23.800374746322632,0.5517541536496522,
yqzaq5j1,v9,,0,,braindecode/chbmit,frozen,flatten,2,ridge,median_std_clip,completed,"{'total_params': 12687872, 'trainable_params': 0, 'trainable_pct': 0.0, 'method': 'frozen'}",54.706979751586914,0.8563181388960426,
yqzaq5j1,v9,,0,,braindecode/faced,frozen,flatten,2,ridge,median_std_clip,completed,"{'total_params': 12687872, 'trainable_params': 0, 'trainable_pct': 0.0, 'method': 'frozen'}",51.17632269859314,0.3185470930036147,
yqzaq5j1,v9,,0,,braindecode/isruc-sleep,frozen,flatten,2,ridge,median_std_clip,completed,"{'total_params': 12687872, 'trainable_params': 0, 'trainable_pct': 0.0, 'method': 'frozen'}",88.3029203414917,0.6838586323493916,
yqzaq5j1,v9,,0,,braindecode/mdd_mumtaz2016,frozen,flatten,2,ridge,median_std_clip,completed,"{'total_params': 12687872, 'trainable_params': 0, 'trainable_pct': 0.0, 'method': 'frozen'}",16.394262075424194,0.802913019324005,
yqzaq5j1,v9,,0,,braindecode/seed-v,frozen,flatten,2,ridge,median_std_clip,completed,"{'total_params': 12687872, 'trainable_params': 0, 'trainable_pct': 0.0, 'method': 'frozen'}",48.64265251159668,0.28107319059973734,
yqzaq5j1,v9,,0,,braindecode/seed-vig,frozen,flatten,2,ridge,median_std_clip,completed,"{'total_params': 12687872, 'trainable_params': 0, 'trainable_pct': 0.0, 'method': 'frozen'}",23.411816120147705,,-0.3743730593065262
yqzaq5j1,v9,,0,,braindecode/tuab,frozen,flatten,2,ridge,median_std_clip,completed,"{'total_params': 12687872, 'trainable_params': 0, 'trainable_pct': 0.0, 'method': 'frozen'}",57.980552196502686,0.7791730045049989,
yqzaq5j1,v9,,0,,braindecode/tuev,frozen,flatten,2,ridge,median_std_clip,completed,"{'total_params': 12687872, 'trainable_params': 0, 'trainable_pct': 0.0, 'method': 'frozen'}",13.351357698440552,0.8774442163332351,
yqzaq5j1,v9,,0,,braindecode/arithmetic_zyma2019,frozen,flatten,3,ridge,median_std_clip,completed,"{'total_params': 12687872, 'trainable_params': 0, 'trainable_pct': 0.0, 'method': 'frozen'}",11.41286587715149,0.6493055555555556,
yqzaq5j1,v9,,0,,braindecode/bcic2a,frozen,flatten,3,ridge,median_std_clip,completed,"{'total_params': 12687872, 'trainable_params': 0, 'trainable_pct': 0.0, 'method': 'frozen'}",8.94004225730896,0.4346064814814815,
yqzaq5j1,v9,,0,,braindecode/bcic2020-3,frozen,flatten,3,ridge,median_std_clip,completed,"{'total_params': 12687872, 'trainable_params': 0, 'trainable_pct': 0.0, 'method': 'frozen'}",22.343519687652588,0.24266666666666667,
yqzaq5j1,v9,,0,,braindecode/physionet,frozen,flatten,3,ridge,median_std_clip,completed,"{'total_params': 12687872, 'trainable_params': 0, 'trainable_pct': 0.0, 'method': 'frozen'}",24.01313281059265,0.5539999816561456,
yqzaq5j1,v9,,0,,braindecode/chbmit,frozen,flatten,3,ridge,median_std_clip,completed,"{'total_params': 12687872, 'trainable_params': 0, 'trainable_pct': 0.0, 'method': 'frozen'}",52.772985219955444,0.8525409906429737,
yqzaq5j1,v9,,0,,braindecode/faced,frozen,flatten,3,ridge,median_std_clip,completed,"{'total_params': 12687872, 'trainable_params': 0, 'trainable_pct': 0.0, 'method': 'frozen'}",50.10514974594116,0.3200059300602779,
yqzaq5j1,v9,,0,,braindecode/isruc-sleep,frozen,flatten,3,ridge,median_std_clip,completed,"{'total_params': 12687872, 'trainable_params': 0, 'trainable_pct': 0.0, 'method': 'frozen'}",86.73876690864563,0.6859446004634446,
yqzaq5j1,v9,,0,,braindecode/mdd_mumtaz2016,frozen,flatten,3,ridge,median_std_clip,completed,"{'total_params': 12687872, 'trainable_params': 0, 'trainable_pct': 0.0, 'method': 'frozen'}",16.21277928352356,0.8083249443722922,
yqzaq5j1,v9,,0,,braindecode/seed-v,frozen,flatten,3,ridge,median_std_clip,completed,"{'total_params': 12687872, 'trainable_params': 0, 'trainable_pct': 0.0, 'method': 'frozen'}",50.582189083099365,0.28155566132680115,
yqzaq5j1,v9,,0,,braindecode/seed-vig,frozen,flatten,3,ridge,median_std_clip,completed,"{'total_params': 12687872, 'trainable_params': 0, 'trainable_pct': 0.0, 'method': 'frozen'}",19.0797016620636,,-0.38645378764465477
yqzaq5j1,v9,,0,,braindecode/tuab,frozen,flatten,3,ridge,median_std_clip,completed,"{'total_params': 12687872, 'trainable_params': 0, 'trainable_pct': 0.0, 'method': 'frozen'}",57.23444414138794,0.7842820115906836,
yqzaq5j1,v9,,0,,braindecode/tuev,frozen,flatten,3,ridge,median_std_clip,completed,"{'total_params': 12687872, 'trainable_params': 0, 'trainable_pct': 0.0, 'method': 'frozen'}",13.28815245628357,0.9500560353295113,
yqzaq5j1,v9,,0,,braindecode/arithmetic_zyma2019,frozen,flatten,4,ridge,median_std_clip,completed,"{'total_params': 12687872, 'trainable_params': 0, 'trainable_pct': 0.0, 'method': 'frozen'}",13.885058164596558,0.6840277777777777,
yqzaq5j1,v9,,0,,braindecode/bcic2a,frozen,flatten,4,ridge,median_std_clip,completed,"{'total_params': 12687872, 'trainable_params': 0, 'trainable_pct': 0.0, 'method': 'frozen'}",9.135721921920776,0.43344907407407407,
yqzaq5j1,v9,,0,,braindecode/bcic2020-3,frozen,flatten,4,ridge,median_std_clip,completed,"{'total_params': 12687872, 'trainable_params': 0, 'trainable_pct': 0.0, 'method': 'frozen'}",21.494592428207397,0.2693333333333333,
yqzaq5j1,v9,,0,,braindecode/physionet,frozen,flatten,4,ridge,median_std_clip,completed,"{'total_params': 12687872, 'trainable_params': 0, 'trainable_pct': 0.0, 'method': 'frozen'}",24.214921951293945,0.5500675757945709,
yqzaq5j1,v9,,0,,braindecode/chbmit,frozen,flatten,4,ridge,median_std_clip,completed,"{'total_params': 12687872, 'trainable_params': 0, 'trainable_pct': 0.0, 'method': 'frozen'}",57.39943718910217,0.9008283972873208,
yqzaq5j1,v9,,0,,braindecode/faced,frozen,flatten,4,ridge,median_std_clip,completed,"{'total_params': 12687872, 'trainable_params': 0, 'trainable_pct': 0.0, 'method': 'frozen'}",52.79450440406799,0.30952018995497255,
yqzaq5j1,v9,,0,,braindecode/isruc-sleep,frozen,flatten,4,ridge,median_std_clip,completed,"{'total_params': 12687872, 'trainable_params': 0, 'trainable_pct': 0.0, 'method': 'frozen'}",88.8517496585846,0.6817755868473746,
yqzaq5j1,v9,,0,,braindecode/mdd_mumtaz2016,frozen,flatten,4,ridge,median_std_clip,completed,"{'total_params': 12687872, 'trainable_params': 0, 'trainable_pct': 0.0, 'method': 'frozen'}",17.159133195877075,0.8049574822110923,
yqzaq5j1,v9,,0,,braindecode/seed-v,frozen,flatten,4,ridge,median_std_clip,completed,"{'total_params': 12687872, 'trainable_params': 0, 'trainable_pct': 0.0, 'method': 'frozen'}",50.59359860420227,0.2830687474700961,
yqzaq5j1,v9,,0,,braindecode/seed-vig,frozen,flatten,4,ridge,median_std_clip,completed,"{'total_params': 12687872, 'trainable_params': 0, 'trainable_pct': 0.0, 'method': 'frozen'}",23.361096620559692,,-0.39533390481788455
yqzaq5j1,v9,,0,,braindecode/tuab,frozen,flatten,4,ridge,median_std_clip,completed,"{'total_params': 12687872, 'trainable_params': 0, 'trainable_pct': 0.0, 'method': 'frozen'}",57.27852940559387,0.7840585537855655,
yqzaq5j1,v9,,0,,braindecode/tuev,frozen,flatten,4,ridge,median_std_clip,completed,"{'total_params': 12687872, 'trainable_params': 0, 'trainable_pct': 0.0, 'method': 'frozen'}",12.508262157440186,0.8656127471946496,
ds29fgcl,v9,,0,,braindecode/arithmetic_zyma2019,frozen,flatten,0,ridge,median_std_clip,completed,"{'total_params': 12687872, 'trainable_params': 0, 'trainable_pct': 0.0, 'method': 'frozen'}",11.871762990951538,0.6423611111111112,
ds29fgcl,v9,,0,,braindecode/bcic2a,frozen,flatten,0,ridge,median_std_clip,completed,"{'total_params': 12687872, 'trainable_params': 0, 'trainable_pct': 0.0, 'method': 'frozen'}",9.25988483428955,0.4033564814814815,
ds29fgcl,v9,,0,,braindecode/bcic2020-3,frozen,flatten,0,ridge,median_std_clip,completed,"{'total_params': 12687872, 'trainable_params': 0, 'trainable_pct': 0.0, 'method': 'frozen'}",21.206766843795776,0.26666666666666666,
ds29fgcl,v9,,0,,braindecode/physionet,frozen,flatten,0,ridge,median_std_clip,completed,"{'total_params': 12687872, 'trainable_params': 0, 'trainable_pct': 0.0, 'method': 'frozen'}",23.992087841033936,0.5341958077437144,
ds29fgcl,v9,,0,,braindecode/chbmit,frozen,flatten,0,ridge,median_std_clip,completed,"{'total_params': 12687872, 'trainable_params': 0, 'trainable_pct': 0.0, 'method': 'frozen'}",54.829797983169556,0.8909133831230149,
ds29fgcl,v9,,0,,braindecode/faced,frozen,flatten,0,ridge,median_std_clip,completed,"{'total_params': 12687872, 'trainable_params': 0, 'trainable_pct': 0.0, 'method': 'frozen'}",49.886173248291016,0.2956409532496489,
ds29fgcl,v9,,0,,braindecode/isruc-sleep,frozen,flatten,0,ridge,median_std_clip,completed,"{'total_params': 12687872, 'trainable_params': 0, 'trainable_pct': 0.0, 'method': 'frozen'}",85.87785530090332,0.6420253476683502,
ds29fgcl,v9,,0,,braindecode/mdd_mumtaz2016,frozen,flatten,0,ridge,median_std_clip,completed,"{'total_params': 12687872, 'trainable_params': 0, 'trainable_pct': 0.0, 'method': 'frozen'}",15.508196592330933,0.8328630200143077,
ds29fgcl,v9,,0,,braindecode/seed-v,frozen,flatten,0,ridge,median_std_clip,completed,"{'total_params': 12687872, 'trainable_params': 0, 'trainable_pct': 0.0, 'method': 'frozen'}",48.546085357666016,0.2724069015261457,
ds29fgcl,v9,,0,,braindecode/seed-vig,frozen,flatten,0,ridge,median_std_clip,completed,"{'total_params': 12687872, 'trainable_params': 0, 'trainable_pct': 0.0, 'method': 'frozen'}",22.760217428207397,,-0.3701993416263334
ds29fgcl,v9,,0,,braindecode/tuab,frozen,flatten,0,ridge,median_std_clip,completed,"{'total_params': 12687872, 'trainable_params': 0, 'trainable_pct': 0.0, 'method': 'frozen'}",56.722081899642944,0.7746254421552309,
ds29fgcl,v9,,0,,braindecode/tuev,frozen,flatten,0,ridge,median_std_clip,completed,"{'total_params': 12687872, 'trainable_params': 0, 'trainable_pct': 0.0, 'method': 'frozen'}",13.15316891670227,0.9453357756041049,
ds29fgcl,v9,,0,,braindecode/arithmetic_zyma2019,frozen,flatten,1,ridge,median_std_clip,completed,"{'total_params': 12687872, 'trainable_params': 0, 'trainable_pct': 0.0, 'method': 'frozen'}",11.45318603515625,0.6006944444444444,
ds29fgcl,v9,,0,,braindecode/bcic2a,frozen,flatten,1,ridge,median_std_clip,completed,"{'total_params': 12687872, 'trainable_params': 0, 'trainable_pct': 0.0, 'method': 'frozen'}",9.392794609069824,0.4050925925925926,
ds29fgcl,v9,,0,,braindecode/bcic2020-3,frozen,flatten,1,ridge,median_std_clip,completed,"{'total_params': 12687872, 'trainable_params': 0, 'trainable_pct': 0.0, 'method': 'frozen'}",22.02020525932312,0.29333333333333333,
ds29fgcl,v9,,0,,braindecode/physionet,frozen,flatten,1,ridge,median_std_clip,completed,"{'total_params': 12687872, 'trainable_params': 0, 'trainable_pct': 0.0, 'method': 'frozen'}",23.591525316238403,0.5336417804952623,
ds29fgcl,v9,,0,,braindecode/chbmit,frozen,flatten,1,ridge,median_std_clip,completed,"{'total_params': 12687872, 'trainable_params': 0, 'trainable_pct': 0.0, 'method': 'frozen'}",54.41676616668701,0.8899690960597477,
ds29fgcl,v9,,0,,braindecode/faced,frozen,flatten,1,ridge,median_std_clip,completed,"{'total_params': 12687872, 'trainable_params': 0, 'trainable_pct': 0.0, 'method': 'frozen'}",56.021270513534546,0.2992526796874623,
ds29fgcl,v9,,0,,braindecode/isruc-sleep,frozen,flatten,1,ridge,median_std_clip,completed,"{'total_params': 12687872, 'trainable_params': 0, 'trainable_pct': 0.0, 'method': 'frozen'}",94.61077070236206,0.6461092973178436,
ds29fgcl,v9,,0,,braindecode/mdd_mumtaz2016,frozen,flatten,1,ridge,median_std_clip,completed,"{'total_params': 12687872, 'trainable_params': 0, 'trainable_pct': 0.0, 'method': 'frozen'}",17.25524616241455,0.8405343740635947,
ds29fgcl,v9,,0,,braindecode/seed-v,frozen,flatten,1,ridge,median_std_clip,completed,"{'total_params': 12687872, 'trainable_params': 0, 'trainable_pct': 0.0, 'method': 'frozen'}",50.010282039642334,0.275272032533688,
ds29fgcl,v9,,0,,braindecode/seed-vig,frozen,flatten,1,ridge,median_std_clip,completed,"{'total_params': 12687872, 'trainable_params': 0, 'trainable_pct': 0.0, 'method': 'frozen'}",23.359793424606323,,-0.36603740288637643
ds29fgcl,v9,,0,,braindecode/tuab,frozen,flatten,1,ridge,median_std_clip,completed,"{'total_params': 12687872, 'trainable_params': 0, 'trainable_pct': 0.0, 'method': 'frozen'}",58.221450090408325,0.7681566467216108,
ds29fgcl,v9,,0,,braindecode/tuev,frozen,flatten,1,ridge,median_std_clip,completed,"{'total_params': 12687872, 'trainable_params': 0, 'trainable_pct': 0.0, 'method': 'frozen'}",13.017370223999023,0.8634247227495719,
ds29fgcl,v9,,0,,braindecode/arithmetic_zyma2019,frozen,flatten,2,ridge,median_std_clip,completed,"{'total_params': 12687872, 'trainable_params': 0, 'trainable_pct': 0.0, 'method': 'frozen'}",11.948608636856079,0.6284722222222222,
ds29fgcl,v9,,0,,braindecode/bcic2a,frozen,flatten,2,ridge,median_std_clip,completed,"{'total_params': 12687872, 'trainable_params': 0, 'trainable_pct': 0.0, 'method': 'frozen'}",9.318305015563965,0.41030092592592593,
ds29fgcl,v9,,0,,braindecode/bcic2020-3,frozen,flatten,2,ridge,median_std_clip,completed,"{'total_params': 12687872, 'trainable_params': 0, 'trainable_pct': 0.0, 'method': 'frozen'}",19.627989768981934,0.2786666666666667,
ds29fgcl,v9,,0,,braindecode/physionet,frozen,flatten,2,ridge,median_std_clip,completed,"{'total_params': 12687872, 'trainable_params': 0, 'trainable_pct': 0.0, 'method': 'frozen'}",24.95206618309021,0.5245919662070998,
ds29fgcl,v9,,0,,braindecode/chbmit,frozen,flatten,2,ridge,median_std_clip,completed,"{'total_params': 12687872, 'trainable_params': 0, 'trainable_pct': 0.0, 'method': 'frozen'}",53.181386947631836,0.9152931582110053,
ds29fgcl,v9,,0,,braindecode/faced,frozen,flatten,2,ridge,median_std_clip,completed,"{'total_params': 12687872, 'trainable_params': 0, 'trainable_pct': 0.0, 'method': 'frozen'}",51.385648250579834,0.30787464347246957,
ds29fgcl,v9,,0,,braindecode/isruc-sleep,frozen,flatten,2,ridge,median_std_clip,completed,"{'total_params': 12687872, 'trainable_params': 0, 'trainable_pct': 0.0, 'method': 'frozen'}",90.17829084396362,0.6383048220603336,
ds29fgcl,v9,,0,,braindecode/mdd_mumtaz2016,frozen,flatten,2,ridge,median_std_clip,completed,"{'total_params': 12687872, 'trainable_params': 0, 'trainable_pct': 0.0, 'method': 'frozen'}",15.960423469543457,0.829252493499973,
ds29fgcl,v9,,0,,braindecode/seed-v,frozen,flatten,2,ridge,median_std_clip,completed,"{'total_params': 12687872, 'trainable_params': 0, 'trainable_pct': 0.0, 'method': 'frozen'}",48.08678841590881,0.2722706203188885,
ds29fgcl,v9,,0,,braindecode/seed-vig,frozen,flatten,2,ridge,median_std_clip,completed,"{'total_params': 12687872, 'trainable_params': 0, 'trainable_pct': 0.0, 'method': 'frozen'}",23.539063930511475,,-0.35779356966941456
ds29fgcl,v9,,0,,braindecode/tuab,frozen,flatten,2,ridge,median_std_clip,completed,"{'total_params': 12687872, 'trainable_params': 0, 'trainable_pct': 0.0, 'method': 'frozen'}",55.977885723114014,0.7713096979567332,
ds29fgcl,v9,,0,,braindecode/tuev,frozen,flatten,2,ridge,median_std_clip,completed,"{'total_params': 12687872, 'trainable_params': 0, 'trainable_pct': 0.0, 'method': 'frozen'}",12.492586612701416,0.870275888534907,
ds29fgcl,v9,,0,,braindecode/arithmetic_zyma2019,frozen,flatten,3,ridge,median_std_clip,completed,"{'total_params': 12687872, 'trainable_params': 0, 'trainable_pct': 0.0, 'method': 'frozen'}",11.652218103408813,0.6041666666666666,
ds29fgcl,v9,,0,,braindecode/bcic2a,frozen,flatten,3,ridge,median_std_clip,completed,"{'total_params': 12687872, 'trainable_params': 0, 'trainable_pct': 0.0, 'method': 'frozen'}",9.026642799377441,0.40625,
ds29fgcl,v9,,0,,braindecode/bcic2020-3,frozen,flatten,3,ridge,median_std_clip,completed,"{'total_params': 12687872, 'trainable_params': 0, 'trainable_pct': 0.0, 'method': 'frozen'}",20.896061658859253,0.28933333333333333,
ds29fgcl,v9,,0,,braindecode/physionet,frozen,flatten,3,ridge,median_std_clip,completed,"{'total_params': 12687872, 'trainable_params': 0, 'trainable_pct': 0.0, 'method': 'frozen'}",23.935707807540894,0.5370290154610203,
ds29fgcl,v9,,0,,braindecode/chbmit,frozen,flatten,3,ridge,median_std_clip,completed,"{'total_params': 12687872, 'trainable_params': 0, 'trainable_pct': 0.0, 'method': 'frozen'}",54.978490591049194,0.9138767276161044,
ds29fgcl,v9,,0,,braindecode/faced,frozen,flatten,3,ridge,median_std_clip,completed,"{'total_params': 12687872, 'trainable_params': 0, 'trainable_pct': 0.0, 'method': 'frozen'}",49.84273958206177,0.294901053053227,
ds29fgcl,v9,,0,,braindecode/isruc-sleep,frozen,flatten,3,ridge,median_std_clip,completed,"{'total_params': 12687872, 'trainable_params': 0, 'trainable_pct': 0.0, 'method': 'frozen'}",88.87622237205505,0.6503102384480673,
ds29fgcl,v9,,0,,braindecode/mdd_mumtaz2016,frozen,flatten,3,ridge,median_std_clip,completed,"{'total_params': 12687872, 'trainable_params': 0, 'trainable_pct': 0.0, 'method': 'frozen'}",18.560179233551025,0.8249906517449785,
ds29fgcl,v9,,0,,braindecode/seed-v,frozen,flatten,3,ridge,median_std_clip,completed,"{'total_params': 12687872, 'trainable_params': 0, 'trainable_pct': 0.0, 'method': 'frozen'}",51.16020107269287,0.2722152988224863,
ds29fgcl,v9,,0,,braindecode/seed-vig,frozen,flatten,3,ridge,median_std_clip,completed,"{'total_params': 12687872, 'trainable_params': 0, 'trainable_pct': 0.0, 'method': 'frozen'}",23.004711627960205,,-0.36597796886776823
ds29fgcl,v9,,0,,braindecode/tuab,frozen,flatten,3,ridge,median_std_clip,completed,"{'total_params': 12687872, 'trainable_params': 0, 'trainable_pct': 0.0, 'method': 'frozen'}",56.999488830566406,0.7726868476880238,
ds29fgcl,v9,,0,,braindecode/tuev,frozen,flatten,3,ridge,median_std_clip,completed,"{'total_params': 12687872, 'trainable_params': 0, 'trainable_pct': 0.0, 'method': 'frozen'}",13.375771522521973,0.8641278857919011,
ds29fgcl,v9,,0,,braindecode/arithmetic_zyma2019,frozen,flatten,4,ridge,median_std_clip,completed,"{'total_params': 12687872, 'trainable_params': 0, 'trainable_pct': 0.0, 'method': 'frozen'}",11.755803346633911,0.6215277777777778,
ds29fgcl,v9,,0,,braindecode/bcic2a,frozen,flatten,4,ridge,median_std_clip,completed,"{'total_params': 12687872, 'trainable_params': 0, 'trainable_pct': 0.0, 'method': 'frozen'}",9.078377723693848,0.41030092592592593,
ds29fgcl,v9,,0,,braindecode/bcic2020-3,frozen,flatten,4,ridge,median_std_clip,completed,"{'total_params': 12687872, 'trainable_params': 0, 'trainable_pct': 0.0, 'method': 'frozen'}",21.49918484687805,0.2786666666666667,
ds29fgcl,v9,,0,,braindecode/physionet,frozen,flatten,4,ridge,median_std_clip,completed,"{'total_params': 12687872, 'trainable_params': 0, 'trainable_pct': 0.0, 'method': 'frozen'}",21.614842176437378,0.5404482913730405,
ds29fgcl,v9,,0,,braindecode/chbmit,frozen,flatten,4,ridge,median_std_clip,completed,"{'total_params': 12687872, 'trainable_params': 0, 'trainable_pct': 0.0, 'method': 'frozen'}",54.48275685310364,0.8236758520044638,
ds29fgcl,v9,,0,,braindecode/faced,frozen,flatten,4,ridge,median_std_clip,completed,"{'total_params': 12687872, 'trainable_params': 0, 'trainable_pct': 0.0, 'method': 'frozen'}",51.36525750160217,0.29598858267336525,
ds29fgcl,v9,,0,,braindecode/isruc-sleep,frozen,flatten,4,ridge,median_std_clip,completed,"{'total_params': 12687872, 'trainable_params': 0, 'trainable_pct': 0.0, 'method': 'frozen'}",87.31284642219543,0.6424979379430276,
ds29fgcl,v9,,0,,braindecode/mdd_mumtaz2016,frozen,flatten,4,ridge,median_std_clip,completed,"{'total_params': 12687872, 'trainable_params': 0, 'trainable_pct': 0.0, 'method': 'frozen'}",16.528491497039795,0.8389979156745591,
ds29fgcl,v9,,0,,braindecode/seed-v,frozen,flatten,4,ridge,median_std_clip,completed,"{'total_params': 12687872, 'trainable_params': 0, 'trainable_pct': 0.0, 'method': 'frozen'}",51.582706689834595,0.27207487451495704,
ds29fgcl,v9,,0,,braindecode/seed-vig,frozen,flatten,4,ridge,median_std_clip,completed,"{'total_params': 12687872, 'trainable_params': 0, 'trainable_pct': 0.0, 'method': 'frozen'}",23.39820694923401,,-0.36800615371847134
ds29fgcl,v9,,0,,braindecode/tuab,frozen,flatten,4,ridge,median_std_clip,completed,"{'total_params': 12687872, 'trainable_params': 0, 'trainable_pct': 0.0, 'method': 'frozen'}",55.364911794662476,0.7676346851317113,
ds29fgcl,v9,,0,,braindecode/tuev,frozen,flatten,4,ridge,median_std_clip,completed,"{'total_params': 12687872, 'trainable_params': 0, 'trainable_pct': 0.0, 'method': 'frozen'}",12.40593695640564,0.950379738998557,
c9pyckaw,v9,,0,,braindecode/arithmetic_zyma2019,frozen,flatten,0,ridge,median_std_clip,completed,"{'total_params': 12687872, 'trainable_params': 0, 'trainable_pct': 0.0, 'method': 'frozen'}",11.198551893234253,0.6736111111111112,
c9pyckaw,v9,,0,,braindecode/bcic2a,frozen,flatten,0,ridge,median_std_clip,completed,"{'total_params': 12687872, 'trainable_params': 0, 'trainable_pct': 0.0, 'method': 'frozen'}",9.40483283996582,0.3744212962962963,
c9pyckaw,v9,,0,,braindecode/bcic2020-3,frozen,flatten,0,ridge,median_std_clip,completed,"{'total_params': 12687872, 'trainable_params': 0, 'trainable_pct': 0.0, 'method': 'frozen'}",21.366816997528076,0.2813333333333333,
c9pyckaw,v9,,0,,braindecode/physionet,frozen,flatten,0,ridge,median_std_clip,completed,"{'total_params': 12687872, 'trainable_params': 0, 'trainable_pct': 0.0, 'method': 'frozen'}",23.974428176879883,0.5234927159496083,
c9pyckaw,v9,,0,,braindecode/chbmit,frozen,flatten,0,ridge,median_std_clip,completed,"{'total_params': 12687872, 'trainable_params': 0, 'trainable_pct': 0.0, 'method': 'frozen'}",54.087101221084595,0.8899690960597477,
c9pyckaw,v9,,0,,braindecode/faced,frozen,flatten,0,ridge,median_std_clip,completed,"{'total_params': 12687872, 'trainable_params': 0, 'trainable_pct': 0.0, 'method': 'frozen'}",52.25247144699097,0.2838725284377458,
c9pyckaw,v9,,0,,braindecode/isruc-sleep,frozen,flatten,0,ridge,median_std_clip,completed,"{'total_params': 12687872, 'trainable_params': 0, 'trainable_pct': 0.0, 'method': 'frozen'}",88.36725735664368,0.6164071191888049,
c9pyckaw,v9,,0,,braindecode/mdd_mumtaz2016,frozen,flatten,0,ridge,median_std_clip,completed,"{'total_params': 12687872, 'trainable_params': 0, 'trainable_pct': 0.0, 'method': 'frozen'}",15.889545202255249,0.8308294950231115,
c9pyckaw,v9,,0,,braindecode/seed-v,frozen,flatten,0,ridge,median_std_clip,completed,"{'total_params': 12687872, 'trainable_params': 0, 'trainable_pct': 0.0, 'method': 'frozen'}",50.512874126434326,0.2686448169794412,
c9pyckaw,v9,,0,,braindecode/seed-vig,frozen,flatten,0,ridge,median_std_clip,completed,"{'total_params': 12687872, 'trainable_params': 0, 'trainable_pct': 0.0, 'method': 'frozen'}",22.760125398635864,,-0.33506329172276894
c9pyckaw,v9,,0,,braindecode/tuab,frozen,flatten,0,ridge,median_std_clip,completed,"{'total_params': 12687872, 'trainable_params': 0, 'trainable_pct': 0.0, 'method': 'frozen'}",59.24229335784912,0.7622492960239071,
c9pyckaw,v9,,0,,braindecode/tuev,frozen,flatten,0,ridge,median_std_clip,completed,"{'total_params': 12687872, 'trainable_params': 0, 'trainable_pct': 0.0, 'method': 'frozen'}",13.234708547592163,0.8629563189089225,
c9pyckaw,v9,,0,,braindecode/arithmetic_zyma2019,frozen,flatten,1,ridge,median_std_clip,completed,"{'total_params': 12687872, 'trainable_params': 0, 'trainable_pct': 0.0, 'method': 'frozen'}",12.268191814422607,0.6493055555555556,
c9pyckaw,v9,,0,,braindecode/bcic2a,frozen,flatten,1,ridge,median_std_clip,completed,"{'total_params': 12687872, 'trainable_params': 0, 'trainable_pct': 0.0, 'method': 'frozen'}",9.095206260681152,0.38252314814814814,
c9pyckaw,v9,,0,,braindecode/bcic2020-3,frozen,flatten,1,ridge,median_std_clip,completed,"{'total_params': 12687872, 'trainable_params': 0, 'trainable_pct': 0.0, 'method': 'frozen'}",21.626601219177246,0.27066666666666667,
c9pyckaw,v9,,0,,braindecode/physionet,frozen,flatten,1,ridge,median_std_clip,completed,"{'total_params': 12687872, 'trainable_params': 0, 'trainable_pct': 0.0, 'method': 'frozen'}",24.018445014953613,0.530838037014887,
c9pyckaw,v9,,0,,braindecode/chbmit,frozen,flatten,1,ridge,median_std_clip,completed,"{'total_params': 12687872, 'trainable_params': 0, 'trainable_pct': 0.0, 'method': 'frozen'}",54.74308753013611,0.8878444501673963,
c9pyckaw,v9,,0,,braindecode/faced,frozen,flatten,1,ridge,median_std_clip,completed,"{'total_params': 12687872, 'trainable_params': 0, 'trainable_pct': 0.0, 'method': 'frozen'}",52.43917441368103,0.28466883358187706,
c9pyckaw,v9,,0,,braindecode/isruc-sleep,frozen,flatten,1,ridge,median_std_clip,completed,"{'total_params': 12687872, 'trainable_params': 0, 'trainable_pct': 0.0, 'method': 'frozen'}",88.50035452842712,0.6164569526898339,
c9pyckaw,v9,,0,,braindecode/mdd_mumtaz2016,frozen,flatten,1,ridge,median_std_clip,completed,"{'total_params': 12687872, 'trainable_params': 0, 'trainable_pct': 0.0, 'method': 'frozen'}",16.278562784194946,0.8280058650456155,
c9pyckaw,v9,,0,,braindecode/seed-v,frozen,flatten,1,ridge,median_std_clip,completed,"{'total_params': 12687872, 'trainable_params': 0, 'trainable_pct': 0.0, 'method': 'frozen'}",48.78113412857056,0.27134493217423195,
c9pyckaw,v9,,0,,braindecode/seed-vig,frozen,flatten,1,ridge,median_std_clip,completed,"{'total_params': 12687872, 'trainable_params': 0, 'trainable_pct': 0.0, 'method': 'frozen'}",19.043225288391113,,-0.32940334440105645
c9pyckaw,v9,,0,,braindecode/tuab,frozen,flatten,1,ridge,median_std_clip,completed,"{'total_params': 12687872, 'trainable_params': 0, 'trainable_pct': 0.0, 'method': 'frozen'}",57.61413884162903,0.7543157038752848,
c9pyckaw,v9,,0,,braindecode/tuev,frozen,flatten,1,ridge,median_std_clip,completed,"{'total_params': 12687872, 'trainable_params': 0, 'trainable_pct': 0.0, 'method': 'frozen'}",13.619362115859985,0.9464170235236534,
c9pyckaw,v9,,0,,braindecode/arithmetic_zyma2019,frozen,flatten,2,ridge,median_std_clip,completed,"{'total_params': 12687872, 'trainable_params': 0, 'trainable_pct': 0.0, 'method': 'frozen'}",11.356866121292114,0.6701388888888888,
c9pyckaw,v9,,0,,braindecode/bcic2a,frozen,flatten,2,ridge,median_std_clip,completed,"{'total_params': 12687872, 'trainable_params': 0, 'trainable_pct': 0.0, 'method': 'frozen'}",8.975043773651123,0.39351851851851855,
c9pyckaw,v9,,0,,braindecode/bcic2020-3,frozen,flatten,2,ridge,median_std_clip,completed,"{'total_params': 12687872, 'trainable_params': 0, 'trainable_pct': 0.0, 'method': 'frozen'}",21.268948793411255,0.2946666666666667,
c9pyckaw,v9,,0,,braindecode/physionet,frozen,flatten,2,ridge,median_std_clip,completed,"{'total_params': 12687872, 'trainable_params': 0, 'trainable_pct': 0.0, 'method': 'frozen'}",24.1974036693573,0.5353603877158898,
c9pyckaw,v9,,0,,braindecode/chbmit,frozen,flatten,2,ridge,median_std_clip,completed,"{'total_params': 12687872, 'trainable_params': 0, 'trainable_pct': 0.0, 'method': 'frozen'}",52.95474720001221,0.8667696798008413,
c9pyckaw,v9,,0,,braindecode/faced,frozen,flatten,2,ridge,median_std_clip,completed,"{'total_params': 12687872, 'trainable_params': 0, 'trainable_pct': 0.0, 'method': 'frozen'}",50.00793695449829,0.27713681246289945,
c9pyckaw,v9,,0,,braindecode/isruc-sleep,frozen,flatten,2,ridge,median_std_clip,completed,"{'total_params': 12687872, 'trainable_params': 0, 'trainable_pct': 0.0, 'method': 'frozen'}",88.21126222610474,0.614360749861671,
c9pyckaw,v9,,0,,braindecode/mdd_mumtaz2016,frozen,flatten,2,ridge,median_std_clip,completed,"{'total_params': 12687872, 'trainable_params': 0, 'trainable_pct': 0.0, 'method': 'frozen'}",16.020630359649658,0.8240930637017223,
c9pyckaw,v9,,0,,braindecode/seed-v,frozen,flatten,2,ridge,median_std_clip,completed,"{'total_params': 12687872, 'trainable_params': 0, 'trainable_pct': 0.0, 'method': 'frozen'}",50.19321084022522,0.2657207663231837,
c9pyckaw,v9,,0,,braindecode/seed-vig,frozen,flatten,2,ridge,median_std_clip,completed,"{'total_params': 12687872, 'trainable_params': 0, 'trainable_pct': 0.0, 'method': 'frozen'}",19.16701912879944,,-0.33833828891957607
c9pyckaw,v9,,0,,braindecode/tuab,frozen,flatten,2,ridge,median_std_clip,completed,"{'total_params': 12687872, 'trainable_params': 0, 'trainable_pct': 0.0, 'method': 'frozen'}",57.182929277420044,0.7638017397226211,
c9pyckaw,v9,,0,,braindecode/tuev,frozen,flatten,2,ridge,median_std_clip,completed,"{'total_params': 12687872, 'trainable_params': 0, 'trainable_pct': 0.0, 'method': 'frozen'}",13.42191481590271,0.8661501987860011,
c9pyckaw,v9,,0,,braindecode/arithmetic_zyma2019,frozen,flatten,3,ridge,median_std_clip,completed,"{'total_params': 12687872, 'trainable_params': 0, 'trainable_pct': 0.0, 'method': 'frozen'}",13.769127130508423,0.6701388888888888,
c9pyckaw,v9,,0,,braindecode/bcic2a,frozen,flatten,3,ridge,median_std_clip,completed,"{'total_params': 12687872, 'trainable_params': 0, 'trainable_pct': 0.0, 'method': 'frozen'}",9.518759489059448,0.37210648148148145,
c9pyckaw,v9,,0,,braindecode/bcic2020-3,frozen,flatten,3,ridge,median_std_clip,completed,"{'total_params': 12687872, 'trainable_params': 0, 'trainable_pct': 0.0, 'method': 'frozen'}",21.698015451431274,0.27999999999999997,
c9pyckaw,v9,,0,,braindecode/physionet,frozen,flatten,3,ridge,median_std_clip,completed,"{'total_params': 12687872, 'trainable_params': 0, 'trainable_pct': 0.0, 'method': 'frozen'}",24.56041431427002,0.5268518445173983,
c9pyckaw,v9,,0,,braindecode/chbmit,frozen,flatten,3,ridge,median_std_clip,completed,"{'total_params': 12687872, 'trainable_params': 0, 'trainable_pct': 0.0, 'method': 'frozen'}",55.67402935028076,0.84097347411795,
c9pyckaw,v9,,0,,braindecode/faced,frozen,flatten,3,ridge,median_std_clip,completed,"{'total_params': 12687872, 'trainable_params': 0, 'trainable_pct': 0.0, 'method': 'frozen'}",50.86898899078369,0.2884828034284556,
c9pyckaw,v9,,0,,braindecode/isruc-sleep,frozen,flatten,3,ridge,median_std_clip,completed,"{'total_params': 12687872, 'trainable_params': 0, 'trainable_pct': 0.0, 'method': 'frozen'}",88.91932678222656,0.6130554041396381,
c9pyckaw,v9,,0,,braindecode/mdd_mumtaz2016,frozen,flatten,3,ridge,median_std_clip,completed,"{'total_params': 12687872, 'trainable_params': 0, 'trainable_pct': 0.0, 'method': 'frozen'}",16.307510375976562,0.8260253280834026,
c9pyckaw,v9,,0,,braindecode/seed-v,frozen,flatten,3,ridge,median_std_clip,completed,"{'total_params': 12687872, 'trainable_params': 0, 'trainable_pct': 0.0, 'method': 'frozen'}",50.50556421279907,0.2724740294217184,
c9pyckaw,v9,,0,,braindecode/seed-vig,frozen,flatten,3,ridge,median_std_clip,completed,"{'total_params': 12687872, 'trainable_params': 0, 'trainable_pct': 0.0, 'method': 'frozen'}",23.42911386489868,,-0.34195380119519214
c9pyckaw,v9,,0,,braindecode/tuab,frozen,flatten,3,ridge,median_std_clip,completed,"{'total_params': 12687872, 'trainable_params': 0, 'trainable_pct': 0.0, 'method': 'frozen'}",57.094072341918945,0.7330062859408637,
c9pyckaw,v9,,0,,braindecode/tuev,frozen,flatten,3,ridge,median_std_clip,completed,"{'total_params': 12687872, 'trainable_params': 0, 'trainable_pct': 0.0, 'method': 'frozen'}",13.224249362945557,0.9428010355114647,
c9pyckaw,v9,,0,,braindecode/arithmetic_zyma2019,frozen,flatten,4,ridge,median_std_clip,completed,"{'total_params': 12687872, 'trainable_params': 0, 'trainable_pct': 0.0, 'method': 'frozen'}",11.930661916732788,0.6701388888888888,
c9pyckaw,v9,,0,,braindecode/bcic2a,frozen,flatten,4,ridge,median_std_clip,completed,"{'total_params': 12687872, 'trainable_params': 0, 'trainable_pct': 0.0, 'method': 'frozen'}",9.044904232025146,0.3778935185185185,
c9pyckaw,v9,,0,,braindecode/bcic2020-3,frozen,flatten,4,ridge,median_std_clip,completed,"{'total_params': 12687872, 'trainable_params': 0, 'trainable_pct': 0.0, 'method': 'frozen'}",19.473809480667114,0.2813333333333333,
c9pyckaw,v9,,0,,braindecode/physionet,frozen,flatten,4,ridge,median_std_clip,completed,"{'total_params': 12687872, 'trainable_params': 0, 'trainable_pct': 0.0, 'method': 'frozen'}",25.127893209457397,0.5308418383849459,
c9pyckaw,v9,,0,,braindecode/chbmit,frozen,flatten,4,ridge,median_std_clip,completed,"{'total_params': 12687872, 'trainable_params': 0, 'trainable_pct': 0.0, 'method': 'frozen'}",55.17518639564514,0.8452227659026526,
c9pyckaw,v9,,0,,braindecode/faced,frozen,flatten,4,ridge,median_std_clip,completed,"{'total_params': 12687872, 'trainable_params': 0, 'trainable_pct': 0.0, 'method': 'frozen'}",49.869364738464355,0.29014901161640294,
c9pyckaw,v9,,0,,braindecode/isruc-sleep,frozen,flatten,4,ridge,median_std_clip,completed,"{'total_params': 12687872, 'trainable_params': 0, 'trainable_pct': 0.0, 'method': 'frozen'}",85.70277070999146,0.6177555603723247,
c9pyckaw,v9,,0,,braindecode/mdd_mumtaz2016,frozen,flatten,4,ridge,median_std_clip,completed,"{'total_params': 12687872, 'trainable_params': 0, 'trainable_pct': 0.0, 'method': 'frozen'}",15.535438060760498,0.7995253828214949,
c9pyckaw,v9,,0,,braindecode/seed-v,frozen,flatten,4,ridge,median_std_clip,completed,"{'total_params': 12687872, 'trainable_params': 0, 'trainable_pct': 0.0, 'method': 'frozen'}",48.78362226486206,0.27069440167363623,
c9pyckaw,v9,,0,,braindecode/seed-vig,frozen,flatten,4,ridge,median_std_clip,completed,"{'total_params': 12687872, 'trainable_params': 0, 'trainable_pct': 0.0, 'method': 'frozen'}",22.929851055145264,,-0.3626315105588698
c9pyckaw,v9,,0,,braindecode/tuab,frozen,flatten,4,ridge,median_std_clip,completed,"{'total_params': 12687872, 'trainable_params': 0, 'trainable_pct': 0.0, 'method': 'frozen'}",56.95584464073181,0.7587582578579861,
c9pyckaw,v9,,0,,braindecode/tuev,frozen,flatten,4,ridge,median_std_clip,completed,"{'total_params': 12687872, 'trainable_params': 0, 'trainable_pct': 0.0, 'method': 'frozen'}",13.066452980041504,0.8649897027008335,
q7ui5yvk,v9,,0,,braindecode/arithmetic_zyma2019,frozen,flatten,0,ridge,median_std_clip,completed,"{'total_params': 12687872, 'trainable_params': 0, 'trainable_pct': 0.0, 'method': 'frozen'}",11.412527561187744,0.6076388888888888,
q7ui5yvk,v9,,0,,braindecode/bcic2a,frozen,flatten,0,ridge,median_std_clip,completed,"{'total_params': 12687872, 'trainable_params': 0, 'trainable_pct': 0.0, 'method': 'frozen'}",9.24663758277893,0.3559027777777778,
q7ui5yvk,v9,,0,,braindecode/bcic2020-3,frozen,flatten,0,ridge,median_std_clip,completed,"{'total_params': 12687872, 'trainable_params': 0, 'trainable_pct': 0.0, 'method': 'frozen'}",21.233567714691162,0.24533333333333332,
q7ui5yvk,v9,,0,,braindecode/physionet,frozen,flatten,0,ridge,median_std_clip,completed,"{'total_params': 12687872, 'trainable_params': 0, 'trainable_pct': 0.0, 'method': 'frozen'}",23.855735778808594,0.4827007523504858,
q7ui5yvk,v9,,0,,braindecode/chbmit,frozen,flatten,0,ridge,median_std_clip,completed,"{'total_params': 12687872, 'trainable_params': 0, 'trainable_pct': 0.0, 'method': 'frozen'}",54.87929821014404,0.8980599193063783,
q7ui5yvk,v9,,0,,braindecode/faced,frozen,flatten,0,ridge,median_std_clip,completed,"{'total_params': 12687872, 'trainable_params': 0, 'trainable_pct': 0.0, 'method': 'frozen'}",56.23456811904907,0.25229510827336915,
q7ui5yvk,v9,,0,,braindecode/isruc-sleep,frozen,flatten,0,ridge,median_std_clip,completed,"{'total_params': 12687872, 'trainable_params': 0, 'trainable_pct': 0.0, 'method': 'frozen'}",90.23759269714355,0.5769871341144636,
q7ui5yvk,v9,,0,,braindecode/mdd_mumtaz2016,frozen,flatten,0,ridge,median_std_clip,completed,"{'total_params': 12687872, 'trainable_params': 0, 'trainable_pct': 0.0, 'method': 'frozen'}",16.232765674591064,0.8096479436464048,
q7ui5yvk,v9,,0,,braindecode/seed-v,frozen,flatten,0,ridge,median_std_clip,completed,"{'total_params': 12687872, 'trainable_params': 0, 'trainable_pct': 0.0, 'method': 'frozen'}",50.1468141078949,0.2752090484445797,
q7ui5yvk,v9,,0,,braindecode/seed-vig,frozen,flatten,0,ridge,median_std_clip,completed,"{'total_params': 12687872, 'trainable_params': 0, 'trainable_pct': 0.0, 'method': 'frozen'}",22.951659440994263,,-0.4163466080891245
q7ui5yvk,v9,,0,,braindecode/tuab,frozen,flatten,0,ridge,median_std_clip,completed,"{'total_params': 12687872, 'trainable_params': 0, 'trainable_pct': 0.0, 'method': 'frozen'}",57.205212116241455,0.747211257793021,
q7ui5yvk,v9,,0,,braindecode/tuev,frozen,flatten,0,ridge,median_std_clip,completed,"{'total_params': 12687872, 'trainable_params': 0, 'trainable_pct': 0.0, 'method': 'frozen'}",13.722437143325806,0.9410507191410669,
q7ui5yvk,v9,,0,,braindecode/arithmetic_zyma2019,frozen,flatten,1,ridge,median_std_clip,completed,"{'total_params': 12687872, 'trainable_params': 0, 'trainable_pct': 0.0, 'method': 'frozen'}",11.949321985244751,0.5729166666666666,
q7ui5yvk,v9,,0,,braindecode/bcic2a,frozen,flatten,1,ridge,median_std_clip,completed,"{'total_params': 12687872, 'trainable_params': 0, 'trainable_pct': 0.0, 'method': 'frozen'}",8.732342004776001,0.3576388888888889,
q7ui5yvk,v9,,0,,braindecode/bcic2020-3,frozen,flatten,1,ridge,median_std_clip,completed,"{'total_params': 12687872, 'trainable_params': 0, 'trainable_pct': 0.0, 'method': 'frozen'}",19.488072395324707,0.2693333333333333,
q7ui5yvk,v9,,0,,braindecode/physionet,frozen,flatten,1,ridge,median_std_clip,completed,"{'total_params': 12687872, 'trainable_params': 0, 'trainable_pct': 0.0, 'method': 'frozen'}",25.201404571533203,0.4917595387984447,
q7ui5yvk,v9,,0,,braindecode/chbmit,frozen,flatten,1,ridge,median_std_clip,completed,"{'total_params': 12687872, 'trainable_params': 0, 'trainable_pct': 0.0, 'method': 'frozen'}",52.82044982910156,0.7706670100437806,
q7ui5yvk,v9,,0,,braindecode/faced,frozen,flatten,1,ridge,median_std_clip,completed,"{'total_params': 12687872, 'trainable_params': 0, 'trainable_pct': 0.0, 'method': 'frozen'}",51.448596477508545,0.265237479911393,
q7ui5yvk,v9,,0,,braindecode/isruc-sleep,frozen,flatten,1,ridge,median_std_clip,completed,"{'total_params': 12687872, 'trainable_params': 0, 'trainable_pct': 0.0, 'method': 'frozen'}",89.52081036567688,0.5701277128494129,
q7ui5yvk,v9,,0,,braindecode/mdd_mumtaz2016,frozen,flatten,1,ridge,median_std_clip,completed,"{'total_params': 12687872, 'trainable_params': 0, 'trainable_pct': 0.0, 'method': 'frozen'}",15.771981954574585,0.8133316325310329,
q7ui5yvk,v9,,0,,braindecode/seed-v,frozen,flatten,1,ridge,median_std_clip,completed,"{'total_params': 12687872, 'trainable_params': 0, 'trainable_pct': 0.0, 'method': 'frozen'}",48.16531467437744,0.2716265936268014,
q7ui5yvk,v9,,0,,braindecode/seed-vig,frozen,flatten,1,ridge,median_std_clip,completed,"{'total_params': 12687872, 'trainable_params': 0, 'trainable_pct': 0.0, 'method': 'frozen'}",23.56454586982727,,-0.42695712507081596
q7ui5yvk,v9,,0,,braindecode/tuab,frozen,flatten,1,ridge,median_std_clip,completed,"{'total_params': 12687872, 'trainable_params': 0, 'trainable_pct': 0.0, 'method': 'frozen'}",55.258307456970215,0.7451850163421021,
q7ui5yvk,v9,,0,,braindecode/tuev,frozen,flatten,1,ridge,median_std_clip,completed,"{'total_params': 12687872, 'trainable_params': 0, 'trainable_pct': 0.0, 'method': 'frozen'}",12.477540493011475,0.9417866022788122,
q7ui5yvk,v9,,0,,braindecode/arithmetic_zyma2019,frozen,flatten,2,ridge,median_std_clip,completed,"{'total_params': 12687872, 'trainable_params': 0, 'trainable_pct': 0.0, 'method': 'frozen'}",11.209513664245605,0.6215277777777778,
q7ui5yvk,v9,,0,,braindecode/bcic2a,frozen,flatten,2,ridge,median_std_clip,completed,"{'total_params': 12687872, 'trainable_params': 0, 'trainable_pct': 0.0, 'method': 'frozen'}",9.259869813919067,0.35532407407407407,
q7ui5yvk,v9,,0,,braindecode/bcic2020-3,frozen,flatten,2,ridge,median_std_clip,completed,"{'total_params': 12687872, 'trainable_params': 0, 'trainable_pct': 0.0, 'method': 'frozen'}",21.811782360076904,0.26,
q7ui5yvk,v9,,0,,braindecode/physionet,frozen,flatten,2,ridge,median_std_clip,completed,"{'total_params': 12687872, 'trainable_params': 0, 'trainable_pct': 0.0, 'method': 'frozen'}",23.84826397895813,0.49968709194623034,
q7ui5yvk,v9,,0,,braindecode/chbmit,frozen,flatten,2,ridge,median_std_clip,completed,"{'total_params': 12687872, 'trainable_params': 0, 'trainable_pct': 0.0, 'method': 'frozen'}",54.33346390724182,0.873444072452571,
q7ui5yvk,v9,,0,,braindecode/faced,frozen,flatten,2,ridge,median_std_clip,completed,"{'total_params': 12687872, 'trainable_params': 0, 'trainable_pct': 0.0, 'method': 'frozen'}",50.857367753982544,0.22979315370619718,
q7ui5yvk,v9,,0,,braindecode/isruc-sleep,frozen,flatten,2,ridge,median_std_clip,completed,"{'total_params': 12687872, 'trainable_params': 0, 'trainable_pct': 0.0, 'method': 'frozen'}",88.78594994544983,0.5840066403617724,
q7ui5yvk,v9,,0,,braindecode/mdd_mumtaz2016,frozen,flatten,2,ridge,median_std_clip,completed,"{'total_params': 12687872, 'trainable_params': 0, 'trainable_pct': 0.0, 'method': 'frozen'}",18.668925046920776,0.8136853883905854,
q7ui5yvk,v9,,0,,braindecode/seed-v,frozen,flatten,2,ridge,median_std_clip,completed,"{'total_params': 12687872, 'trainable_params': 0, 'trainable_pct': 0.0, 'method': 'frozen'}",52.35113716125488,0.27260859852249186,
q7ui5yvk,v9,,0,,braindecode/seed-vig,frozen,flatten,2,ridge,median_std_clip,completed,"{'total_params': 12687872, 'trainable_params': 0, 'trainable_pct': 0.0, 'method': 'frozen'}",23.183342456817627,,-0.4312715226097077
q7ui5yvk,v9,,0,,braindecode/tuab,frozen,flatten,2,ridge,median_std_clip,completed,"{'total_params': 12687872, 'trainable_params': 0, 'trainable_pct': 0.0, 'method': 'frozen'}",57.025981426239014,0.7393787536990948,
q7ui5yvk,v9,,0,,braindecode/tuev,frozen,flatten,2,ridge,median_std_clip,completed,"{'total_params': 12687872, 'trainable_params': 0, 'trainable_pct': 0.0, 'method': 'frozen'}",13.063009977340698,0.941842346167897,
q7ui5yvk,v9,,0,,braindecode/arithmetic_zyma2019,frozen,flatten,3,ridge,median_std_clip,completed,"{'total_params': 12687872, 'trainable_params': 0, 'trainable_pct': 0.0, 'method': 'frozen'}",11.84651494026184,0.5833333333333334,
q7ui5yvk,v9,,0,,braindecode/bcic2a,frozen,flatten,3,ridge,median_std_clip,completed,"{'total_params': 12687872, 'trainable_params': 0, 'trainable_pct': 0.0, 'method': 'frozen'}",9.001694679260254,0.3483796296296296,
q7ui5yvk,v9,,0,,braindecode/bcic2020-3,frozen,flatten,3,ridge,median_std_clip,completed,"{'total_params': 12687872, 'trainable_params': 0, 'trainable_pct': 0.0, 'method': 'frozen'}",21.116907596588135,0.2666666666666667,
q7ui5yvk,v9,,0,,braindecode/physionet,frozen,flatten,3,ridge,median_std_clip,completed,"{'total_params': 12687872, 'trainable_params': 0, 'trainable_pct': 0.0, 'method': 'frozen'}",23.730194568634033,0.4872819736217691,
q7ui5yvk,v9,,0,,braindecode/chbmit,frozen,flatten,3,ridge,median_std_clip,completed,"{'total_params': 12687872, 'trainable_params': 0, 'trainable_pct': 0.0, 'method': 'frozen'}",54.62752366065979,0.9179543308438493,
q7ui5yvk,v9,,0,,braindecode/faced,frozen,flatten,3,ridge,median_std_clip,completed,"{'total_params': 12687872, 'trainable_params': 0, 'trainable_pct': 0.0, 'method': 'frozen'}",53.128491163253784,0.26124856423769466,
q7ui5yvk,v9,,0,,braindecode/isruc-sleep,frozen,flatten,3,ridge,median_std_clip,completed,"{'total_params': 12687872, 'trainable_params': 0, 'trainable_pct': 0.0, 'method': 'frozen'}",87.22300004959106,0.5796400469860872,
q7ui5yvk,v9,,0,,braindecode/mdd_mumtaz2016,frozen,flatten,3,ridge,median_std_clip,completed,"{'total_params': 12687872, 'trainable_params': 0, 'trainable_pct': 0.0, 'method': 'frozen'}",16.793322801589966,0.7601899382635988,
q7ui5yvk,v9,,0,,braindecode/seed-v,frozen,flatten,3,ridge,median_std_clip,completed,"{'total_params': 12687872, 'trainable_params': 0, 'trainable_pct': 0.0, 'method': 'frozen'}",51.4930214881897,0.27206386802935684,
q7ui5yvk,v9,,0,,braindecode/seed-vig,frozen,flatten,3,ridge,median_std_clip,completed,"{'total_params': 12687872, 'trainable_params': 0, 'trainable_pct': 0.0, 'method': 'frozen'}",19.107139587402344,,-0.3995948079901559
q7ui5yvk,v9,,0,,braindecode/tuab,frozen,flatten,3,ridge,median_std_clip,completed,"{'total_params': 12687872, 'trainable_params': 0, 'trainable_pct': 0.0, 'method': 'frozen'}",55.43322491645813,0.7487242183457178,
q7ui5yvk,v9,,0,,braindecode/tuev,frozen,flatten,3,ridge,median_std_clip,completed,"{'total_params': 12687872, 'trainable_params': 0, 'trainable_pct': 0.0, 'method': 'frozen'}",12.415139436721802,0.9394209370172034,
q7ui5yvk,v9,,0,,braindecode/arithmetic_zyma2019,frozen,flatten,4,ridge,median_std_clip,completed,"{'total_params': 12687872, 'trainable_params': 0, 'trainable_pct': 0.0, 'method': 'frozen'}",11.443701982498169,0.625,
q7ui5yvk,v9,,0,,braindecode/bcic2a,frozen,flatten,4,ridge,median_std_clip,completed,"{'total_params': 12687872, 'trainable_params': 0, 'trainable_pct': 0.0, 'method': 'frozen'}",9.059076070785522,0.3408564814814815,
q7ui5yvk,v9,,0,,braindecode/bcic2020-3,frozen,flatten,4,ridge,median_std_clip,completed,"{'total_params': 12687872, 'trainable_params': 0, 'trainable_pct': 0.0, 'method': 'frozen'}",21.11675190925598,0.2546666666666667,
q7ui5yvk,v9,,0,,braindecode/physionet,frozen,flatten,4,ridge,median_std_clip,completed,"{'total_params': 12687872, 'trainable_params': 0, 'trainable_pct': 0.0, 'method': 'frozen'}",24.008933067321777,0.49913680816425665,
q7ui5yvk,v9,,0,,braindecode/chbmit,frozen,flatten,4,ridge,median_std_clip,completed,"{'total_params': 12687872, 'trainable_params': 0, 'trainable_pct': 0.0, 'method': 'frozen'}",53.232847929000854,0.8720276418576702,
q7ui5yvk,v9,,0,,braindecode/faced,frozen,flatten,4,ridge,median_std_clip,completed,"{'total_params': 12687872, 'trainable_params': 0, 'trainable_pct': 0.0, 'method': 'frozen'}",51.7115421295166,0.26445987587291936,
q7ui5yvk,v9,,0,,braindecode/isruc-sleep,frozen,flatten,4,ridge,median_std_clip,completed,"{'total_params': 12687872, 'trainable_params': 0, 'trainable_pct': 0.0, 'method': 'frozen'}",88.98376035690308,0.578751708123882,
q7ui5yvk,v9,,0,,braindecode/mdd_mumtaz2016,frozen,flatten,4,ridge,median_std_clip,completed,"{'total_params': 12687872, 'trainable_params': 0, 'trainable_pct': 0.0, 'method': 'frozen'}",16.10164976119995,0.8100141444008376,
q7ui5yvk,v9,,0,,braindecode/seed-v,frozen,flatten,4,ridge,median_std_clip,completed,"{'total_params': 12687872, 'trainable_params': 0, 'trainable_pct': 0.0, 'method': 'frozen'}",50.25758695602417,0.2635249231520759,
q7ui5yvk,v9,,0,,braindecode/seed-vig,frozen,flatten,4,ridge,median_std_clip,completed,"{'total_params': 12687872, 'trainable_params': 0, 'trainable_pct': 0.0, 'method': 'frozen'}",22.8153235912323,,-0.4046086840938685
q7ui5yvk,v9,,0,,braindecode/tuab,frozen,flatten,4,ridge,median_std_clip,completed,"{'total_params': 12687872, 'trainable_params': 0, 'trainable_pct': 0.0, 'method': 'frozen'}",60.357043743133545,0.7519870383272139,
q7ui5yvk,v9,,0,,braindecode/tuev,frozen,flatten,4,ridge,median_std_clip,completed,"{'total_params': 12687872, 'trainable_params': 0, 'trainable_pct': 0.0, 'method': 'frozen'}",13.119396209716797,0.943345040574021,
fb8blr82,v9,,0,,braindecode/arithmetic_zyma2019,frozen,flatten,0,ridge,median_std_clip,completed,"{'total_params': 12687872, 'trainable_params': 0, 'trainable_pct': 0.0, 'method': 'frozen'}",12.192625284194946,0.6840277777777778,
fb8blr82,v9,,0,,braindecode/bcic2a,frozen,flatten,0,ridge,median_std_clip,completed,"{'total_params': 12687872, 'trainable_params': 0, 'trainable_pct': 0.0, 'method': 'frozen'}",9.339046239852905,0.3975694444444444,
fb8blr82,v9,,0,,braindecode/bcic2020-3,frozen,flatten,0,ridge,median_std_clip,completed,"{'total_params': 12687872, 'trainable_params': 0, 'trainable_pct': 0.0, 'method': 'frozen'}",21.329299688339233,0.27199999999999996,
fb8blr82,v9,,0,,braindecode/physionet,frozen,flatten,0,ridge,median_std_clip,completed,"{'total_params': 12687872, 'trainable_params': 0, 'trainable_pct': 0.0, 'method': 'frozen'}",23.61431646347046,0.528574293640591,
fb8blr82,v9,,0,,braindecode/chbmit,frozen,flatten,0,ridge,median_std_clip,completed,"{'total_params': 12687872, 'trainable_params': 0, 'trainable_pct': 0.0, 'method': 'frozen'}",54.91247487068176,0.8070864451884282,
fb8blr82,v9,,0,,braindecode/faced,frozen,flatten,0,ridge,median_std_clip,completed,"{'total_params': 12687872, 'trainable_params': 0, 'trainable_pct': 0.0, 'method': 'frozen'}",51.42844605445862,0.2684297888102236,
fb8blr82,v9,,0,,braindecode/isruc-sleep,frozen,flatten,0,ridge,median_std_clip,completed,"{'total_params': 12687872, 'trainable_params': 0, 'trainable_pct': 0.0, 'method': 'frozen'}",88.11982893943787,0.6631711759530938,
fb8blr82,v9,,0,,braindecode/mdd_mumtaz2016,frozen,flatten,0,ridge,median_std_clip,completed,"{'total_params': 12687872, 'trainable_params': 0, 'trainable_pct': 0.0, 'method': 'frozen'}",16.268293380737305,0.8422669367727393,
fb8blr82,v9,,0,,braindecode/seed-v,frozen,flatten,0,ridge,median_std_clip,completed,"{'total_params': 12687872, 'trainable_params': 0, 'trainable_pct': 0.0, 'method': 'frozen'}",49.15788197517395,0.3161803023760895,
fb8blr82,v9,,0,,braindecode/seed-vig,frozen,flatten,0,ridge,median_std_clip,completed,"{'total_params': 12687872, 'trainable_params': 0, 'trainable_pct': 0.0, 'method': 'frozen'}",22.76480460166931,,-0.367654809947739
fb8blr82,v9,,0,,braindecode/tuab,frozen,flatten,0,ridge,median_std_clip,completed,"{'total_params': 12687872, 'trainable_params': 0, 'trainable_pct': 0.0, 'method': 'frozen'}",57.63019418716431,0.7879001798863333,
fb8blr82,v9,,0,,braindecode/tuev,frozen,flatten,0,ridge,median_std_clip,completed,"{'total_params': 12687872, 'trainable_params': 0, 'trainable_pct': 0.0, 'method': 'frozen'}",13.576551675796509,0.9066757186487688,
fb8blr82,v9,,0,,braindecode/arithmetic_zyma2019,frozen,flatten,1,ridge,median_std_clip,completed,"{'total_params': 12687872, 'trainable_params': 0, 'trainable_pct': 0.0, 'method': 'frozen'}",11.362038850784302,0.7013888888888888,
fb8blr82,v9,,0,,braindecode/bcic2a,frozen,flatten,1,ridge,median_std_clip,completed,"{'total_params': 12687872, 'trainable_params': 0, 'trainable_pct': 0.0, 'method': 'frozen'}",9.443131923675537,0.41087962962962965,
fb8blr82,v9,,0,,braindecode/bcic2020-3,frozen,flatten,1,ridge,median_std_clip,completed,"{'total_params': 12687872, 'trainable_params': 0, 'trainable_pct': 0.0, 'method': 'frozen'}",21.423506498336792,0.268,
fb8blr82,v9,,0,,braindecode/physionet,frozen,flatten,1,ridge,median_std_clip,completed,"{'total_params': 12687872, 'trainable_params': 0, 'trainable_pct': 0.0, 'method': 'frozen'}",23.411521434783936,0.5410651237400673,
fb8blr82,v9,,0,,braindecode/chbmit,frozen,flatten,1,ridge,median_std_clip,completed,"{'total_params': 12687872, 'trainable_params': 0, 'trainable_pct': 0.0, 'method': 'frozen'}",52.49268198013306,0.8843033736801442,
fb8blr82,v9,,0,,braindecode/faced,frozen,flatten,1,ridge,median_std_clip,completed,"{'total_params': 12687872, 'trainable_params': 0, 'trainable_pct': 0.0, 'method': 'frozen'}",49.978936195373535,0.2592597619771533,
fb8blr82,v9,,0,,braindecode/isruc-sleep,frozen,flatten,1,ridge,median_std_clip,completed,"{'total_params': 12687872, 'trainable_params': 0, 'trainable_pct': 0.0, 'method': 'frozen'}",86.48449563980103,0.6646024865517786,
fb8blr82,v9,,0,,braindecode/mdd_mumtaz2016,frozen,flatten,1,ridge,median_std_clip,completed,"{'total_params': 12687872, 'trainable_params': 0, 'trainable_pct': 0.0, 'method': 'frozen'}",16.170470714569092,0.8342855784474643,
fb8blr82,v9,,0,,braindecode/seed-v,frozen,flatten,1,ridge,median_std_clip,completed,"{'total_params': 12687872, 'trainable_params': 0, 'trainable_pct': 0.0, 'method': 'frozen'}",50.37124466896057,0.31746601344632597,
fb8blr82,v9,,0,,braindecode/seed-vig,frozen,flatten,1,ridge,median_std_clip,completed,"{'total_params': 12687872, 'trainable_params': 0, 'trainable_pct': 0.0, 'method': 'frozen'}",24.206575393676758,,-0.3436854816001138
fb8blr82,v9,,0,,braindecode/tuab,frozen,flatten,1,ridge,median_std_clip,completed,"{'total_params': 12687872, 'trainable_params': 0, 'trainable_pct': 0.0, 'method': 'frozen'}",57.24500608444214,0.783194684952497,
fb8blr82,v9,,0,,braindecode/tuev,frozen,flatten,1,ridge,median_std_clip,completed,"{'total_params': 12687872, 'trainable_params': 0, 'trainable_pct': 0.0, 'method': 'frozen'}",13.260136127471924,0.9110472265820135,
fb8blr82,v9,,0,,braindecode/arithmetic_zyma2019,frozen,flatten,2,ridge,median_std_clip,completed,"{'total_params': 12687872, 'trainable_params': 0, 'trainable_pct': 0.0, 'method': 'frozen'}",13.9483323097229,0.7048611111111112,
fb8blr82,v9,,0,,braindecode/bcic2a,frozen,flatten,2,ridge,median_std_clip,completed,"{'total_params': 12687872, 'trainable_params': 0, 'trainable_pct': 0.0, 'method': 'frozen'}",9.252761840820312,0.3883101851851852,
fb8blr82,v9,,0,,braindecode/bcic2020-3,frozen,flatten,2,ridge,median_std_clip,completed,"{'total_params': 12687872, 'trainable_params': 0, 'trainable_pct': 0.0, 'method': 'frozen'}",19.704401969909668,0.27199999999999996,
fb8blr82,v9,,0,,braindecode/physionet,frozen,flatten,2,ridge,median_std_clip,completed,"{'total_params': 12687872, 'trainable_params': 0, 'trainable_pct': 0.0, 'method': 'frozen'}",24.91122055053711,0.5331183842408873,
fb8blr82,v9,,0,,braindecode/chbmit,frozen,flatten,2,ridge,median_std_clip,completed,"{'total_params': 12687872, 'trainable_params': 0, 'trainable_pct': 0.0, 'method': 'frozen'}",57.259026765823364,0.9465833977165422,
fb8blr82,v9,,0,,braindecode/faced,frozen,flatten,2,ridge,median_std_clip,completed,"{'total_params': 12687872, 'trainable_params': 0, 'trainable_pct': 0.0, 'method': 'frozen'}",50.510563373565674,0.24918544619631577,
fb8blr82,v9,,0,,braindecode/isruc-sleep,frozen,flatten,2,ridge,median_std_clip,completed,"{'total_params': 12687872, 'trainable_params': 0, 'trainable_pct': 0.0, 'method': 'frozen'}",90.59738564491272,0.6601952608103527,
fb8blr82,v9,,0,,braindecode/mdd_mumtaz2016,frozen,flatten,2,ridge,median_std_clip,completed,"{'total_params': 12687872, 'trainable_params': 0, 'trainable_pct': 0.0, 'method': 'frozen'}",17.402863264083862,0.85450712285503,
fb8blr82,v9,,0,,braindecode/seed-v,frozen,flatten,2,ridge,median_std_clip,completed,"{'total_params': 12687872, 'trainable_params': 0, 'trainable_pct': 0.0, 'method': 'frozen'}",50.25777864456177,0.3152115983451279,
fb8blr82,v9,,0,,braindecode/seed-vig,frozen,flatten,2,ridge,median_std_clip,completed,"{'total_params': 12687872, 'trainable_params': 0, 'trainable_pct': 0.0, 'method': 'frozen'}",23.676472902297974,,-0.3581220055740877
fb8blr82,v9,,0,,braindecode/tuab,frozen,flatten,2,ridge,median_std_clip,completed,"{'total_params': 12687872, 'trainable_params': 0, 'trainable_pct': 0.0, 'method': 'frozen'}",56.6870322227478,0.7850716745110251,
fb8blr82,v9,,0,,braindecode/tuev,frozen,flatten,2,ridge,median_std_clip,completed,"{'total_params': 12687872, 'trainable_params': 0, 'trainable_pct': 0.0, 'method': 'frozen'}",12.500478267669678,0.9543444788029077,
fb8blr82,v9,,0,,braindecode/arithmetic_zyma2019,frozen,flatten,3,ridge,median_std_clip,completed,"{'total_params': 12687872, 'trainable_params': 0, 'trainable_pct': 0.0, 'method': 'frozen'}",11.928623676300049,0.7013888888888888,
fb8blr82,v9,,0,,braindecode/bcic2a,frozen,flatten,3,ridge,median_std_clip,completed,"{'total_params': 12687872, 'trainable_params': 0, 'trainable_pct': 0.0, 'method': 'frozen'}",9.0562002658844,0.42129629629629634,
fb8blr82,v9,,0,,braindecode/bcic2020-3,frozen,flatten,3,ridge,median_std_clip,completed,"{'total_params': 12687872, 'trainable_params': 0, 'trainable_pct': 0.0, 'method': 'frozen'}",21.239712715148926,0.28,
fb8blr82,v9,,0,,braindecode/physionet,frozen,flatten,3,ridge,median_std_clip,completed,"{'total_params': 12687872, 'trainable_params': 0, 'trainable_pct': 0.0, 'method': 'frozen'}",24.17400312423706,0.5341907353900639,
fb8blr82,v9,,0,,braindecode/chbmit,frozen,flatten,3,ridge,median_std_clip,completed,"{'total_params': 12687872, 'trainable_params': 0, 'trainable_pct': 0.0, 'method': 'frozen'}",55.773924350738525,0.9025452828568976,
fb8blr82,v9,,0,,braindecode/faced,frozen,flatten,3,ridge,median_std_clip,completed,"{'total_params': 12687872, 'trainable_params': 0, 'trainable_pct': 0.0, 'method': 'frozen'}",50.005786657333374,0.2558223781049868,
fb8blr82,v9,,0,,braindecode/isruc-sleep,frozen,flatten,3,ridge,median_std_clip,completed,"{'total_params': 12687872, 'trainable_params': 0, 'trainable_pct': 0.0, 'method': 'frozen'}",86.0333456993103,0.6662725063196714,
fb8blr82,v9,,0,,braindecode/mdd_mumtaz2016,frozen,flatten,3,ridge,median_std_clip,completed,"{'total_params': 12687872, 'trainable_params': 0, 'trainable_pct': 0.0, 'method': 'frozen'}",15.375533819198608,0.8372181984809062,
fb8blr82,v9,,0,,braindecode/seed-v,frozen,flatten,3,ridge,median_std_clip,completed,"{'total_params': 12687872, 'trainable_params': 0, 'trainable_pct': 0.0, 'method': 'frozen'}",48.64509892463684,0.3170795193294603,
fb8blr82,v9,,0,,braindecode/seed-vig,frozen,flatten,3,ridge,median_std_clip,completed,"{'total_params': 12687872, 'trainable_params': 0, 'trainable_pct': 0.0, 'method': 'frozen'}",23.5225567817688,,-0.35903867641092213
fb8blr82,v9,,0,,braindecode/tuab,frozen,flatten,3,ridge,median_std_clip,completed,"{'total_params': 12687872, 'trainable_params': 0, 'trainable_pct': 0.0, 'method': 'frozen'}",57.417940855026245,0.8137129166451983,
fb8blr82,v9,,0,,braindecode/tuev,frozen,flatten,3,ridge,median_std_clip,completed,"{'total_params': 12687872, 'trainable_params': 0, 'trainable_pct': 0.0, 'method': 'frozen'}",13.260874032974243,0.9538266521797145,
fb8blr82,v9,,0,,braindecode/arithmetic_zyma2019,frozen,flatten,4,ridge,median_std_clip,completed,"{'total_params': 12687872, 'trainable_params': 0, 'trainable_pct': 0.0, 'method': 'frozen'}",11.435466289520264,0.6840277777777778,
fb8blr82,v9,,0,,braindecode/bcic2a,frozen,flatten,4,ridge,median_std_clip,completed,"{'total_params': 12687872, 'trainable_params': 0, 'trainable_pct': 0.0, 'method': 'frozen'}",8.894808292388916,0.4097222222222222,
fb8blr82,v9,,0,,braindecode/bcic2020-3,frozen,flatten,4,ridge,median_std_clip,completed,"{'total_params': 12687872, 'trainable_params': 0, 'trainable_pct': 0.0, 'method': 'frozen'}",21.869168043136597,0.29200000000000004,
fb8blr82,v9,,0,,braindecode/physionet,frozen,flatten,4,ridge,median_std_clip,completed,"{'total_params': 12687872, 'trainable_params': 0, 'trainable_pct': 0.0, 'method': 'frozen'}",21.317286252975464,0.531967941427888,
fb8blr82,v9,,0,,braindecode/chbmit,frozen,flatten,4,ridge,median_std_clip,completed,"{'total_params': 12687872, 'trainable_params': 0, 'trainable_pct': 0.0, 'method': 'frozen'}",54.9781174659729,0.8786376513005408,
fb8blr82,v9,,0,,braindecode/faced,frozen,flatten,4,ridge,median_std_clip,completed,"{'total_params': 12687872, 'trainable_params': 0, 'trainable_pct': 0.0, 'method': 'frozen'}",56.382657289505005,0.2709725359181881,
fb8blr82,v9,,0,,braindecode/isruc-sleep,frozen,flatten,4,ridge,median_std_clip,completed,"{'total_params': 12687872, 'trainable_params': 0, 'trainable_pct': 0.0, 'method': 'frozen'}",91.00148916244507,0.6582015493440705,
fb8blr82,v9,,0,,braindecode/mdd_mumtaz2016,frozen,flatten,4,ridge,median_std_clip,completed,"{'total_params': 12687872, 'trainable_params': 0, 'trainable_pct': 0.0, 'method': 'frozen'}",15.893547773361206,0.8414566574451292,
fb8blr82,v9,,0,,braindecode/seed-v,frozen,flatten,4,ridge,median_std_clip,completed,"{'total_params': 12687872, 'trainable_params': 0, 'trainable_pct': 0.0, 'method': 'frozen'}",49.586520195007324,0.32401414098119696,
fb8blr82,v9,,0,,braindecode/seed-vig,frozen,flatten,4,ridge,median_std_clip,completed,"{'total_params': 12687872, 'trainable_params': 0, 'trainable_pct': 0.0, 'method': 'frozen'}",24.03495478630066,,-0.36142394705302183
fb8blr82,v9,,0,,braindecode/tuab,frozen,flatten,4,ridge,median_std_clip,completed,"{'total_params': 12687872, 'trainable_params': 0, 'trainable_pct': 0.0, 'method': 'frozen'}",57.91356825828552,0.8099415761447872,
fb8blr82,v9,,0,,braindecode/tuev,frozen,flatten,4,ridge,median_std_clip,completed,"{'total_params': 12687872, 'trainable_params': 0, 'trainable_pct': 0.0, 'method': 'frozen'}",13.023601293563843,0.9140512527133499,
km089re9,v9,,0,,braindecode/arithmetic_zyma2019,frozen,flatten,0,ridge,median_std_clip,completed,"{'total_params': 12687872, 'trainable_params': 0, 'trainable_pct': 0.0, 'method': 'frozen'}",11.684462547302246,0.6805555555555556,
km089re9,v9,,0,,braindecode/bcic2a,frozen,flatten,0,ridge,median_std_clip,completed,"{'total_params': 12687872, 'trainable_params': 0, 'trainable_pct': 0.0, 'method': 'frozen'}",9.261659383773804,0.4305555555555556,
km089re9,v9,,0,,braindecode/bcic2020-3,frozen,flatten,0,ridge,median_std_clip,completed,"{'total_params': 12687872, 'trainable_params': 0, 'trainable_pct': 0.0, 'method': 'frozen'}",21.262144327163696,0.26266666666666666,
km089re9,v9,,0,,braindecode/physionet,frozen,flatten,0,ridge,median_std_clip,completed,"{'total_params': 12687872, 'trainable_params': 0, 'trainable_pct': 0.0, 'method': 'frozen'}",23.786109447479248,0.48615725157922174,
km089re9,v9,,0,,braindecode/chbmit,frozen,flatten,0,ridge,median_std_clip,completed,"{'total_params': 12687872, 'trainable_params': 0, 'trainable_pct': 0.0, 'method': 'frozen'}",53.24887657165527,0.8762769336423728,
km089re9,v9,,0,,braindecode/faced,frozen,flatten,0,ridge,median_std_clip,completed,"{'total_params': 12687872, 'trainable_params': 0, 'trainable_pct': 0.0, 'method': 'frozen'}",53.16928791999817,0.2536011693620389,
km089re9,v9,,0,,braindecode/isruc-sleep,frozen,flatten,0,ridge,median_std_clip,completed,"{'total_params': 12687872, 'trainable_params': 0, 'trainable_pct': 0.0, 'method': 'frozen'}",89.85019636154175,0.6642621317395204,
km089re9,v9,,0,,braindecode/mdd_mumtaz2016,frozen,flatten,0,ridge,median_std_clip,completed,"{'total_params': 12687872, 'trainable_params': 0, 'trainable_pct': 0.0, 'method': 'frozen'}",15.804153442382812,0.8355135395595013,
km089re9,v9,,0,,braindecode/seed-v,frozen,flatten,0,ridge,median_std_clip,completed,"{'total_params': 12687872, 'trainable_params': 0, 'trainable_pct': 0.0, 'method': 'frozen'}",48.32520127296448,0.3159731642312591,
km089re9,v9,,0,,braindecode/seed-vig,frozen,flatten,0,ridge,median_std_clip,completed,"{'total_params': 12687872, 'trainable_params': 0, 'trainable_pct': 0.0, 'method': 'frozen'}",22.803178310394287,,-0.3609120043011067
km089re9,v9,,0,,braindecode/tuab,frozen,flatten,0,ridge,median_std_clip,completed,"{'total_params': 12687872, 'trainable_params': 0, 'trainable_pct': 0.0, 'method': 'frozen'}",55.869245767593384,0.8150640243014564,
km089re9,v9,,0,,braindecode/tuev,frozen,flatten,0,ridge,median_std_clip,completed,"{'total_params': 12687872, 'trainable_params': 0, 'trainable_pct': 0.0, 'method': 'frozen'}",12.561466932296753,0.9065256189525126,
km089re9,v9,,0,,braindecode/arithmetic_zyma2019,frozen,flatten,1,ridge,median_std_clip,completed,"{'total_params': 12687872, 'trainable_params': 0, 'trainable_pct': 0.0, 'method': 'frozen'}",11.712300539016724,0.7013888888888888,
km089re9,v9,,0,,braindecode/bcic2a,frozen,flatten,1,ridge,median_std_clip,completed,"{'total_params': 12687872, 'trainable_params': 0, 'trainable_pct': 0.0, 'method': 'frozen'}",9.11716365814209,0.4241898148148148,
km089re9,v9,,0,,braindecode/bcic2020-3,frozen,flatten,1,ridge,median_std_clip,completed,"{'total_params': 12687872, 'trainable_params': 0, 'trainable_pct': 0.0, 'method': 'frozen'}",21.963982820510864,0.2653333333333333,
km089re9,v9,,0,,braindecode/physionet,frozen,flatten,1,ridge,median_std_clip,completed,"{'total_params': 12687872, 'trainable_params': 0, 'trainable_pct': 0.0, 'method': 'frozen'}",23.97319269180298,0.5008221324068204,
km089re9,v9,,0,,braindecode/chbmit,frozen,flatten,1,ridge,median_std_clip,completed,"{'total_params': 12687872, 'trainable_params': 0, 'trainable_pct': 0.0, 'method': 'frozen'}",54.22405385971069,0.883359086616877,
km089re9,v9,,0,,braindecode/faced,frozen,flatten,1,ridge,median_std_clip,completed,"{'total_params': 12687872, 'trainable_params': 0, 'trainable_pct': 0.0, 'method': 'frozen'}",50.624632120132446,0.26336872668394407,
km089re9,v9,,0,,braindecode/isruc-sleep,frozen,flatten,1,ridge,median_std_clip,completed,"{'total_params': 12687872, 'trainable_params': 0, 'trainable_pct': 0.0, 'method': 'frozen'}",89.31764459609985,0.6686580251151272,
km089re9,v9,,0,,braindecode/mdd_mumtaz2016,frozen,flatten,1,ridge,median_std_clip,completed,"{'total_params': 12687872, 'trainable_params': 0, 'trainable_pct': 0.0, 'method': 'frozen'}",18.2991144657135,0.8226250522345295,
km089re9,v9,,0,,braindecode/seed-v,frozen,flatten,1,ridge,median_std_clip,completed,"{'total_params': 12687872, 'trainable_params': 0, 'trainable_pct': 0.0, 'method': 'frozen'}",52.52102828025818,0.31502084431134314,
km089re9,v9,,0,,braindecode/seed-vig,frozen,flatten,1,ridge,median_std_clip,completed,"{'total_params': 12687872, 'trainable_params': 0, 'trainable_pct': 0.0, 'method': 'frozen'}",19.06660008430481,,-0.3504458418909795
km089re9,v9,,0,,braindecode/tuab,frozen,flatten,1,ridge,median_std_clip,completed,"{'total_params': 12687872, 'trainable_params': 0, 'trainable_pct': 0.0, 'method': 'frozen'}",56.083850383758545,0.7786510429150995,
km089re9,v9,,0,,braindecode/tuev,frozen,flatten,1,ridge,median_std_clip,completed,"{'total_params': 12687872, 'trainable_params': 0, 'trainable_pct': 0.0, 'method': 'frozen'}",13.303216695785522,0.9175825930352669,
km089re9,v9,,0,,braindecode/arithmetic_zyma2019,frozen,flatten,2,ridge,median_std_clip,completed,"{'total_params': 12687872, 'trainable_params': 0, 'trainable_pct': 0.0, 'method': 'frozen'}",11.828346014022827,0.6770833333333333,
km089re9,v9,,0,,braindecode/bcic2a,frozen,flatten,2,ridge,median_std_clip,completed,"{'total_params': 12687872, 'trainable_params': 0, 'trainable_pct': 0.0, 'method': 'frozen'}",8.881973505020142,0.4195601851851852,
km089re9,v9,,0,,braindecode/bcic2020-3,frozen,flatten,2,ridge,median_std_clip,completed,"{'total_params': 12687872, 'trainable_params': 0, 'trainable_pct': 0.0, 'method': 'frozen'}",21.567254066467285,0.2853333333333333,
km089re9,v9,,0,,braindecode/physionet,frozen,flatten,2,ridge,median_std_clip,completed,"{'total_params': 12687872, 'trainable_params': 0, 'trainable_pct': 0.0, 'method': 'frozen'}",23.98315930366516,0.5053752009572713,
km089re9,v9,,0,,braindecode/chbmit,frozen,flatten,2,ridge,median_std_clip,completed,"{'total_params': 12687872, 'trainable_params': 0, 'trainable_pct': 0.0, 'method': 'frozen'}",54.24756050109863,0.8592153832947034,
km089re9,v9,,0,,braindecode/faced,frozen,flatten,2,ridge,median_std_clip,completed,"{'total_params': 12687872, 'trainable_params': 0, 'trainable_pct': 0.0, 'method': 'frozen'}",50.73624634742737,0.27096725738030086,
km089re9,v9,,0,,braindecode/isruc-sleep,frozen,flatten,2,ridge,median_std_clip,completed,"{'total_params': 12687872, 'trainable_params': 0, 'trainable_pct': 0.0, 'method': 'frozen'}",86.78931617736816,0.6632857011279066,
km089re9,v9,,0,,braindecode/mdd_mumtaz2016,frozen,flatten,2,ridge,median_std_clip,completed,"{'total_params': 12687872, 'trainable_params': 0, 'trainable_pct': 0.0, 'method': 'frozen'}",16.525328159332275,0.8295468444316192,
km089re9,v9,,0,,braindecode/seed-v,frozen,flatten,2,ridge,median_std_clip,completed,"{'total_params': 12687872, 'trainable_params': 0, 'trainable_pct': 0.0, 'method': 'frozen'}",51.18226957321167,0.3150889787864343,
km089re9,v9,,0,,braindecode/seed-vig,frozen,flatten,2,ridge,median_std_clip,completed,"{'total_params': 12687872, 'trainable_params': 0, 'trainable_pct': 0.0, 'method': 'frozen'}",19.104316234588623,,-0.374290158624768
km089re9,v9,,0,,braindecode/tuab,frozen,flatten,2,ridge,median_std_clip,completed,"{'total_params': 12687872, 'trainable_params': 0, 'trainable_pct': 0.0, 'method': 'frozen'}",55.34633111953735,0.8146297096952685,
km089re9,v9,,0,,braindecode/tuev,frozen,flatten,2,ridge,median_std_clip,completed,"{'total_params': 12687872, 'trainable_params': 0, 'trainable_pct': 0.0, 'method': 'frozen'}",12.457706451416016,0.9131133422844927,
km089re9,v9,,0,,braindecode/arithmetic_zyma2019,frozen,flatten,3,ridge,median_std_clip,completed,"{'total_params': 12687872, 'trainable_params': 0, 'trainable_pct': 0.0, 'method': 'frozen'}",11.240484476089478,0.7048611111111112,
km089re9,v9,,0,,braindecode/bcic2a,frozen,flatten,3,ridge,median_std_clip,completed,"{'total_params': 12687872, 'trainable_params': 0, 'trainable_pct': 0.0, 'method': 'frozen'}",9.664854526519775,0.4247685185185185,
km089re9,v9,,0,,braindecode/bcic2020-3,frozen,flatten,3,ridge,median_std_clip,completed,"{'total_params': 12687872, 'trainable_params': 0, 'trainable_pct': 0.0, 'method': 'frozen'}",21.24496579170227,0.26666666666666666,
km089re9,v9,,0,,braindecode/physionet,frozen,flatten,3,ridge,median_std_clip,completed,"{'total_params': 12687872, 'trainable_params': 0, 'trainable_pct': 0.0, 'method': 'frozen'}",23.900527000427246,0.5138568450474477,
km089re9,v9,,0,,braindecode/chbmit,frozen,flatten,3,ridge,median_std_clip,completed,"{'total_params': 12687872, 'trainable_params': 0, 'trainable_pct': 0.0, 'method': 'frozen'}",53.006837368011475,0.9020731393252639,
km089re9,v9,,0,,braindecode/faced,frozen,flatten,3,ridge,median_std_clip,completed,"{'total_params': 12687872, 'trainable_params': 0, 'trainable_pct': 0.0, 'method': 'frozen'}",51.49595785140991,0.26304748994966387,
km089re9,v9,,0,,braindecode/isruc-sleep,frozen,flatten,3,ridge,median_std_clip,completed,"{'total_params': 12687872, 'trainable_params': 0, 'trainable_pct': 0.0, 'method': 'frozen'}",88.65254974365234,0.664152899261445,
km089re9,v9,,0,,braindecode/mdd_mumtaz2016,frozen,flatten,3,ridge,median_std_clip,completed,"{'total_params': 12687872, 'trainable_params': 0, 'trainable_pct': 0.0, 'method': 'frozen'}",16.006377696990967,0.8365591537938164,
km089re9,v9,,0,,braindecode/seed-v,frozen,flatten,3,ridge,median_std_clip,completed,"{'total_params': 12687872, 'trainable_params': 0, 'trainable_pct': 0.0, 'method': 'frozen'}",50.20797824859619,0.3158818125176054,
km089re9,v9,,0,,braindecode/seed-vig,frozen,flatten,3,ridge,median_std_clip,completed,"{'total_params': 12687872, 'trainable_params': 0, 'trainable_pct': 0.0, 'method': 'frozen'}",22.951883792877197,,-0.35431945274656074
km089re9,v9,,0,,braindecode/tuab,frozen,flatten,3,ridge,median_std_clip,completed,"{'total_params': 12687872, 'trainable_params': 0, 'trainable_pct': 0.0, 'method': 'frozen'}",60.35587525367737,0.8092838037334815,
km089re9,v9,,0,,braindecode/tuev,frozen,flatten,3,ridge,median_std_clip,completed,"{'total_params': 12687872, 'trainable_params': 0, 'trainable_pct': 0.0, 'method': 'frozen'}",13.427701234817505,0.9166363371704223,
km089re9,v9,,0,,braindecode/arithmetic_zyma2019,frozen,flatten,4,ridge,median_std_clip,completed,"{'total_params': 12687872, 'trainable_params': 0, 'trainable_pct': 0.0, 'method': 'frozen'}",12.193803548812866,0.6944444444444444,
km089re9,v9,,0,,braindecode/bcic2a,frozen,flatten,4,ridge,median_std_clip,completed,"{'total_params': 12687872, 'trainable_params': 0, 'trainable_pct': 0.0, 'method': 'frozen'}",8.964993953704834,0.41724537037037035,
km089re9,v9,,0,,braindecode/bcic2020-3,frozen,flatten,4,ridge,median_std_clip,completed,"{'total_params': 12687872, 'trainable_params': 0, 'trainable_pct': 0.0, 'method': 'frozen'}",19.507155895233154,0.2733333333333334,
km089re9,v9,,0,,braindecode/physionet,frozen,flatten,4,ridge,median_std_clip,completed,"{'total_params': 12687872, 'trainable_params': 0, 'trainable_pct': 0.0, 'method': 'frozen'}",25.27737331390381,0.5087496681835321,
km089re9,v9,,0,,braindecode/chbmit,frozen,flatten,4,ridge,median_std_clip,completed,"{'total_params': 12687872, 'trainable_params': 0, 'trainable_pct': 0.0, 'method': 'frozen'}",54.795921325683594,0.8746244312816551,
km089re9,v9,,0,,braindecode/faced,frozen,flatten,4,ridge,median_std_clip,completed,"{'total_params': 12687872, 'trainable_params': 0, 'trainable_pct': 0.0, 'method': 'frozen'}",52.21801519393921,0.2601955713368757,
km089re9,v9,,0,,braindecode/isruc-sleep,frozen,flatten,4,ridge,median_std_clip,completed,"{'total_params': 12687872, 'trainable_params': 0, 'trainable_pct': 0.0, 'method': 'frozen'}",87.83324432373047,0.6692889476684979,
km089re9,v9,,0,,braindecode/mdd_mumtaz2016,frozen,flatten,4,ridge,median_std_clip,completed,"{'total_params': 12687872, 'trainable_params': 0, 'trainable_pct': 0.0, 'method': 'frozen'}",17.060736417770386,0.8333864834052188,
km089re9,v9,,0,,braindecode/seed-v,frozen,flatten,4,ridge,median_std_clip,completed,"{'total_params': 12687872, 'trainable_params': 0, 'trainable_pct': 0.0, 'method': 'frozen'}",48.94301962852478,0.3167386295418481,
km089re9,v9,,0,,braindecode/seed-vig,frozen,flatten,4,ridge,median_std_clip,completed,"{'total_params': 12687872, 'trainable_params': 0, 'trainable_pct': 0.0, 'method': 'frozen'}",22.7435462474823,,-0.37138514874025574
km089re9,v9,,0,,braindecode/tuab,frozen,flatten,4,ridge,median_std_clip,completed,"{'total_params': 12687872, 'trainable_params': 0, 'trainable_pct': 0.0, 'method': 'frozen'}",57.43417429924011,0.8035912301492183,
km089re9,v9,,0,,braindecode/tuev,frozen,flatten,4,ridge,median_std_clip,completed,"{'total_params': 12687872, 'trainable_params': 0, 'trainable_pct': 0.0, 'method': 'frozen'}",13.290422916412354,0.9194076284295251,
394mrb8x,v9,,0,,braindecode/arithmetic_zyma2019,frozen,flatten,0,ridge,median_std_clip,completed,"{'total_params': 12687872, 'trainable_params': 0, 'trainable_pct': 0.0, 'method': 'frozen'}",11.380747318267822,0.6805555555555556,
394mrb8x,v9,,0,,braindecode/bcic2a,frozen,flatten,0,ridge,median_std_clip,completed,"{'total_params': 12687872, 'trainable_params': 0, 'trainable_pct': 0.0, 'method': 'frozen'}",9.409087181091309,0.3894675925925926,
394mrb8x,v9,,0,,braindecode/bcic2020-3,frozen,flatten,0,ridge,median_std_clip,completed,"{'total_params': 12687872, 'trainable_params': 0, 'trainable_pct': 0.0, 'method': 'frozen'}",21.344674348831177,0.24533333333333332,
394mrb8x,v9,,0,,braindecode/physionet,frozen,flatten,0,ridge,median_std_clip,completed,"{'total_params': 12687872, 'trainable_params': 0, 'trainable_pct': 0.0, 'method': 'frozen'}",23.94236946105957,0.4854904860595624,
394mrb8x,v9,,0,,braindecode/chbmit,frozen,flatten,0,ridge,median_std_clip,completed,"{'total_params': 12687872, 'trainable_params': 0, 'trainable_pct': 0.0, 'method': 'frozen'}",52.57987356185913,0.8923941969267748,
394mrb8x,v9,,0,,braindecode/faced,frozen,flatten,0,ridge,median_std_clip,completed,"{'total_params': 12687872, 'trainable_params': 0, 'trainable_pct': 0.0, 'method': 'frozen'}",49.73460793495178,0.23867783786262048,
394mrb8x,v9,,0,,braindecode/isruc-sleep,frozen,flatten,0,ridge,median_std_clip,completed,"{'total_params': 12687872, 'trainable_params': 0, 'trainable_pct': 0.0, 'method': 'frozen'}",86.52082633972168,0.6774643938046949,
394mrb8x,v9,,0,,braindecode/mdd_mumtaz2016,frozen,flatten,0,ridge,median_std_clip,completed,"{'total_params': 12687872, 'trainable_params': 0, 'trainable_pct': 0.0, 'method': 'frozen'}",16.055907249450684,0.8453883205828256,
394mrb8x,v9,,0,,braindecode/seed-v,frozen,flatten,0,ridge,median_std_clip,completed,"{'total_params': 12687872, 'trainable_params': 0, 'trainable_pct': 0.0, 'method': 'frozen'}",50.102232933044434,0.3061181451553781,
394mrb8x,v9,,0,,braindecode/seed-vig,frozen,flatten,0,ridge,median_std_clip,completed,"{'total_params': 12687872, 'trainable_params': 0, 'trainable_pct': 0.0, 'method': 'frozen'}",22.651397943496704,,-0.2713111586969339
394mrb8x,v9,,0,,braindecode/tuab,frozen,flatten,0,ridge,median_std_clip,completed,"{'total_params': 12687872, 'trainable_params': 0, 'trainable_pct': 0.0, 'method': 'frozen'}",56.73284339904785,0.8081917167159879,
394mrb8x,v9,,0,,braindecode/tuev,frozen,flatten,0,ridge,median_std_clip,completed,"{'total_params': 12687872, 'trainable_params': 0, 'trainable_pct': 0.0, 'method': 'frozen'}",13.233867883682251,0.9121835685572645,
394mrb8x,v9,,0,,braindecode/arithmetic_zyma2019,frozen,flatten,1,ridge,median_std_clip,completed,"{'total_params': 12687872, 'trainable_params': 0, 'trainable_pct': 0.0, 'method': 'frozen'}",13.019373416900635,0.6770833333333333,
394mrb8x,v9,,0,,braindecode/bcic2a,frozen,flatten,1,ridge,median_std_clip,completed,"{'total_params': 12687872, 'trainable_params': 0, 'trainable_pct': 0.0, 'method': 'frozen'}",8.718875646591187,0.39178240740740744,
394mrb8x,v9,,0,,braindecode/bcic2020-3,frozen,flatten,1,ridge,median_std_clip,completed,"{'total_params': 12687872, 'trainable_params': 0, 'trainable_pct': 0.0, 'method': 'frozen'}",19.477310180664062,0.29733333333333334,
394mrb8x,v9,,0,,braindecode/physionet,frozen,flatten,1,ridge,median_std_clip,completed,"{'total_params': 12687872, 'trainable_params': 0, 'trainable_pct': 0.0, 'method': 'frozen'}",25.712104558944702,0.4826944205939596,
394mrb8x,v9,,0,,braindecode/chbmit,frozen,flatten,1,ridge,median_std_clip,completed,"{'total_params': 12687872, 'trainable_params': 0, 'trainable_pct': 0.0, 'method': 'frozen'}",58.17943072319031,0.8834234698257362,
394mrb8x,v9,,0,,braindecode/faced,frozen,flatten,1,ridge,median_std_clip,completed,"{'total_params': 12687872, 'trainable_params': 0, 'trainable_pct': 0.0, 'method': 'frozen'}",51.23299837112427,0.24135797777102125,
394mrb8x,v9,,0,,braindecode/isruc-sleep,frozen,flatten,1,ridge,median_std_clip,completed,"{'total_params': 12687872, 'trainable_params': 0, 'trainable_pct': 0.0, 'method': 'frozen'}",89.25741696357727,0.6711698501173007,
394mrb8x,v9,,0,,braindecode/mdd_mumtaz2016,frozen,flatten,1,ridge,median_std_clip,completed,"{'total_params': 12687872, 'trainable_params': 0, 'trainable_pct': 0.0, 'method': 'frozen'}",16.66968846321106,0.8482555076924034,
394mrb8x,v9,,0,,braindecode/seed-v,frozen,flatten,1,ridge,median_std_clip,completed,"{'total_params': 12687872, 'trainable_params': 0, 'trainable_pct': 0.0, 'method': 'frozen'}",50.770183801651,0.3091697515038915,
394mrb8x,v9,,0,,braindecode/seed-vig,frozen,flatten,1,ridge,median_std_clip,completed,"{'total_params': 12687872, 'trainable_params': 0, 'trainable_pct': 0.0, 'method': 'frozen'}",22.865235567092896,,-0.2617289311137778
394mrb8x,v9,,0,,braindecode/tuab,frozen,flatten,1,ridge,median_std_clip,completed,"{'total_params': 12687872, 'trainable_params': 0, 'trainable_pct': 0.0, 'method': 'frozen'}",56.334306955337524,0.8103056051506183,
394mrb8x,v9,,0,,braindecode/tuev,frozen,flatten,1,ridge,median_std_clip,completed,"{'total_params': 12687872, 'trainable_params': 0, 'trainable_pct': 0.0, 'method': 'frozen'}",12.667083740234375,0.915952822726556,
394mrb8x,v9,,0,,braindecode/arithmetic_zyma2019,frozen,flatten,2,ridge,median_std_clip,completed,"{'total_params': 12687872, 'trainable_params': 0, 'trainable_pct': 0.0, 'method': 'frozen'}",11.934250354766846,0.6805555555555556,
394mrb8x,v9,,0,,braindecode/bcic2a,frozen,flatten,2,ridge,median_std_clip,completed,"{'total_params': 12687872, 'trainable_params': 0, 'trainable_pct': 0.0, 'method': 'frozen'}",9.286630630493164,0.38599537037037035,
394mrb8x,v9,,0,,braindecode/bcic2020-3,frozen,flatten,2,ridge,median_std_clip,completed,"{'total_params': 12687872, 'trainable_params': 0, 'trainable_pct': 0.0, 'method': 'frozen'}",21.047293186187744,0.2333333333333333,
394mrb8x,v9,,0,,braindecode/physionet,frozen,flatten,2,ridge,median_std_clip,completed,"{'total_params': 12687872, 'trainable_params': 0, 'trainable_pct': 0.0, 'method': 'frozen'}",24.017576694488525,0.4860638212569279,
394mrb8x,v9,,0,,braindecode/chbmit,frozen,flatten,2,ridge,median_std_clip,completed,"{'total_params': 12687872, 'trainable_params': 0, 'trainable_pct': 0.0, 'method': 'frozen'}",55.64137578010559,0.9139411108249635,
394mrb8x,v9,,0,,braindecode/faced,frozen,flatten,2,ridge,median_std_clip,completed,"{'total_params': 12687872, 'trainable_params': 0, 'trainable_pct': 0.0, 'method': 'frozen'}",49.81397271156311,0.2537047795199969,
394mrb8x,v9,,0,,braindecode/isruc-sleep,frozen,flatten,2,ridge,median_std_clip,completed,"{'total_params': 12687872, 'trainable_params': 0, 'trainable_pct': 0.0, 'method': 'frozen'}",85.48862385749817,0.6749007504980079,
394mrb8x,v9,,0,,braindecode/mdd_mumtaz2016,frozen,flatten,2,ridge,median_std_clip,completed,"{'total_params': 12687872, 'trainable_params': 0, 'trainable_pct': 0.0, 'method': 'frozen'}",15.892386674880981,0.8483194336172779,
394mrb8x,v9,,0,,braindecode/seed-v,frozen,flatten,2,ridge,median_std_clip,completed,"{'total_params': 12687872, 'trainable_params': 0, 'trainable_pct': 0.0, 'method': 'frozen'}",48.5615508556366,0.311301777838875,
394mrb8x,v9,,0,,braindecode/seed-vig,frozen,flatten,2,ridge,median_std_clip,completed,"{'total_params': 12687872, 'trainable_params': 0, 'trainable_pct': 0.0, 'method': 'frozen'}",23.551197052001953,,-0.24962587491733923
394mrb8x,v9,,0,,braindecode/tuab,frozen,flatten,2,ridge,median_std_clip,completed,"{'total_params': 12687872, 'trainable_params': 0, 'trainable_pct': 0.0, 'method': 'frozen'}",57.19187378883362,0.8068982936560385,
394mrb8x,v9,,0,,braindecode/tuev,frozen,flatten,2,ridge,median_std_clip,completed,"{'total_params': 12687872, 'trainable_params': 0, 'trainable_pct': 0.0, 'method': 'frozen'}",13.046201705932617,0.9183834988951257,
394mrb8x,v9,,0,,braindecode/arithmetic_zyma2019,frozen,flatten,3,ridge,median_std_clip,completed,"{'total_params': 12687872, 'trainable_params': 0, 'trainable_pct': 0.0, 'method': 'frozen'}",11.476645469665527,0.7013888888888888,
394mrb8x,v9,,0,,braindecode/bcic2a,frozen,flatten,3,ridge,median_std_clip,completed,"{'total_params': 12687872, 'trainable_params': 0, 'trainable_pct': 0.0, 'method': 'frozen'}",8.917153596878052,0.39699074074074076,
394mrb8x,v9,,0,,braindecode/bcic2020-3,frozen,flatten,3,ridge,median_std_clip,completed,"{'total_params': 12687872, 'trainable_params': 0, 'trainable_pct': 0.0, 'method': 'frozen'}",21.124828100204468,0.27466666666666667,
394mrb8x,v9,,0,,braindecode/physionet,frozen,flatten,3,ridge,median_std_clip,completed,"{'total_params': 12687872, 'trainable_params': 0, 'trainable_pct': 0.0, 'method': 'frozen'}",23.86752986907959,0.48097324824471666,
394mrb8x,v9,,0,,braindecode/chbmit,frozen,flatten,3,ridge,median_std_clip,completed,"{'total_params': 12687872, 'trainable_params': 0, 'trainable_pct': 0.0, 'method': 'frozen'}",55.83269739151001,0.8867284745471715,
394mrb8x,v9,,0,,braindecode/faced,frozen,flatten,3,ridge,median_std_clip,completed,"{'total_params': 12687872, 'trainable_params': 0, 'trainable_pct': 0.0, 'method': 'frozen'}",57.10049867630005,0.24497513356209008,
394mrb8x,v9,,0,,braindecode/isruc-sleep,frozen,flatten,3,ridge,median_std_clip,completed,"{'total_params': 12687872, 'trainable_params': 0, 'trainable_pct': 0.0, 'method': 'frozen'}",91.67274475097656,0.6669940638652996,
394mrb8x,v9,,0,,braindecode/mdd_mumtaz2016,frozen,flatten,3,ridge,median_std_clip,completed,"{'total_params': 12687872, 'trainable_params': 0, 'trainable_pct': 0.0, 'method': 'frozen'}",16.536760568618774,0.8526404858486962,
394mrb8x,v9,,0,,braindecode/seed-v,frozen,flatten,3,ridge,median_std_clip,completed,"{'total_params': 12687872, 'trainable_params': 0, 'trainable_pct': 0.0, 'method': 'frozen'}",50.38217353820801,0.30670560543667796,
394mrb8x,v9,,0,,braindecode/seed-vig,frozen,flatten,3,ridge,median_std_clip,completed,"{'total_params': 12687872, 'trainable_params': 0, 'trainable_pct': 0.0, 'method': 'frozen'}",19.082094430923462,,-0.2650990736928829
394mrb8x,v9,,0,,braindecode/tuab,frozen,flatten,3,ridge,median_std_clip,completed,"{'total_params': 12687872, 'trainable_params': 0, 'trainable_pct': 0.0, 'method': 'frozen'}",58.38160991668701,0.8105511847183984,
394mrb8x,v9,,0,,braindecode/tuev,frozen,flatten,3,ridge,median_std_clip,completed,"{'total_params': 12687872, 'trainable_params': 0, 'trainable_pct': 0.0, 'method': 'frozen'}",13.102081298828125,0.9161776414466725,
394mrb8x,v9,,0,,braindecode/arithmetic_zyma2019,frozen,flatten,4,ridge,median_std_clip,completed,"{'total_params': 12687872, 'trainable_params': 0, 'trainable_pct': 0.0, 'method': 'frozen'}",11.68293833732605,0.6944444444444444,
394mrb8x,v9,,0,,braindecode/bcic2a,frozen,flatten,4,ridge,median_std_clip,completed,"{'total_params': 12687872, 'trainable_params': 0, 'trainable_pct': 0.0, 'method': 'frozen'}",8.996134519577026,0.38657407407407407,
394mrb8x,v9,,0,,braindecode/bcic2020-3,frozen,flatten,4,ridge,median_std_clip,completed,"{'total_params': 12687872, 'trainable_params': 0, 'trainable_pct': 0.0, 'method': 'frozen'}",21.129928827285767,0.292,
394mrb8x,v9,,0,,braindecode/physionet,frozen,flatten,4,ridge,median_std_clip,completed,"{'total_params': 12687872, 'trainable_params': 0, 'trainable_pct': 0.0, 'method': 'frozen'}",23.93051767349243,0.48780417416720695,
394mrb8x,v9,,0,,braindecode/chbmit,frozen,flatten,4,ridge,median_std_clip,completed,"{'total_params': 12687872, 'trainable_params': 0, 'trainable_pct': 0.0, 'method': 'frozen'}",52.288427114486694,0.888617048673706,
394mrb8x,v9,,0,,braindecode/faced,frozen,flatten,4,ridge,median_std_clip,completed,"{'total_params': 12687872, 'trainable_params': 0, 'trainable_pct': 0.0, 'method': 'frozen'}",51.658167123794556,0.24495643245643245,
394mrb8x,v9,,0,,braindecode/isruc-sleep,frozen,flatten,4,ridge,median_std_clip,completed,"{'total_params': 12687872, 'trainable_params': 0, 'trainable_pct': 0.0, 'method': 'frozen'}",90.1836621761322,0.6748062207818288,
394mrb8x,v9,,0,,braindecode/mdd_mumtaz2016,frozen,flatten,4,ridge,median_std_clip,completed,"{'total_params': 12687872, 'trainable_params': 0, 'trainable_pct': 0.0, 'method': 'frozen'}",15.755830764770508,0.8423280431511173,
394mrb8x,v9,,0,,braindecode/seed-v,frozen,flatten,4,ridge,median_std_clip,completed,"{'total_params': 12687872, 'trainable_params': 0, 'trainable_pct': 0.0, 'method': 'frozen'}",47.987133741378784,0.3083246866432543,
394mrb8x,v9,,0,,braindecode/seed-vig,frozen,flatten,4,ridge,median_std_clip,completed,"{'total_params': 12687872, 'trainable_params': 0, 'trainable_pct': 0.0, 'method': 'frozen'}",23.31069254875183,,-0.2561145526183932
394mrb8x,v9,,0,,braindecode/tuab,frozen,flatten,4,ridge,median_std_clip,completed,"{'total_params': 12687872, 'trainable_params': 0, 'trainable_pct': 0.0, 'method': 'frozen'}",55.62491488456726,0.8068674912016989,
394mrb8x,v9,,0,,braindecode/tuev,frozen,flatten,4,ridge,median_std_clip,completed,"{'total_params': 12687872, 'trainable_params': 0, 'trainable_pct': 0.0, 'method': 'frozen'}",12.422709703445435,0.913701150055429,
e76drwsj,v9,,0,,braindecode/arithmetic_zyma2019,frozen,flatten,0,ridge,median_std_clip,completed,"{'total_params': 12687872, 'trainable_params': 0, 'trainable_pct': 0.0, 'method': 'frozen'}",11.610762357711792,0.7604166666666667,
e76drwsj,v9,,0,,braindecode/bcic2a,frozen,flatten,0,ridge,median_std_clip,completed,"{'total_params': 12687872, 'trainable_params': 0, 'trainable_pct': 0.0, 'method': 'frozen'}",9.203015327453613,0.3564814814814815,
e76drwsj,v9,,0,,braindecode/bcic2020-3,frozen,flatten,0,ridge,median_std_clip,completed,"{'total_params': 12687872, 'trainable_params': 0, 'trainable_pct': 0.0, 'method': 'frozen'}",21.344214916229248,0.264,
e76drwsj,v9,,0,,braindecode/physionet,frozen,flatten,0,ridge,median_std_clip,completed,"{'total_params': 12687872, 'trainable_params': 0, 'trainable_pct': 0.0, 'method': 'frozen'}",23.99717354774475,0.470776827255762,
e76drwsj,v9,,0,,braindecode/chbmit,frozen,flatten,0,ridge,median_std_clip,completed,"{'total_params': 12687872, 'trainable_params': 0, 'trainable_pct': 0.0, 'method': 'frozen'}",54.59272837638855,0.7822345265688042,
e76drwsj,v9,,0,,braindecode/faced,frozen,flatten,0,ridge,median_std_clip,completed,"{'total_params': 12687872, 'trainable_params': 0, 'trainable_pct': 0.0, 'method': 'frozen'}",49.82225823402405,0.2507023471697385,
e76drwsj,v9,,0,,braindecode/isruc-sleep,frozen,flatten,0,ridge,median_std_clip,completed,"{'total_params': 12687872, 'trainable_params': 0, 'trainable_pct': 0.0, 'method': 'frozen'}",88.78486776351929,0.671487067941604,
e76drwsj,v9,,0,,braindecode/mdd_mumtaz2016,frozen,flatten,0,ridge,median_std_clip,completed,"{'total_params': 12687872, 'trainable_params': 0, 'trainable_pct': 0.0, 'method': 'frozen'}",18.302279233932495,0.838533468308589,
e76drwsj,v9,,0,,braindecode/seed-v,frozen,flatten,0,ridge,median_std_clip,completed,"{'total_params': 12687872, 'trainable_params': 0, 'trainable_pct': 0.0, 'method': 'frozen'}",51.30831980705261,0.30572362808264175,
e76drwsj,v9,,0,,braindecode/seed-vig,frozen,flatten,0,ridge,median_std_clip,completed,"{'total_params': 12687872, 'trainable_params': 0, 'trainable_pct': 0.0, 'method': 'frozen'}",22.662229537963867,,-0.3182494742538182
e76drwsj,v9,,0,,braindecode/tuab,frozen,flatten,0,ridge,median_std_clip,completed,"{'total_params': 12687872, 'trainable_params': 0, 'trainable_pct': 0.0, 'method': 'frozen'}",56.07663321495056,0.8025125842027092,
e76drwsj,v9,,0,,braindecode/tuev,frozen,flatten,0,ridge,median_std_clip,completed,"{'total_params': 12687872, 'trainable_params': 0, 'trainable_pct': 0.0, 'method': 'frozen'}",13.387213706970215,0.9140433483763853,
e76drwsj,v9,,0,,braindecode/arithmetic_zyma2019,frozen,flatten,1,ridge,median_std_clip,completed,"{'total_params': 12687872, 'trainable_params': 0, 'trainable_pct': 0.0, 'method': 'frozen'}",12.056456804275513,0.7465277777777777,
e76drwsj,v9,,0,,braindecode/bcic2a,frozen,flatten,1,ridge,median_std_clip,completed,"{'total_params': 12687872, 'trainable_params': 0, 'trainable_pct': 0.0, 'method': 'frozen'}",9.428096532821655,0.39583333333333337,
e76drwsj,v9,,0,,braindecode/bcic2020-3,frozen,flatten,1,ridge,median_std_clip,completed,"{'total_params': 12687872, 'trainable_params': 0, 'trainable_pct': 0.0, 'method': 'frozen'}",21.212124347686768,0.27599999999999997,
e76drwsj,v9,,0,,braindecode/physionet,frozen,flatten,1,ridge,median_std_clip,completed,"{'total_params': 12687872, 'trainable_params': 0, 'trainable_pct': 0.0, 'method': 'frozen'}",23.443969249725342,0.4775820555692324,
e76drwsj,v9,,0,,braindecode/chbmit,frozen,flatten,1,ridge,median_std_clip,completed,"{'total_params': 12687872, 'trainable_params': 0, 'trainable_pct': 0.0, 'method': 'frozen'}",53.943745136260986,0.757618679714997,
e76drwsj,v9,,0,,braindecode/faced,frozen,flatten,1,ridge,median_std_clip,completed,"{'total_params': 12687872, 'trainable_params': 0, 'trainable_pct': 0.0, 'method': 'frozen'}",50.987467527389526,0.2603554356271748,
e76drwsj,v9,,0,,braindecode/isruc-sleep,frozen,flatten,1,ridge,median_std_clip,completed,"{'total_params': 12687872, 'trainable_params': 0, 'trainable_pct': 0.0, 'method': 'frozen'}",87.08587312698364,0.68207237386159,
e76drwsj,v9,,0,,braindecode/mdd_mumtaz2016,frozen,flatten,1,ridge,median_std_clip,completed,"{'total_params': 12687872, 'trainable_params': 0, 'trainable_pct': 0.0, 'method': 'frozen'}",16.576745748519897,0.8357847021518585,
e76drwsj,v9,,0,,braindecode/seed-v,frozen,flatten,1,ridge,median_std_clip,completed,"{'total_params': 12687872, 'trainable_params': 0, 'trainable_pct': 0.0, 'method': 'frozen'}",50.4559645652771,0.30629517501175474,
e76drwsj,v9,,0,,braindecode/seed-vig,frozen,flatten,1,ridge,median_std_clip,completed,"{'total_params': 12687872, 'trainable_params': 0, 'trainable_pct': 0.0, 'method': 'frozen'}",23.41028070449829,,-0.29909798892273165
e76drwsj,v9,,0,,braindecode/tuab,frozen,flatten,1,ridge,median_std_clip,completed,"{'total_params': 12687872, 'trainable_params': 0, 'trainable_pct': 0.0, 'method': 'frozen'}",55.68713021278381,0.7888343343197586,
e76drwsj,v9,,0,,braindecode/tuev,frozen,flatten,1,ridge,median_std_clip,completed,"{'total_params': 12687872, 'trainable_params': 0, 'trainable_pct': 0.0, 'method': 'frozen'}",12.448439836502075,0.9544584713933894,
e76drwsj,v9,,0,,braindecode/arithmetic_zyma2019,frozen,flatten,2,ridge,median_std_clip,completed,"{'total_params': 12687872, 'trainable_params': 0, 'trainable_pct': 0.0, 'method': 'frozen'}",11.12048864364624,0.7604166666666667,
e76drwsj,v9,,0,,braindecode/bcic2a,frozen,flatten,2,ridge,median_std_clip,completed,"{'total_params': 12687872, 'trainable_params': 0, 'trainable_pct': 0.0, 'method': 'frozen'}",9.268101692199707,0.3912037037037037,
e76drwsj,v9,,0,,braindecode/bcic2020-3,frozen,flatten,2,ridge,median_std_clip,completed,"{'total_params': 12687872, 'trainable_params': 0, 'trainable_pct': 0.0, 'method': 'frozen'}",19.74541449546814,0.26266666666666666,
e76drwsj,v9,,0,,braindecode/physionet,frozen,flatten,2,ridge,median_std_clip,completed,"{'total_params': 12687872, 'trainable_params': 0, 'trainable_pct': 0.0, 'method': 'frozen'}",24.942051887512207,0.4668124557225796,
e76drwsj,v9,,0,,braindecode/chbmit,frozen,flatten,2,ridge,median_std_clip,completed,"{'total_params': 12687872, 'trainable_params': 0, 'trainable_pct': 0.0, 'method': 'frozen'}",53.121872425079346,0.9075671731479097,
e76drwsj,v9,,0,,braindecode/faced,frozen,flatten,2,ridge,median_std_clip,completed,"{'total_params': 12687872, 'trainable_params': 0, 'trainable_pct': 0.0, 'method': 'frozen'}",51.32443165779114,0.2546853810440767,
e76drwsj,v9,,0,,braindecode/isruc-sleep,frozen,flatten,2,ridge,median_std_clip,completed,"{'total_params': 12687872, 'trainable_params': 0, 'trainable_pct': 0.0, 'method': 'frozen'}",88.66469478607178,0.6748463701990548,
e76drwsj,v9,,0,,braindecode/mdd_mumtaz2016,frozen,flatten,2,ridge,median_std_clip,completed,"{'total_params': 12687872, 'trainable_params': 0, 'trainable_pct': 0.0, 'method': 'frozen'}",15.923215866088867,0.8478815774915409,
e76drwsj,v9,,0,,braindecode/seed-v,frozen,flatten,2,ridge,median_std_clip,completed,"{'total_params': 12687872, 'trainable_params': 0, 'trainable_pct': 0.0, 'method': 'frozen'}",50.327008962631226,0.3042855051590384,
e76drwsj,v9,,0,,braindecode/seed-vig,frozen,flatten,2,ridge,median_std_clip,completed,"{'total_params': 12687872, 'trainable_params': 0, 'trainable_pct': 0.0, 'method': 'frozen'}",23.452141284942627,,-0.3251044844981117
e76drwsj,v9,,0,,braindecode/tuab,frozen,flatten,2,ridge,median_std_clip,completed,"{'total_params': 12687872, 'trainable_params': 0, 'trainable_pct': 0.0, 'method': 'frozen'}",60.900994062423706,0.8124368549686038,
e76drwsj,v9,,0,,braindecode/tuev,frozen,flatten,2,ridge,median_std_clip,completed,"{'total_params': 12687872, 'trainable_params': 0, 'trainable_pct': 0.0, 'method': 'frozen'}",13.508113384246826,0.9512932747679859,
e76drwsj,v9,,0,,braindecode/arithmetic_zyma2019,frozen,flatten,3,ridge,median_std_clip,completed,"{'total_params': 12687872, 'trainable_params': 0, 'trainable_pct': 0.0, 'method': 'frozen'}",12.215001821517944,0.7604166666666667,
e76drwsj,v9,,0,,braindecode/bcic2a,frozen,flatten,3,ridge,median_std_clip,completed,"{'total_params': 12687872, 'trainable_params': 0, 'trainable_pct': 0.0, 'method': 'frozen'}",9.139461278915405,0.3900462962962963,
e76drwsj,v9,,0,,braindecode/bcic2020-3,frozen,flatten,3,ridge,median_std_clip,completed,"{'total_params': 12687872, 'trainable_params': 0, 'trainable_pct': 0.0, 'method': 'frozen'}",21.16323184967041,0.26799999999999996,
e76drwsj,v9,,0,,braindecode/physionet,frozen,flatten,3,ridge,median_std_clip,completed,"{'total_params': 12687872, 'trainable_params': 0, 'trainable_pct': 0.0, 'method': 'frozen'}",23.90498685836792,0.4725017951847058,
e76drwsj,v9,,0,,braindecode/chbmit,frozen,flatten,3,ridge,median_std_clip,completed,"{'total_params': 12687872, 'trainable_params': 0, 'trainable_pct': 0.0, 'method': 'frozen'}",55.06268072128296,0.8700746845222767,
e76drwsj,v9,,0,,braindecode/faced,frozen,flatten,3,ridge,median_std_clip,completed,"{'total_params': 12687872, 'trainable_params': 0, 'trainable_pct': 0.0, 'method': 'frozen'}",51.74660038948059,0.24933595993378604,
e76drwsj,v9,,0,,braindecode/isruc-sleep,frozen,flatten,3,ridge,median_std_clip,completed,"{'total_params': 12687872, 'trainable_params': 0, 'trainable_pct': 0.0, 'method': 'frozen'}",87.34427118301392,0.6743662815256485,
e76drwsj,v9,,0,,braindecode/mdd_mumtaz2016,frozen,flatten,3,ridge,median_std_clip,completed,"{'total_params': 12687872, 'trainable_params': 0, 'trainable_pct': 0.0, 'method': 'frozen'}",16.90541410446167,0.8392253266833519,
e76drwsj,v9,,0,,braindecode/seed-v,frozen,flatten,3,ridge,median_std_clip,completed,"{'total_params': 12687872, 'trainable_params': 0, 'trainable_pct': 0.0, 'method': 'frozen'}",48.717684745788574,0.3049134370844083,
e76drwsj,v9,,0,,braindecode/seed-vig,frozen,flatten,3,ridge,median_std_clip,completed,"{'total_params': 12687872, 'trainable_params': 0, 'trainable_pct': 0.0, 'method': 'frozen'}",22.8741557598114,,-0.3040296538974885
e76drwsj,v9,,0,,braindecode/tuab,frozen,flatten,3,ridge,median_std_clip,completed,"{'total_params': 12687872, 'trainable_params': 0, 'trainable_pct': 0.0, 'method': 'frozen'}",57.62484955787659,0.7935706317079345,
e76drwsj,v9,,0,,braindecode/tuev,frozen,flatten,3,ridge,median_std_clip,completed,"{'total_params': 12687872, 'trainable_params': 0, 'trainable_pct': 0.0, 'method': 'frozen'}",13.57655143737793,0.9140137829266637,
e76drwsj,v9,,0,,braindecode/arithmetic_zyma2019,frozen,flatten,4,ridge,median_std_clip,completed,"{'total_params': 12687872, 'trainable_params': 0, 'trainable_pct': 0.0, 'method': 'frozen'}",11.346611022949219,0.7326388888888888,
e76drwsj,v9,,0,,braindecode/bcic2a,frozen,flatten,4,ridge,median_std_clip,completed,"{'total_params': 12687872, 'trainable_params': 0, 'trainable_pct': 0.0, 'method': 'frozen'}",8.873558044433594,0.37037037037037035,
e76drwsj,v9,,0,,braindecode/bcic2020-3,frozen,flatten,4,ridge,median_std_clip,completed,"{'total_params': 12687872, 'trainable_params': 0, 'trainable_pct': 0.0, 'method': 'frozen'}",22.498703241348267,0.28933333333333333,
e76drwsj,v9,,0,,braindecode/physionet,frozen,flatten,4,ridge,median_std_clip,completed,"{'total_params': 12687872, 'trainable_params': 0, 'trainable_pct': 0.0, 'method': 'frozen'}",21.612793445587158,0.4821581755350748,
e76drwsj,v9,,0,,braindecode/chbmit,frozen,flatten,4,ridge,median_std_clip,completed,"{'total_params': 12687872, 'trainable_params': 0, 'trainable_pct': 0.0, 'method': 'frozen'}",53.35437273979187,0.8859558760408619,
e76drwsj,v9,,0,,braindecode/faced,frozen,flatten,4,ridge,median_std_clip,completed,"{'total_params': 12687872, 'trainable_params': 0, 'trainable_pct': 0.0, 'method': 'frozen'}",49.91152238845825,0.2534826284826285,
e76drwsj,v9,,0,,braindecode/isruc-sleep,frozen,flatten,4,ridge,median_std_clip,completed,"{'total_params': 12687872, 'trainable_params': 0, 'trainable_pct': 0.0, 'method': 'frozen'}",86.70450019836426,0.6770578317691444,
e76drwsj,v9,,0,,braindecode/mdd_mumtaz2016,frozen,flatten,4,ridge,median_std_clip,completed,"{'total_params': 12687872, 'trainable_params': 0, 'trainable_pct': 0.0, 'method': 'frozen'}",15.854491233825684,0.8412215169899067,
e76drwsj,v9,,0,,braindecode/seed-v,frozen,flatten,4,ridge,median_std_clip,completed,"{'total_params': 12687872, 'trainable_params': 0, 'trainable_pct': 0.0, 'method': 'frozen'}",50.54101204872131,0.30993012962572347,
e76drwsj,v9,,0,,braindecode/seed-vig,frozen,flatten,4,ridge,median_std_clip,completed,"{'total_params': 12687872, 'trainable_params': 0, 'trainable_pct': 0.0, 'method': 'frozen'}",23.600471019744873,,-0.3019119525218592
e76drwsj,v9,,0,,braindecode/tuab,frozen,flatten,4,ridge,median_std_clip,completed,"{'total_params': 12687872, 'trainable_params': 0, 'trainable_pct': 0.0, 'method': 'frozen'}",56.93989372253418,0.8116124692815523,
e76drwsj,v9,,0,,braindecode/tuev,frozen,flatten,4,ridge,median_std_clip,completed,"{'total_params': 12687872, 'trainable_params': 0, 'trainable_pct': 0.0, 'method': 'frozen'}",13.199379444122314,0.957053484516873,
x51ltw3v,v9,,0,,braindecode/arithmetic_zyma2019,frozen,flatten,0,ridge,median_std_clip,completed,"{'total_params': 12687872, 'trainable_params': 0, 'trainable_pct': 0.0, 'method': 'frozen'}",13.716562271118164,0.6458333333333334,
x51ltw3v,v9,,0,,braindecode/bcic2a,frozen,flatten,0,ridge,median_std_clip,completed,"{'total_params': 12687872, 'trainable_params': 0, 'trainable_pct': 0.0, 'method': 'frozen'}",9.243475675582886,0.39236111111111105,
x51ltw3v,v9,,0,,braindecode/bcic2020-3,frozen,flatten,0,ridge,median_std_clip,completed,"{'total_params': 12687872, 'trainable_params': 0, 'trainable_pct': 0.0, 'method': 'frozen'}",21.456605195999146,0.24,
x51ltw3v,v9,,0,,braindecode/physionet,frozen,flatten,0,ridge,median_std_clip,completed,"{'total_params': 12687872, 'trainable_params': 0, 'trainable_pct': 0.0, 'method': 'frozen'}",24.27950096130371,0.4855762325767258,
x51ltw3v,v9,,0,,braindecode/chbmit,frozen,flatten,0,ridge,median_std_clip,completed,"{'total_params': 12687872, 'trainable_params': 0, 'trainable_pct': 0.0, 'method': 'frozen'}",56.692063331604004,0.9222036226285517,
x51ltw3v,v9,,0,,braindecode/faced,frozen,flatten,0,ridge,median_std_clip,completed,"{'total_params': 12687872, 'trainable_params': 0, 'trainable_pct': 0.0, 'method': 'frozen'}",50.24198913574219,0.2544009432596389,
x51ltw3v,v9,,0,,braindecode/isruc-sleep,frozen,flatten,0,ridge,median_std_clip,completed,"{'total_params': 12687872, 'trainable_params': 0, 'trainable_pct': 0.0, 'method': 'frozen'}",88.64760971069336,0.6808120232106981,
x51ltw3v,v9,,0,,braindecode/mdd_mumtaz2016,frozen,flatten,0,ridge,median_std_clip,completed,"{'total_params': 12687872, 'trainable_params': 0, 'trainable_pct': 0.0, 'method': 'frozen'}",16.51809573173523,0.8485080029424399,
x51ltw3v,v9,,0,,braindecode/seed-v,frozen,flatten,0,ridge,median_std_clip,completed,"{'total_params': 12687872, 'trainable_params': 0, 'trainable_pct': 0.0, 'method': 'frozen'}",49.85618782043457,0.30603385358103624,
x51ltw3v,v9,,0,,braindecode/seed-vig,frozen,flatten,0,ridge,median_std_clip,completed,"{'total_params': 12687872, 'trainable_params': 0, 'trainable_pct': 0.0, 'method': 'frozen'}",22.65616750717163,,-0.3066019502289574
x51ltw3v,v9,,0,,braindecode/tuab,frozen,flatten,0,ridge,median_std_clip,completed,"{'total_params': 12687872, 'trainable_params': 0, 'trainable_pct': 0.0, 'method': 'frozen'}",56.31833291053772,0.780541473544612,
x51ltw3v,v9,,0,,braindecode/tuev,frozen,flatten,0,ridge,median_std_clip,completed,"{'total_params': 12687872, 'trainable_params': 0, 'trainable_pct': 0.0, 'method': 'frozen'}",12.500719785690308,0.9541327433948966,
x51ltw3v,v9,,0,,braindecode/arithmetic_zyma2019,frozen,flatten,1,ridge,median_std_clip,completed,"{'total_params': 12687872, 'trainable_params': 0, 'trainable_pct': 0.0, 'method': 'frozen'}",11.901918411254883,0.6736111111111112,
x51ltw3v,v9,,0,,braindecode/bcic2a,frozen,flatten,1,ridge,median_std_clip,completed,"{'total_params': 12687872, 'trainable_params': 0, 'trainable_pct': 0.0, 'method': 'frozen'}",8.945933818817139,0.3680555555555556,
x51ltw3v,v9,,0,,braindecode/bcic2020-3,frozen,flatten,1,ridge,median_std_clip,completed,"{'total_params': 12687872, 'trainable_params': 0, 'trainable_pct': 0.0, 'method': 'frozen'}",21.547935724258423,0.2693333333333333,
x51ltw3v,v9,,0,,braindecode/physionet,frozen,flatten,1,ridge,median_std_clip,completed,"{'total_params': 12687872, 'trainable_params': 0, 'trainable_pct': 0.0, 'method': 'frozen'}",23.75961208343506,0.5183817840384983,
x51ltw3v,v9,,0,,braindecode/chbmit,frozen,flatten,1,ridge,median_std_clip,completed,"{'total_params': 12687872, 'trainable_params': 0, 'trainable_pct': 0.0, 'method': 'frozen'}",54.84157681465149,0.9163018284831316,
x51ltw3v,v9,,0,,braindecode/faced,frozen,flatten,1,ridge,median_std_clip,completed,"{'total_params': 12687872, 'trainable_params': 0, 'trainable_pct': 0.0, 'method': 'frozen'}",49.833972454071045,0.2503842775581906,
x51ltw3v,v9,,0,,braindecode/isruc-sleep,frozen,flatten,1,ridge,median_std_clip,completed,"{'total_params': 12687872, 'trainable_params': 0, 'trainable_pct': 0.0, 'method': 'frozen'}",87.25213980674744,0.6799249683603679,
x51ltw3v,v9,,0,,braindecode/mdd_mumtaz2016,frozen,flatten,1,ridge,median_std_clip,completed,"{'total_params': 12687872, 'trainable_params': 0, 'trainable_pct': 0.0, 'method': 'frozen'}",15.774858713150024,0.8510510394306772,
x51ltw3v,v9,,0,,braindecode/seed-v,frozen,flatten,1,ridge,median_std_clip,completed,"{'total_params': 12687872, 'trainable_params': 0, 'trainable_pct': 0.0, 'method': 'frozen'}",48.51936984062195,0.30439479500181665,
x51ltw3v,v9,,0,,braindecode/seed-vig,frozen,flatten,1,ridge,median_std_clip,completed,"{'total_params': 12687872, 'trainable_params': 0, 'trainable_pct': 0.0, 'method': 'frozen'}",19.06709313392639,,-0.3393951611222288
x51ltw3v,v9,,0,,braindecode/tuab,frozen,flatten,1,ridge,median_std_clip,completed,"{'total_params': 12687872, 'trainable_params': 0, 'trainable_pct': 0.0, 'method': 'frozen'}",56.61364698410034,0.7824097824114625,
x51ltw3v,v9,,0,,braindecode/tuev,frozen,flatten,1,ridge,median_std_clip,completed,"{'total_params': 12687872, 'trainable_params': 0, 'trainable_pct': 0.0, 'method': 'frozen'}",13.199295997619629,0.9050806809497681,
x51ltw3v,v9,,0,,braindecode/arithmetic_zyma2019,frozen,flatten,2,ridge,median_std_clip,completed,"{'total_params': 12687872, 'trainable_params': 0, 'trainable_pct': 0.0, 'method': 'frozen'}",11.498107433319092,0.6770833333333333,
x51ltw3v,v9,,0,,braindecode/bcic2a,frozen,flatten,2,ridge,median_std_clip,completed,"{'total_params': 12687872, 'trainable_params': 0, 'trainable_pct': 0.0, 'method': 'frozen'}",9.010613679885864,0.39641203703703703,
x51ltw3v,v9,,0,,braindecode/bcic2020-3,frozen,flatten,2,ridge,median_std_clip,completed,"{'total_params': 12687872, 'trainable_params': 0, 'trainable_pct': 0.0, 'method': 'frozen'}",21.177124977111816,0.23733333333333334,
x51ltw3v,v9,,0,,braindecode/physionet,frozen,flatten,2,ridge,median_std_clip,completed,"{'total_params': 12687872, 'trainable_params': 0, 'trainable_pct': 0.0, 'method': 'frozen'}",24.075563669204712,0.5042248044671361,
x51ltw3v,v9,,0,,braindecode/chbmit,frozen,flatten,2,ridge,median_std_clip,completed,"{'total_params': 12687872, 'trainable_params': 0, 'trainable_pct': 0.0, 'method': 'frozen'}",54.83086681365967,0.9125246802300626,
x51ltw3v,v9,,0,,braindecode/faced,frozen,flatten,2,ridge,median_std_clip,completed,"{'total_params': 12687872, 'trainable_params': 0, 'trainable_pct': 0.0, 'method': 'frozen'}",55.88355374336243,0.23804456413152064,
x51ltw3v,v9,,0,,braindecode/isruc-sleep,frozen,flatten,2,ridge,median_std_clip,completed,"{'total_params': 12687872, 'trainable_params': 0, 'trainable_pct': 0.0, 'method': 'frozen'}",91.1106173992157,0.680165775269959,
x51ltw3v,v9,,0,,braindecode/mdd_mumtaz2016,frozen,flatten,2,ridge,median_std_clip,completed,"{'total_params': 12687872, 'trainable_params': 0, 'trainable_pct': 0.0, 'method': 'frozen'}",16.589205980300903,0.8400169386686412,
x51ltw3v,v9,,0,,braindecode/seed-v,frozen,flatten,2,ridge,median_std_clip,completed,"{'total_params': 12687872, 'trainable_params': 0, 'trainable_pct': 0.0, 'method': 'frozen'}",50.281901121139526,0.30245125564822783,
x51ltw3v,v9,,0,,braindecode/seed-vig,frozen,flatten,2,ridge,median_std_clip,completed,"{'total_params': 12687872, 'trainable_params': 0, 'trainable_pct': 0.0, 'method': 'frozen'}",19.08429479598999,,-0.330306673498598
x51ltw3v,v9,,0,,braindecode/tuab,frozen,flatten,2,ridge,median_std_clip,completed,"{'total_params': 12687872, 'trainable_params': 0, 'trainable_pct': 0.0, 'method': 'frozen'}",57.65176844596863,0.7787829334241352,
x51ltw3v,v9,,0,,braindecode/tuev,frozen,flatten,2,ridge,median_std_clip,completed,"{'total_params': 12687872, 'trainable_params': 0, 'trainable_pct': 0.0, 'method': 'frozen'}",13.065521240234375,0.9115623278433832,
x51ltw3v,v9,,0,,braindecode/arithmetic_zyma2019,frozen,flatten,3,ridge,median_std_clip,completed,"{'total_params': 12687872, 'trainable_params': 0, 'trainable_pct': 0.0, 'method': 'frozen'}",12.223714113235474,0.6875,
x51ltw3v,v9,,0,,braindecode/bcic2a,frozen,flatten,3,ridge,median_std_clip,completed,"{'total_params': 12687872, 'trainable_params': 0, 'trainable_pct': 0.0, 'method': 'frozen'}",9.504485368728638,0.39467592592592593,
x51ltw3v,v9,,0,,braindecode/bcic2020-3,frozen,flatten,3,ridge,median_std_clip,completed,"{'total_params': 12687872, 'trainable_params': 0, 'trainable_pct': 0.0, 'method': 'frozen'}",21.447767972946167,0.24399999999999994,
x51ltw3v,v9,,0,,braindecode/physionet,frozen,flatten,3,ridge,median_std_clip,completed,"{'total_params': 12687872, 'trainable_params': 0, 'trainable_pct': 0.0, 'method': 'frozen'}",23.69156765937805,0.5138594217567795,
x51ltw3v,v9,,0,,braindecode/chbmit,frozen,flatten,3,ridge,median_std_clip,completed,"{'total_params': 12687872, 'trainable_params': 0, 'trainable_pct': 0.0, 'method': 'frozen'}",53.24429154396057,0.8274530002575329,
x51ltw3v,v9,,0,,braindecode/faced,frozen,flatten,3,ridge,median_std_clip,completed,"{'total_params': 12687872, 'trainable_params': 0, 'trainable_pct': 0.0, 'method': 'frozen'}",51.59882688522339,0.2435128277519582,
x51ltw3v,v9,,0,,braindecode/isruc-sleep,frozen,flatten,3,ridge,median_std_clip,completed,"{'total_params': 12687872, 'trainable_params': 0, 'trainable_pct': 0.0, 'method': 'frozen'}",88.13363003730774,0.6859183515852212,
x51ltw3v,v9,,0,,braindecode/mdd_mumtaz2016,frozen,flatten,3,ridge,median_std_clip,completed,"{'total_params': 12687872, 'trainable_params': 0, 'trainable_pct': 0.0, 'method': 'frozen'}",15.750782012939453,0.8411934187506842,
x51ltw3v,v9,,0,,braindecode/seed-v,frozen,flatten,3,ridge,median_std_clip,completed,"{'total_params': 12687872, 'trainable_params': 0, 'trainable_pct': 0.0, 'method': 'frozen'}",48.480531215667725,0.31110093892265434,
x51ltw3v,v9,,0,,braindecode/seed-vig,frozen,flatten,3,ridge,median_std_clip,completed,"{'total_params': 12687872, 'trainable_params': 0, 'trainable_pct': 0.0, 'method': 'frozen'}",23.365442752838135,,-0.3293708177379926
x51ltw3v,v9,,0,,braindecode/tuab,frozen,flatten,3,ridge,median_std_clip,completed,"{'total_params': 12687872, 'trainable_params': 0, 'trainable_pct': 0.0, 'method': 'frozen'}",55.93591284751892,0.7838437766721252,
x51ltw3v,v9,,0,,braindecode/tuev,frozen,flatten,3,ridge,median_std_clip,completed,"{'total_params': 12687872, 'trainable_params': 0, 'trainable_pct': 0.0, 'method': 'frozen'}",12.418547630310059,0.9054928604184674,
x51ltw3v,v9,,0,,braindecode/arithmetic_zyma2019,frozen,flatten,4,ridge,median_std_clip,completed,"{'total_params': 12687872, 'trainable_params': 0, 'trainable_pct': 0.0, 'method': 'frozen'}",11.540018081665039,0.6840277777777778,
x51ltw3v,v9,,0,,braindecode/bcic2a,frozen,flatten,4,ridge,median_std_clip,completed,"{'total_params': 12687872, 'trainable_params': 0, 'trainable_pct': 0.0, 'method': 'frozen'}",9.023961305618286,0.4097222222222222,
x51ltw3v,v9,,0,,braindecode/bcic2020-3,frozen,flatten,4,ridge,median_std_clip,completed,"{'total_params': 12687872, 'trainable_params': 0, 'trainable_pct': 0.0, 'method': 'frozen'}",19.42309546470642,0.23733333333333334,
x51ltw3v,v9,,0,,braindecode/physionet,frozen,flatten,4,ridge,median_std_clip,completed,"{'total_params': 12687872, 'trainable_params': 0, 'trainable_pct': 0.0, 'method': 'frozen'}",25.131589651107788,0.5189460718014125,
x51ltw3v,v9,,0,,braindecode/chbmit,frozen,flatten,4,ridge,median_std_clip,completed,"{'total_params': 12687872, 'trainable_params': 0, 'trainable_pct': 0.0, 'method': 'frozen'}",54.87077522277832,0.9170100437805819,
x51ltw3v,v9,,0,,braindecode/faced,frozen,flatten,4,ridge,median_std_clip,completed,"{'total_params': 12687872, 'trainable_params': 0, 'trainable_pct': 0.0, 'method': 'frozen'}",50.600679874420166,0.24653833485355225,
x51ltw3v,v9,,0,,braindecode/isruc-sleep,frozen,flatten,4,ridge,median_std_clip,completed,"{'total_params': 12687872, 'trainable_params': 0, 'trainable_pct': 0.0, 'method': 'frozen'}",88.56671619415283,0.6842970992374606,
x51ltw3v,v9,,0,,braindecode/mdd_mumtaz2016,frozen,flatten,4,ridge,median_std_clip,completed,"{'total_params': 12687872, 'trainable_params': 0, 'trainable_pct': 0.0, 'method': 'frozen'}",16.71695590019226,0.8496969279193634,
x51ltw3v,v9,,0,,braindecode/seed-v,frozen,flatten,4,ridge,median_std_clip,completed,"{'total_params': 12687872, 'trainable_params': 0, 'trainable_pct': 0.0, 'method': 'frozen'}",51.74274921417236,0.30608402985032257,
x51ltw3v,v9,,0,,braindecode/seed-vig,frozen,flatten,4,ridge,median_std_clip,completed,"{'total_params': 12687872, 'trainable_params': 0, 'trainable_pct': 0.0, 'method': 'frozen'}",22.924299716949463,,-0.3462592537142961
x51ltw3v,v9,,0,,braindecode/tuab,frozen,flatten,4,ridge,median_std_clip,completed,"{'total_params': 12687872, 'trainable_params': 0, 'trainable_pct': 0.0, 'method': 'frozen'}",56.49571466445923,0.7829491053847171,
x51ltw3v,v9,,0,,braindecode/tuev,frozen,flatten,4,ridge,median_std_clip,completed,"{'total_params': 12687872, 'trainable_params': 0, 'trainable_pct': 0.0, 'method': 'frozen'}",13.266818046569824,0.9061454585468528,
p42catef,v9,,0,,braindecode/arithmetic_zyma2019,frozen,flatten,0,ridge,median_std_clip,completed,"{'total_params': 12687872, 'trainable_params': 0, 'trainable_pct': 0.0, 'method': 'frozen'}",12.109069347381592,0.71875,
p42catef,v9,,0,,braindecode/bcic2a,frozen,flatten,0,ridge,median_std_clip,completed,"{'total_params': 12687872, 'trainable_params': 0, 'trainable_pct': 0.0, 'method': 'frozen'}",9.263257503509521,0.46875,
p42catef,v9,,0,,braindecode/bcic2020-3,frozen,flatten,0,ridge,median_std_clip,completed,"{'total_params': 12687872, 'trainable_params': 0, 'trainable_pct': 0.0, 'method': 'frozen'}",21.54025411605835,0.26799999999999996,
p42catef,v9,,0,,braindecode/physionet,frozen,flatten,0,ridge,median_std_clip,completed,"{'total_params': 12687872, 'trainable_params': 0, 'trainable_pct': 0.0, 'method': 'frozen'}",23.911884784698486,0.5461300454661231,
p42catef,v9,,0,,braindecode/chbmit,frozen,flatten,0,ridge,median_std_clip,completed,"{'total_params': 12687872, 'trainable_params': 0, 'trainable_pct': 0.0, 'method': 'frozen'}",53.780112504959106,0.9016653790024894,
p42catef,v9,,0,,braindecode/faced,frozen,flatten,0,ridge,median_std_clip,completed,"{'total_params': 12687872, 'trainable_params': 0, 'trainable_pct': 0.0, 'method': 'frozen'}",50.476624488830566,0.2711542684368771,
p42catef,v9,,0,,braindecode/isruc-sleep,frozen,flatten,0,ridge,median_std_clip,completed,"{'total_params': 12687872, 'trainable_params': 0, 'trainable_pct': 0.0, 'method': 'frozen'}",86.85081601142883,0.6847758234370007,
p42catef,v9,,0,,braindecode/mdd_mumtaz2016,frozen,flatten,0,ridge,median_std_clip,completed,"{'total_params': 12687872, 'trainable_params': 0, 'trainable_pct': 0.0, 'method': 'frozen'}",16.482794523239136,0.8627909504613458,
p42catef,v9,,0,,braindecode/seed-v,frozen,flatten,0,ridge,median_std_clip,completed,"{'total_params': 12687872, 'trainable_params': 0, 'trainable_pct': 0.0, 'method': 'frozen'}",49.80877900123596,0.2996178776834181,
p42catef,v9,,0,,braindecode/seed-vig,frozen,flatten,0,ridge,median_std_clip,completed,"{'total_params': 12687872, 'trainable_params': 0, 'trainable_pct': 0.0, 'method': 'frozen'}",22.705085515975952,,-0.16423240831758545
p42catef,v9,,0,,braindecode/tuab,frozen,flatten,0,ridge,median_std_clip,completed,"{'total_params': 12687872, 'trainable_params': 0, 'trainable_pct': 0.0, 'method': 'frozen'}",55.07356834411621,0.8186245080007974,
p42catef,v9,,0,,braindecode/tuev,frozen,flatten,0,ridge,median_std_clip,completed,"{'total_params': 12687872, 'trainable_params': 0, 'trainable_pct': 0.0, 'method': 'frozen'}",12.616402387619019,0.9035301588066759,
p42catef,v9,,0,,braindecode/arithmetic_zyma2019,frozen,flatten,1,ridge,median_std_clip,completed,"{'total_params': 12687872, 'trainable_params': 0, 'trainable_pct': 0.0, 'method': 'frozen'}",11.156086444854736,0.6597222222222222,
p42catef,v9,,0,,braindecode/bcic2a,frozen,flatten,1,ridge,median_std_clip,completed,"{'total_params': 12687872, 'trainable_params': 0, 'trainable_pct': 0.0, 'method': 'frozen'}",8.65578818321228,0.48321759259259256,
p42catef,v9,,0,,braindecode/bcic2020-3,frozen,flatten,1,ridge,median_std_clip,completed,"{'total_params': 12687872, 'trainable_params': 0, 'trainable_pct': 0.0, 'method': 'frozen'}",19.544874668121338,0.27199999999999996,
p42catef,v9,,0,,braindecode/physionet,frozen,flatten,1,ridge,median_std_clip,completed,"{'total_params': 12687872, 'trainable_params': 0, 'trainable_pct': 0.0, 'method': 'frozen'}",25.225110054016113,0.5557672047229495,
p42catef,v9,,0,,braindecode/chbmit,frozen,flatten,1,ridge,median_std_clip,completed,"{'total_params': 12687872, 'trainable_params': 0, 'trainable_pct': 0.0, 'method': 'frozen'}",52.8542914390564,0.9162374452742725,
p42catef,v9,,0,,braindecode/faced,frozen,flatten,1,ridge,median_std_clip,completed,"{'total_params': 12687872, 'trainable_params': 0, 'trainable_pct': 0.0, 'method': 'frozen'}",51.1881890296936,0.2552361587687675,
p42catef,v9,,0,,braindecode/isruc-sleep,frozen,flatten,1,ridge,median_std_clip,completed,"{'total_params': 12687872, 'trainable_params': 0, 'trainable_pct': 0.0, 'method': 'frozen'}",88.86355829238892,0.6901586431748636,
p42catef,v9,,0,,braindecode/mdd_mumtaz2016,frozen,flatten,1,ridge,median_std_clip,completed,"{'total_params': 12687872, 'trainable_params': 0, 'trainable_pct': 0.0, 'method': 'frozen'}",16.087267637252808,0.8606514494121829,
p42catef,v9,,0,,braindecode/seed-v,frozen,flatten,1,ridge,median_std_clip,completed,"{'total_params': 12687872, 'trainable_params': 0, 'trainable_pct': 0.0, 'method': 'frozen'}",50.2002272605896,0.3034593054614491,
p42catef,v9,,0,,braindecode/seed-vig,frozen,flatten,1,ridge,median_std_clip,completed,"{'total_params': 12687872, 'trainable_params': 0, 'trainable_pct': 0.0, 'method': 'frozen'}",23.863375663757324,,-0.1817015049547217
p42catef,v9,,0,,braindecode/tuab,frozen,flatten,1,ridge,median_std_clip,completed,"{'total_params': 12687872, 'trainable_params': 0, 'trainable_pct': 0.0, 'method': 'frozen'}",58.4697482585907,0.8087705228352595,
p42catef,v9,,0,,braindecode/tuev,frozen,flatten,1,ridge,median_std_clip,completed,"{'total_params': 12687872, 'trainable_params': 0, 'trainable_pct': 0.0, 'method': 'frozen'}",13.306188821792603,0.9070569699868348,
p42catef,v9,,0,,braindecode/arithmetic_zyma2019,frozen,flatten,2,ridge,median_std_clip,completed,"{'total_params': 12687872, 'trainable_params': 0, 'trainable_pct': 0.0, 'method': 'frozen'}",12.218240976333618,0.7569444444444444,
p42catef,v9,,0,,braindecode/bcic2a,frozen,flatten,2,ridge,median_std_clip,completed,"{'total_params': 12687872, 'trainable_params': 0, 'trainable_pct': 0.0, 'method': 'frozen'}",9.244140148162842,0.4722222222222222,
p42catef,v9,,0,,braindecode/bcic2020-3,frozen,flatten,2,ridge,median_std_clip,completed,"{'total_params': 12687872, 'trainable_params': 0, 'trainable_pct': 0.0, 'method': 'frozen'}",21.708167791366577,0.27999999999999997,
p42catef,v9,,0,,braindecode/physionet,frozen,flatten,2,ridge,median_std_clip,completed,"{'total_params': 12687872, 'trainable_params': 0, 'trainable_pct': 0.0, 'method': 'frozen'}",23.784167051315308,0.5370802253876025,
p42catef,v9,,0,,braindecode/chbmit,frozen,flatten,2,ridge,median_std_clip,completed,"{'total_params': 12687872, 'trainable_params': 0, 'trainable_pct': 0.0, 'method': 'frozen'}",54.99108552932739,0.8948192977938021,
p42catef,v9,,0,,braindecode/faced,frozen,flatten,2,ridge,median_std_clip,completed,"{'total_params': 12687872, 'trainable_params': 0, 'trainable_pct': 0.0, 'method': 'frozen'}",53.063838958740234,0.2768823869367347,
p42catef,v9,,0,,braindecode/isruc-sleep,frozen,flatten,2,ridge,median_std_clip,completed,"{'total_params': 12687872, 'trainable_params': 0, 'trainable_pct': 0.0, 'method': 'frozen'}",88.78305244445801,0.6808941091163596,
p42catef,v9,,0,,braindecode/mdd_mumtaz2016,frozen,flatten,2,ridge,median_std_clip,completed,"{'total_params': 12687872, 'trainable_params': 0, 'trainable_pct': 0.0, 'method': 'frozen'}",16.641786575317383,0.8644333849083482,
p42catef,v9,,0,,braindecode/seed-v,frozen,flatten,2,ridge,median_std_clip,completed,"{'total_params': 12687872, 'trainable_params': 0, 'trainable_pct': 0.0, 'method': 'frozen'}",48.83889961242676,0.29805962664490815,
p42catef,v9,,0,,braindecode/seed-vig,frozen,flatten,2,ridge,median_std_clip,completed,"{'total_params': 12687872, 'trainable_params': 0, 'trainable_pct': 0.0, 'method': 'frozen'}",23.00506854057312,,-0.18575896808655346
p42catef,v9,,0,,braindecode/tuab,frozen,flatten,2,ridge,median_std_clip,completed,"{'total_params': 12687872, 'trainable_params': 0, 'trainable_pct': 0.0, 'method': 'frozen'}",57.71590065956116,0.8176027065836606,
p42catef,v9,,0,,braindecode/tuev,frozen,flatten,2,ridge,median_std_clip,completed,"{'total_params': 12687872, 'trainable_params': 0, 'trainable_pct': 0.0, 'method': 'frozen'}",13.40892505645752,0.9070714277950044,
p42catef,v9,,0,,braindecode/arithmetic_zyma2019,frozen,flatten,3,ridge,median_std_clip,completed,"{'total_params': 12687872, 'trainable_params': 0, 'trainable_pct': 0.0, 'method': 'frozen'}",11.365987062454224,0.7361111111111112,
p42catef,v9,,0,,braindecode/bcic2a,frozen,flatten,3,ridge,median_std_clip,completed,"{'total_params': 12687872, 'trainable_params': 0, 'trainable_pct': 0.0, 'method': 'frozen'}",8.961373329162598,0.46412037037037035,
p42catef,v9,,0,,braindecode/bcic2020-3,frozen,flatten,3,ridge,median_std_clip,completed,"{'total_params': 12687872, 'trainable_params': 0, 'trainable_pct': 0.0, 'method': 'frozen'}",20.929712295532227,0.27599999999999997,
p42catef,v9,,0,,braindecode/physionet,frozen,flatten,3,ridge,median_std_clip,completed,"{'total_params': 12687872, 'trainable_params': 0, 'trainable_pct': 0.0, 'method': 'frozen'}",23.87756037712097,0.5580398681438195,
p42catef,v9,,0,,braindecode/chbmit,frozen,flatten,3,ridge,median_std_clip,completed,"{'total_params': 12687872, 'trainable_params': 0, 'trainable_pct': 0.0, 'method': 'frozen'}",52.649510622024536,0.8969439436861533,
p42catef,v9,,0,,braindecode/faced,frozen,flatten,3,ridge,median_std_clip,completed,"{'total_params': 12687872, 'trainable_params': 0, 'trainable_pct': 0.0, 'method': 'frozen'}",49.786539793014526,0.27556893589502285,
p42catef,v9,,0,,braindecode/isruc-sleep,frozen,flatten,3,ridge,median_std_clip,completed,"{'total_params': 12687872, 'trainable_params': 0, 'trainable_pct': 0.0, 'method': 'frozen'}",88.30641174316406,0.6851351171144892,
p42catef,v9,,0,,braindecode/mdd_mumtaz2016,frozen,flatten,3,ridge,median_std_clip,completed,"{'total_params': 12687872, 'trainable_params': 0, 'trainable_pct': 0.0, 'method': 'frozen'}",15.866172075271606,0.8636417729230588,
p42catef,v9,,0,,braindecode/seed-v,frozen,flatten,3,ridge,median_std_clip,completed,"{'total_params': 12687872, 'trainable_params': 0, 'trainable_pct': 0.0, 'method': 'frozen'}",50.034815073013306,0.29873356582714466,
p42catef,v9,,0,,braindecode/seed-vig,frozen,flatten,3,ridge,median_std_clip,completed,"{'total_params': 12687872, 'trainable_params': 0, 'trainable_pct': 0.0, 'method': 'frozen'}",19.14213275909424,,-0.180738487158423
p42catef,v9,,0,,braindecode/tuab,frozen,flatten,3,ridge,median_std_clip,completed,"{'total_params': 12687872, 'trainable_params': 0, 'trainable_pct': 0.0, 'method': 'frozen'}",56.845118284225464,0.78533461546216,
p42catef,v9,,0,,braindecode/tuev,frozen,flatten,3,ridge,median_std_clip,completed,"{'total_params': 12687872, 'trainable_params': 0, 'trainable_pct': 0.0, 'method': 'frozen'}",13.290817975997925,0.908121306484896,
p42catef,v9,,0,,braindecode/arithmetic_zyma2019,frozen,flatten,4,ridge,median_std_clip,completed,"{'total_params': 12687872, 'trainable_params': 0, 'trainable_pct': 0.0, 'method': 'frozen'}",12.272637605667114,0.7361111111111112,
p42catef,v9,,0,,braindecode/bcic2a,frozen,flatten,4,ridge,median_std_clip,completed,"{'total_params': 12687872, 'trainable_params': 0, 'trainable_pct': 0.0, 'method': 'frozen'}",9.05613899230957,0.42997685185185186,
p42catef,v9,,0,,braindecode/bcic2020-3,frozen,flatten,4,ridge,median_std_clip,completed,"{'total_params': 12687872, 'trainable_params': 0, 'trainable_pct': 0.0, 'method': 'frozen'}",22.416614532470703,0.236,
p42catef,v9,,0,,braindecode/physionet,frozen,flatten,4,ridge,median_std_clip,completed,"{'total_params': 12687872, 'trainable_params': 0, 'trainable_pct': 0.0, 'method': 'frozen'}",24.07396936416626,0.5297118760683645,
p42catef,v9,,0,,braindecode/chbmit,frozen,flatten,4,ridge,median_std_clip,completed,"{'total_params': 12687872, 'trainable_params': 0, 'trainable_pct': 0.0, 'method': 'frozen'}",58.25022053718567,0.8981243025152373,
p42catef,v9,,0,,braindecode/faced,frozen,flatten,4,ridge,median_std_clip,completed,"{'total_params': 12687872, 'trainable_params': 0, 'trainable_pct': 0.0, 'method': 'frozen'}",52.535139083862305,0.2820188567471176,
p42catef,v9,,0,,braindecode/isruc-sleep,frozen,flatten,4,ridge,median_std_clip,completed,"{'total_params': 12687872, 'trainable_params': 0, 'trainable_pct': 0.0, 'method': 'frozen'}",89.2708592414856,0.6845202232091642,
p42catef,v9,,0,,braindecode/mdd_mumtaz2016,frozen,flatten,4,ridge,median_std_clip,completed,"{'total_params': 12687872, 'trainable_params': 0, 'trainable_pct': 0.0, 'method': 'frozen'}",16.45873713493347,0.8637477489810257,
p42catef,v9,,0,,braindecode/seed-v,frozen,flatten,4,ridge,median_std_clip,completed,"{'total_params': 12687872, 'trainable_params': 0, 'trainable_pct': 0.0, 'method': 'frozen'}",50.11770939826965,0.299658660051009,
p42catef,v9,,0,,braindecode/seed-vig,frozen,flatten,4,ridge,median_std_clip,completed,"{'total_params': 12687872, 'trainable_params': 0, 'trainable_pct': 0.0, 'method': 'frozen'}",22.866193771362305,,-0.18359314946504712
p42catef,v9,,0,,braindecode/tuab,frozen,flatten,4,ridge,median_std_clip,completed,"{'total_params': 12687872, 'trainable_params': 0, 'trainable_pct': 0.0, 'method': 'frozen'}",56.67949557304382,0.8198263637646648,
p42catef,v9,,0,,braindecode/tuev,frozen,flatten,4,ridge,median_std_clip,completed,"{'total_params': 12687872, 'trainable_params': 0, 'trainable_pct': 0.0, 'method': 'frozen'}",12.50525712966919,0.9532991174396219,
fyxl8ibt,v9,,0,,braindecode/arithmetic_zyma2019,frozen,flatten,0,ridge,median_std_clip,completed,"{'total_params': 12687872, 'trainable_params': 0, 'trainable_pct': 0.0, 'method': 'frozen'}",11.925340414047241,0.6423611111111112,
fyxl8ibt,v9,,0,,braindecode/bcic2a,frozen,flatten,0,ridge,median_std_clip,completed,"{'total_params': 12687872, 'trainable_params': 0, 'trainable_pct': 0.0, 'method': 'frozen'}",9.416924715042114,0.4716435185185185,
fyxl8ibt,v9,,0,,braindecode/bcic2020-3,frozen,flatten,0,ridge,median_std_clip,completed,"{'total_params': 12687872, 'trainable_params': 0, 'trainable_pct': 0.0, 'method': 'frozen'}",22.013926029205322,0.27066666666666667,
fyxl8ibt,v9,,0,,braindecode/physionet,frozen,flatten,0,ridge,median_std_clip,completed,"{'total_params': 12687872, 'trainable_params': 0, 'trainable_pct': 0.0, 'method': 'frozen'}",24.043317556381226,0.5466917912618541,
fyxl8ibt,v9,,0,,braindecode/chbmit,frozen,flatten,0,ridge,median_std_clip,completed,"{'total_params': 12687872, 'trainable_params': 0, 'trainable_pct': 0.0, 'method': 'frozen'}",55.25950622558594,0.9089192205339514,
fyxl8ibt,v9,,0,,braindecode/faced,frozen,flatten,0,ridge,median_std_clip,completed,"{'total_params': 12687872, 'trainable_params': 0, 'trainable_pct': 0.0, 'method': 'frozen'}",49.76743030548096,0.2949824933520585,
fyxl8ibt,v9,,0,,braindecode/isruc-sleep,frozen,flatten,0,ridge,median_std_clip,completed,"{'total_params': 12687872, 'trainable_params': 0, 'trainable_pct': 0.0, 'method': 'frozen'}",87.39451122283936,0.6932748444512192,
fyxl8ibt,v9,,0,,braindecode/mdd_mumtaz2016,frozen,flatten,0,ridge,median_std_clip,completed,"{'total_params': 12687872, 'trainable_params': 0, 'trainable_pct': 0.0, 'method': 'frozen'}",15.448346853256226,0.8485219548363098,
fyxl8ibt,v9,,0,,braindecode/seed-v,frozen,flatten,0,ridge,median_std_clip,completed,"{'total_params': 12687872, 'trainable_params': 0, 'trainable_pct': 0.0, 'method': 'frozen'}",48.8738534450531,0.3143064659984155,
fyxl8ibt,v9,,0,,braindecode/seed-vig,frozen,flatten,0,ridge,median_std_clip,completed,"{'total_params': 12687872, 'trainable_params': 0, 'trainable_pct': 0.0, 'method': 'frozen'}",22.642860174179077,,-0.24567202555970935
fyxl8ibt,v9,,0,,braindecode/tuab,frozen,flatten,0,ridge,median_std_clip,completed,"{'total_params': 12687872, 'trainable_params': 0, 'trainable_pct': 0.0, 'method': 'frozen'}",56.70729088783264,0.8221550293127357,
fyxl8ibt,v9,,0,,braindecode/tuev,frozen,flatten,0,ridge,median_std_clip,completed,"{'total_params': 12687872, 'trainable_params': 0, 'trainable_pct': 0.0, 'method': 'frozen'}",13.18034291267395,0.9128478873168436,
fyxl8ibt,v9,,0,,braindecode/arithmetic_zyma2019,frozen,flatten,1,ridge,median_std_clip,completed,"{'total_params': 12687872, 'trainable_params': 0, 'trainable_pct': 0.0, 'method': 'frozen'}",11.477516651153564,0.6631944444444444,
fyxl8ibt,v9,,0,,braindecode/bcic2a,frozen,flatten,1,ridge,median_std_clip,completed,"{'total_params': 12687872, 'trainable_params': 0, 'trainable_pct': 0.0, 'method': 'frozen'}",9.525413513183594,0.4247685185185185,
fyxl8ibt,v9,,0,,braindecode/bcic2020-3,frozen,flatten,1,ridge,median_std_clip,completed,"{'total_params': 12687872, 'trainable_params': 0, 'trainable_pct': 0.0, 'method': 'frozen'}",21.277417421340942,0.26399999999999996,
fyxl8ibt,v9,,0,,braindecode/physionet,frozen,flatten,1,ridge,median_std_clip,completed,"{'total_params': 12687872, 'trainable_params': 0, 'trainable_pct': 0.0, 'method': 'frozen'}",23.481513261795044,0.5658714663732021,
fyxl8ibt,v9,,0,,braindecode/chbmit,frozen,flatten,1,ridge,median_std_clip,completed,"{'total_params': 12687872, 'trainable_params': 0, 'trainable_pct': 0.0, 'method': 'frozen'}",54.244978189468384,0.9210232637994678,
fyxl8ibt,v9,,0,,braindecode/faced,frozen,flatten,1,ridge,median_std_clip,completed,"{'total_params': 12687872, 'trainable_params': 0, 'trainable_pct': 0.0, 'method': 'frozen'}",52.70345997810364,0.27632135376700595,
fyxl8ibt,v9,,0,,braindecode/isruc-sleep,frozen,flatten,1,ridge,median_std_clip,completed,"{'total_params': 12687872, 'trainable_params': 0, 'trainable_pct': 0.0, 'method': 'frozen'}",90.7551953792572,0.696412925176084,
fyxl8ibt,v9,,0,,braindecode/mdd_mumtaz2016,frozen,flatten,1,ridge,median_std_clip,completed,"{'total_params': 12687872, 'trainable_params': 0, 'trainable_pct': 0.0, 'method': 'frozen'}",15.757497072219849,0.8526404858486962,
fyxl8ibt,v9,,0,,braindecode/seed-v,frozen,flatten,1,ridge,median_std_clip,completed,"{'total_params': 12687872, 'trainable_params': 0, 'trainable_pct': 0.0, 'method': 'frozen'}",49.81871938705444,0.3081908883339539,
fyxl8ibt,v9,,0,,braindecode/seed-vig,frozen,flatten,1,ridge,median_std_clip,completed,"{'total_params': 12687872, 'trainable_params': 0, 'trainable_pct': 0.0, 'method': 'frozen'}",23.555232286453247,,-0.22936294705095306
fyxl8ibt,v9,,0,,braindecode/tuab,frozen,flatten,1,ridge,median_std_clip,completed,"{'total_params': 12687872, 'trainable_params': 0, 'trainable_pct': 0.0, 'method': 'frozen'}",58.48120617866516,0.8283869258702533,
fyxl8ibt,v9,,0,,braindecode/tuev,frozen,flatten,1,ridge,median_std_clip,completed,"{'total_params': 12687872, 'trainable_params': 0, 'trainable_pct': 0.0, 'method': 'frozen'}",13.148401975631714,0.9109154009881563,
fyxl8ibt,v9,,0,,braindecode/arithmetic_zyma2019,frozen,flatten,2,ridge,median_std_clip,completed,"{'total_params': 12687872, 'trainable_params': 0, 'trainable_pct': 0.0, 'method': 'frozen'}",11.557117938995361,0.6527777777777778,
fyxl8ibt,v9,,0,,braindecode/bcic2a,frozen,flatten,2,ridge,median_std_clip,completed,"{'total_params': 12687872, 'trainable_params': 0, 'trainable_pct': 0.0, 'method': 'frozen'}",9.517724990844727,0.44328703703703703,
fyxl8ibt,v9,,0,,braindecode/bcic2020-3,frozen,flatten,2,ridge,median_std_clip,completed,"{'total_params': 12687872, 'trainable_params': 0, 'trainable_pct': 0.0, 'method': 'frozen'}",19.567169666290283,0.27066666666666667,
fyxl8ibt,v9,,0,,braindecode/physionet,frozen,flatten,2,ridge,median_std_clip,completed,"{'total_params': 12687872, 'trainable_params': 0, 'trainable_pct': 0.0, 'method': 'frozen'}",25.19988775253296,0.5523108270917326,
fyxl8ibt,v9,,0,,braindecode/chbmit,frozen,flatten,2,ridge,median_std_clip,completed,"{'total_params': 12687872, 'trainable_params': 0, 'trainable_pct': 0.0, 'method': 'frozen'}",53.12438082695007,0.8854837325092283,
fyxl8ibt,v9,,0,,braindecode/faced,frozen,flatten,2,ridge,median_std_clip,completed,"{'total_params': 12687872, 'trainable_params': 0, 'trainable_pct': 0.0, 'method': 'frozen'}",51.534672021865845,0.26109473256212384,
fyxl8ibt,v9,,0,,braindecode/isruc-sleep,frozen,flatten,2,ridge,median_std_clip,completed,"{'total_params': 12687872, 'trainable_params': 0, 'trainable_pct': 0.0, 'method': 'frozen'}",88.66570472717285,0.7012476980915998,
fyxl8ibt,v9,,0,,braindecode/mdd_mumtaz2016,frozen,flatten,2,ridge,median_std_clip,completed,"{'total_params': 12687872, 'trainable_params': 0, 'trainable_pct': 0.0, 'method': 'frozen'}",15.7588472366333,0.8458791647375459,
fyxl8ibt,v9,,0,,braindecode/seed-v,frozen,flatten,2,ridge,median_std_clip,completed,"{'total_params': 12687872, 'trainable_params': 0, 'trainable_pct': 0.0, 'method': 'frozen'}",49.62890362739563,0.3110690572466036,
fyxl8ibt,v9,,0,,braindecode/seed-vig,frozen,flatten,2,ridge,median_std_clip,completed,"{'total_params': 12687872, 'trainable_params': 0, 'trainable_pct': 0.0, 'method': 'frozen'}",23.466010570526123,,-0.22519926302467286
fyxl8ibt,v9,,0,,braindecode/tuab,frozen,flatten,2,ridge,median_std_clip,completed,"{'total_params': 12687872, 'trainable_params': 0, 'trainable_pct': 0.0, 'method': 'frozen'}",55.26391100883484,0.8197079143266135,
fyxl8ibt,v9,,0,,braindecode/tuev,frozen,flatten,2,ridge,median_std_clip,completed,"{'total_params': 12687872, 'trainable_params': 0, 'trainable_pct': 0.0, 'method': 'frozen'}",12.488629579544067,0.9021349153349809,
fyxl8ibt,v9,,0,,braindecode/arithmetic_zyma2019,frozen,flatten,3,ridge,median_std_clip,completed,"{'total_params': 12687872, 'trainable_params': 0, 'trainable_pct': 0.0, 'method': 'frozen'}",11.612078666687012,0.6597222222222222,
fyxl8ibt,v9,,0,,braindecode/bcic2a,frozen,flatten,3,ridge,median_std_clip,completed,"{'total_params': 12687872, 'trainable_params': 0, 'trainable_pct': 0.0, 'method': 'frozen'}",8.989561557769775,0.43634259259259256,
fyxl8ibt,v9,,0,,braindecode/bcic2020-3,frozen,flatten,3,ridge,median_std_clip,completed,"{'total_params': 12687872, 'trainable_params': 0, 'trainable_pct': 0.0, 'method': 'frozen'}",21.10552215576172,0.2693333333333333,
fyxl8ibt,v9,,0,,braindecode/physionet,frozen,flatten,3,ridge,median_std_clip,completed,"{'total_params': 12687872, 'trainable_params': 0, 'trainable_pct': 0.0, 'method': 'frozen'}",23.886788606643677,0.5517067740449193,
fyxl8ibt,v9,,0,,braindecode/chbmit,frozen,flatten,3,ridge,median_std_clip,completed,"{'total_params': 12687872, 'trainable_params': 0, 'trainable_pct': 0.0, 'method': 'frozen'}",54.65509247779846,0.9314104214954073,
fyxl8ibt,v9,,0,,braindecode/faced,frozen,flatten,3,ridge,median_std_clip,completed,"{'total_params': 12687872, 'trainable_params': 0, 'trainable_pct': 0.0, 'method': 'frozen'}",50.61186695098877,0.26626317523056653,
fyxl8ibt,v9,,0,,braindecode/isruc-sleep,frozen,flatten,3,ridge,median_std_clip,completed,"{'total_params': 12687872, 'trainable_params': 0, 'trainable_pct': 0.0, 'method': 'frozen'}",88.8620536327362,0.6954194960729949,
fyxl8ibt,v9,,0,,braindecode/mdd_mumtaz2016,frozen,flatten,3,ridge,median_std_clip,completed,"{'total_params': 12687872, 'trainable_params': 0, 'trainable_pct': 0.0, 'method': 'frozen'}",16.999239206314087,0.8451825909143322,
fyxl8ibt,v9,,0,,braindecode/seed-v,frozen,flatten,3,ridge,median_std_clip,completed,"{'total_params': 12687872, 'trainable_params': 0, 'trainable_pct': 0.0, 'method': 'frozen'}",51.05008506774902,0.3131498104957693,
fyxl8ibt,v9,,0,,braindecode/seed-vig,frozen,flatten,3,ridge,median_std_clip,completed,"{'total_params': 12687872, 'trainable_params': 0, 'trainable_pct': 0.0, 'method': 'frozen'}",23.445565700531006,,-0.21236401572056618
fyxl8ibt,v9,,0,,braindecode/tuab,frozen,flatten,3,ridge,median_std_clip,completed,"{'total_params': 12687872, 'trainable_params': 0, 'trainable_pct': 0.0, 'method': 'frozen'}",56.85582160949707,0.8235013765896867,
fyxl8ibt,v9,,0,,braindecode/tuev,frozen,flatten,3,ridge,median_std_clip,completed,"{'total_params': 12687872, 'trainable_params': 0, 'trainable_pct': 0.0, 'method': 'frozen'}",13.288418531417847,0.91310680062844,
fyxl8ibt,v9,,0,,braindecode/arithmetic_zyma2019,frozen,flatten,4,ridge,median_std_clip,completed,"{'total_params': 12687872, 'trainable_params': 0, 'trainable_pct': 0.0, 'method': 'frozen'}",12.881995439529419,0.6423611111111112,
fyxl8ibt,v9,,0,,braindecode/bcic2a,frozen,flatten,4,ridge,median_std_clip,completed,"{'total_params': 12687872, 'trainable_params': 0, 'trainable_pct': 0.0, 'method': 'frozen'}",8.837379455566406,0.4565972222222222,
fyxl8ibt,v9,,0,,braindecode/bcic2020-3,frozen,flatten,4,ridge,median_std_clip,completed,"{'total_params': 12687872, 'trainable_params': 0, 'trainable_pct': 0.0, 'method': 'frozen'}",21.817898273468018,0.2826666666666667,
fyxl8ibt,v9,,0,,braindecode/physionet,frozen,flatten,4,ridge,median_std_clip,completed,"{'total_params': 12687872, 'trainable_params': 0, 'trainable_pct': 0.0, 'method': 'frozen'}",21.623640060424805,0.5489311774950184,
fyxl8ibt,v9,,0,,braindecode/chbmit,frozen,flatten,4,ridge,median_std_clip,completed,"{'total_params': 12687872, 'trainable_params': 0, 'trainable_pct': 0.0, 'method': 'frozen'}",54.29009008407593,0.9314104214954073,
fyxl8ibt,v9,,0,,braindecode/faced,frozen,flatten,4,ridge,median_std_clip,completed,"{'total_params': 12687872, 'trainable_params': 0, 'trainable_pct': 0.0, 'method': 'frozen'}",50.74911904335022,0.27474850029197856,
fyxl8ibt,v9,,0,,braindecode/isruc-sleep,frozen,flatten,4,ridge,median_std_clip,completed,"{'total_params': 12687872, 'trainable_params': 0, 'trainable_pct': 0.0, 'method': 'frozen'}",86.99312901496887,0.6973191184972473,
fyxl8ibt,v9,,0,,braindecode/mdd_mumtaz2016,frozen,flatten,4,ridge,median_std_clip,completed,"{'total_params': 12687872, 'trainable_params': 0, 'trainable_pct': 0.0, 'method': 'frozen'}",16.635589599609375,0.8447743400268071,
fyxl8ibt,v9,,0,,braindecode/seed-v,frozen,flatten,4,ridge,median_std_clip,completed,"{'total_params': 12687872, 'trainable_params': 0, 'trainable_pct': 0.0, 'method': 'frozen'}",49.98651695251465,0.3094585006229512,
fyxl8ibt,v9,,0,,braindecode/seed-vig,frozen,flatten,4,ridge,median_std_clip,completed,"{'total_params': 12687872, 'trainable_params': 0, 'trainable_pct': 0.0, 'method': 'frozen'}",23.367777824401855,,-0.24230779401044455
fyxl8ibt,v9,,0,,braindecode/tuab,frozen,flatten,4,ridge,median_std_clip,completed,"{'total_params': 12687872, 'trainable_params': 0, 'trainable_pct': 0.0, 'method': 'frozen'}",55.21069955825806,0.8260274578678428,
fyxl8ibt,v9,,0,,braindecode/tuev,frozen,flatten,4,ridge,median_std_clip,completed,"{'total_params': 12687872, 'trainable_params': 0, 'trainable_pct': 0.0, 'method': 'frozen'}",12.482962369918823,0.908408202015791,
vla22qxd,v9,,0,,braindecode/arithmetic_zyma2019,frozen,flatten,0,ridge,median_std_clip,completed,"{'total_params': 12687872, 'trainable_params': 0, 'trainable_pct': 0.0, 'method': 'frozen'}",11.153594970703125,0.6527777777777778,
vla22qxd,v9,,0,,braindecode/bcic2a,frozen,flatten,0,ridge,median_std_clip,completed,"{'total_params': 12687872, 'trainable_params': 0, 'trainable_pct': 0.0, 'method': 'frozen'}",9.267894983291626,0.42592592592592593,
vla22qxd,v9,,0,,braindecode/bcic2020-3,frozen,flatten,0,ridge,median_std_clip,completed,"{'total_params': 12687872, 'trainable_params': 0, 'trainable_pct': 0.0, 'method': 'frozen'}",22.11750864982605,0.248,
vla22qxd,v9,,0,,braindecode/physionet,frozen,flatten,0,ridge,median_std_clip,completed,"{'total_params': 12687872, 'trainable_params': 0, 'trainable_pct': 0.0, 'method': 'frozen'}",23.665229082107544,0.48835055814303496,
vla22qxd,v9,,0,,braindecode/chbmit,frozen,flatten,0,ridge,median_std_clip,completed,"{'total_params': 12687872, 'trainable_params': 0, 'trainable_pct': 0.0, 'method': 'frozen'}",53.05427527427673,0.9307022061979568,
vla22qxd,v9,,0,,braindecode/faced,frozen,flatten,0,ridge,median_std_clip,completed,"{'total_params': 12687872, 'trainable_params': 0, 'trainable_pct': 0.0, 'method': 'frozen'}",51.31981945037842,0.2502244132678916,
vla22qxd,v9,,0,,braindecode/isruc-sleep,frozen,flatten,0,ridge,median_std_clip,completed,"{'total_params': 12687872, 'trainable_params': 0, 'trainable_pct': 0.0, 'method': 'frozen'}",88.31468963623047,0.6845808708788302,
vla22qxd,v9,,0,,braindecode/mdd_mumtaz2016,frozen,flatten,0,ridge,median_std_clip,completed,"{'total_params': 12687872, 'trainable_params': 0, 'trainable_pct': 0.0, 'method': 'frozen'}",15.888277053833008,0.8666134290916141,
vla22qxd,v9,,0,,braindecode/seed-v,frozen,flatten,0,ridge,median_std_clip,completed,"{'total_params': 12687872, 'trainable_params': 0, 'trainable_pct': 0.0, 'method': 'frozen'}",49.85564374923706,0.31537957295471697,
vla22qxd,v9,,0,,braindecode/seed-vig,frozen,flatten,0,ridge,median_std_clip,completed,"{'total_params': 12687872, 'trainable_params': 0, 'trainable_pct': 0.0, 'method': 'frozen'}",22.89598035812378,,-0.27474549059031816
vla22qxd,v9,,0,,braindecode/tuab,frozen,flatten,0,ridge,median_std_clip,completed,"{'total_params': 12687872, 'trainable_params': 0, 'trainable_pct': 0.0, 'method': 'frozen'}",64.43834662437439,0.8231989524925346,
vla22qxd,v9,,0,,braindecode/tuev,frozen,flatten,0,ridge,median_std_clip,completed,"{'total_params': 12687872, 'trainable_params': 0, 'trainable_pct': 0.0, 'method': 'frozen'}",13.189336776733398,0.9569446709015325,
vla22qxd,v9,,0,,braindecode/arithmetic_zyma2019,frozen,flatten,1,ridge,median_std_clip,completed,"{'total_params': 12687872, 'trainable_params': 0, 'trainable_pct': 0.0, 'method': 'frozen'}",12.280150890350342,0.65625,
vla22qxd,v9,,0,,braindecode/bcic2a,frozen,flatten,1,ridge,median_std_clip,completed,"{'total_params': 12687872, 'trainable_params': 0, 'trainable_pct': 0.0, 'method': 'frozen'}",9.116499185562134,0.41145833333333337,
vla22qxd,v9,,0,,braindecode/bcic2020-3,frozen,flatten,1,ridge,median_std_clip,completed,"{'total_params': 12687872, 'trainable_params': 0, 'trainable_pct': 0.0, 'method': 'frozen'}",21.804693460464478,0.256,
vla22qxd,v9,,0,,braindecode/physionet,frozen,flatten,1,ridge,median_std_clip,completed,"{'total_params': 12687872, 'trainable_params': 0, 'trainable_pct': 0.0, 'method': 'frozen'}",23.72883915901184,0.5109776097740132,
vla22qxd,v9,,0,,braindecode/chbmit,frozen,flatten,1,ridge,median_std_clip,completed,"{'total_params': 12687872, 'trainable_params': 0, 'trainable_pct': 0.0, 'method': 'frozen'}",54.82261896133423,0.933062923856125,
vla22qxd,v9,,0,,braindecode/faced,frozen,flatten,1,ridge,median_std_clip,completed,"{'total_params': 12687872, 'trainable_params': 0, 'trainable_pct': 0.0, 'method': 'frozen'}",51.95289158821106,0.25082676984850893,
vla22qxd,v9,,0,,braindecode/isruc-sleep,frozen,flatten,1,ridge,median_std_clip,completed,"{'total_params': 12687872, 'trainable_params': 0, 'trainable_pct': 0.0, 'method': 'frozen'}",88.01300978660583,0.6882674273656116,
vla22qxd,v9,,0,,braindecode/mdd_mumtaz2016,frozen,flatten,1,ridge,median_std_clip,completed,"{'total_params': 12687872, 'trainable_params': 0, 'trainable_pct': 0.0, 'method': 'frozen'}",16.20927906036377,0.8680110977350097,
vla22qxd,v9,,0,,braindecode/seed-v,frozen,flatten,1,ridge,median_std_clip,completed,"{'total_params': 12687872, 'trainable_params': 0, 'trainable_pct': 0.0, 'method': 'frozen'}",48.7526216506958,0.31261230192149964,
vla22qxd,v9,,0,,braindecode/seed-vig,frozen,flatten,1,ridge,median_std_clip,completed,"{'total_params': 12687872, 'trainable_params': 0, 'trainable_pct': 0.0, 'method': 'frozen'}",20.14129376411438,,-0.2820941672147781
vla22qxd,v9,,0,,braindecode/tuab,frozen,flatten,1,ridge,median_std_clip,completed,"{'total_params': 12687872, 'trainable_params': 0, 'trainable_pct': 0.0, 'method': 'frozen'}",57.74002265930176,0.8222561173674319,
vla22qxd,v9,,0,,braindecode/tuev,frozen,flatten,1,ridge,median_std_clip,completed,"{'total_params': 12687872, 'trainable_params': 0, 'trainable_pct': 0.0, 'method': 'frozen'}",13.010655403137207,0.9167117178428179,
vla22qxd,v9,,0,,braindecode/arithmetic_zyma2019,frozen,flatten,2,ridge,median_std_clip,completed,"{'total_params': 12687872, 'trainable_params': 0, 'trainable_pct': 0.0, 'method': 'frozen'}",11.44269847869873,0.6631944444444444,
vla22qxd,v9,,0,,braindecode/bcic2a,frozen,flatten,2,ridge,median_std_clip,completed,"{'total_params': 12687872, 'trainable_params': 0, 'trainable_pct': 0.0, 'method': 'frozen'}",9.458039283752441,0.390625,
vla22qxd,v9,,0,,braindecode/bcic2020-3,frozen,flatten,2,ridge,median_std_clip,completed,"{'total_params': 12687872, 'trainable_params': 0, 'trainable_pct': 0.0, 'method': 'frozen'}",21.806217908859253,0.25999999999999995,
vla22qxd,v9,,0,,braindecode/physionet,frozen,flatten,2,ridge,median_std_clip,completed,"{'total_params': 12687872, 'trainable_params': 0, 'trainable_pct': 0.0, 'method': 'frozen'}",23.957741498947144,0.5036297467415514,
vla22qxd,v9,,0,,braindecode/chbmit,frozen,flatten,2,ridge,median_std_clip,completed,"{'total_params': 12687872, 'trainable_params': 0, 'trainable_pct': 0.0, 'method': 'frozen'}",52.734304904937744,0.8778650527942313,
vla22qxd,v9,,0,,braindecode/faced,frozen,flatten,2,ridge,median_std_clip,completed,"{'total_params': 12687872, 'trainable_params': 0, 'trainable_pct': 0.0, 'method': 'frozen'}",50.03937029838562,0.24250100744665962,
vla22qxd,v9,,0,,braindecode/isruc-sleep,frozen,flatten,2,ridge,median_std_clip,completed,"{'total_params': 12687872, 'trainable_params': 0, 'trainable_pct': 0.0, 'method': 'frozen'}",87.05116367340088,0.6879726805367682,
vla22qxd,v9,,0,,braindecode/mdd_mumtaz2016,frozen,flatten,2,ridge,median_std_clip,completed,"{'total_params': 12687872, 'trainable_params': 0, 'trainable_pct': 0.0, 'method': 'frozen'}",16.0908522605896,0.8630917182919149,
vla22qxd,v9,,0,,braindecode/seed-v,frozen,flatten,2,ridge,median_std_clip,completed,"{'total_params': 12687872, 'trainable_params': 0, 'trainable_pct': 0.0, 'method': 'frozen'}",49.96528768539429,0.313077936904574,
vla22qxd,v9,,0,,braindecode/seed-vig,frozen,flatten,2,ridge,median_std_clip,completed,"{'total_params': 12687872, 'trainable_params': 0, 'trainable_pct': 0.0, 'method': 'frozen'}",19.16396951675415,,-0.2776413715043975
vla22qxd,v9,,0,,braindecode/tuab,frozen,flatten,2,ridge,median_std_clip,completed,"{'total_params': 12687872, 'trainable_params': 0, 'trainable_pct': 0.0, 'method': 'frozen'}",56.83746004104614,0.7949959452769197,
vla22qxd,v9,,0,,braindecode/tuev,frozen,flatten,2,ridge,median_std_clip,completed,"{'total_params': 12687872, 'trainable_params': 0, 'trainable_pct': 0.0, 'method': 'frozen'}",13.191025257110596,0.9181180321123238,
vla22qxd,v9,,0,,braindecode/arithmetic_zyma2019,frozen,flatten,3,ridge,median_std_clip,completed,"{'total_params': 12687872, 'trainable_params': 0, 'trainable_pct': 0.0, 'method': 'frozen'}",13.849545001983643,0.6909722222222222,
vla22qxd,v9,,0,,braindecode/bcic2a,frozen,flatten,3,ridge,median_std_clip,completed,"{'total_params': 12687872, 'trainable_params': 0, 'trainable_pct': 0.0, 'method': 'frozen'}",9.406073570251465,0.37789351851851855,
vla22qxd,v9,,0,,braindecode/bcic2020-3,frozen,flatten,3,ridge,median_std_clip,completed,"{'total_params': 12687872, 'trainable_params': 0, 'trainable_pct': 0.0, 'method': 'frozen'}",21.344034671783447,0.24933333333333332,
vla22qxd,v9,,0,,braindecode/physionet,frozen,flatten,3,ridge,median_std_clip,completed,"{'total_params': 12687872, 'trainable_params': 0, 'trainable_pct': 0.0, 'method': 'frozen'}",24.104340076446533,0.5109839820630457,
vla22qxd,v9,,0,,braindecode/chbmit,frozen,flatten,3,ridge,median_std_clip,completed,"{'total_params': 12687872, 'trainable_params': 0, 'trainable_pct': 0.0, 'method': 'frozen'}",56.8933744430542,0.9347154262168427,
vla22qxd,v9,,0,,braindecode/faced,frozen,flatten,3,ridge,median_std_clip,completed,"{'total_params': 12687872, 'trainable_params': 0, 'trainable_pct': 0.0, 'method': 'frozen'}",50.82447695732117,0.2500034687534688,
vla22qxd,v9,,0,,braindecode/isruc-sleep,frozen,flatten,3,ridge,median_std_clip,completed,"{'total_params': 12687872, 'trainable_params': 0, 'trainable_pct': 0.0, 'method': 'frozen'}",89.3578929901123,0.6827318924774255,
vla22qxd,v9,,0,,braindecode/mdd_mumtaz2016,frozen,flatten,3,ridge,median_std_clip,completed,"{'total_params': 12687872, 'trainable_params': 0, 'trainable_pct': 0.0, 'method': 'frozen'}",16.648761510849,0.8539008717454413,
vla22qxd,v9,,0,,braindecode/seed-v,frozen,flatten,3,ridge,median_std_clip,completed,"{'total_params': 12687872, 'trainable_params': 0, 'trainable_pct': 0.0, 'method': 'frozen'}",50.44717788696289,0.3130637878434273,
vla22qxd,v9,,0,,braindecode/seed-vig,frozen,flatten,3,ridge,median_std_clip,completed,"{'total_params': 12687872, 'trainable_params': 0, 'trainable_pct': 0.0, 'method': 'frozen'}",23.10354495048523,,-0.28477034210983954
vla22qxd,v9,,0,,braindecode/tuab,frozen,flatten,3,ridge,median_std_clip,completed,"{'total_params': 12687872, 'trainable_params': 0, 'trainable_pct': 0.0, 'method': 'frozen'}",56.43986678123474,0.8185108189420534,
vla22qxd,v9,,0,,braindecode/tuev,frozen,flatten,3,ridge,median_std_clip,completed,"{'total_params': 12687872, 'trainable_params': 0, 'trainable_pct': 0.0, 'method': 'frozen'}",12.556396961212158,0.9137286911757038,
vla22qxd,v9,,0,,braindecode/arithmetic_zyma2019,frozen,flatten,4,ridge,median_std_clip,completed,"{'total_params': 12687872, 'trainable_params': 0, 'trainable_pct': 0.0, 'method': 'frozen'}",11.963688611984253,0.6875,
vla22qxd,v9,,0,,braindecode/bcic2a,frozen,flatten,4,ridge,median_std_clip,completed,"{'total_params': 12687872, 'trainable_params': 0, 'trainable_pct': 0.0, 'method': 'frozen'}",8.99834680557251,0.42592592592592593,
vla22qxd,v9,,0,,braindecode/bcic2020-3,frozen,flatten,4,ridge,median_std_clip,completed,"{'total_params': 12687872, 'trainable_params': 0, 'trainable_pct': 0.0, 'method': 'frozen'}",19.45180630683899,0.2586666666666667,
vla22qxd,v9,,0,,braindecode/physionet,frozen,flatten,4,ridge,median_std_clip,completed,"{'total_params': 12687872, 'trainable_params': 0, 'trainable_pct': 0.0, 'method': 'frozen'}",24.994713068008423,0.49793268873214624,
vla22qxd,v9,,0,,braindecode/chbmit,frozen,flatten,4,ridge,median_std_clip,completed,"{'total_params': 12687872, 'trainable_params': 0, 'trainable_pct': 0.0, 'method': 'frozen'}",56.05353379249573,0.9340072109193922,
vla22qxd,v9,,0,,braindecode/faced,frozen,flatten,4,ridge,median_std_clip,completed,"{'total_params': 12687872, 'trainable_params': 0, 'trainable_pct': 0.0, 'method': 'frozen'}",49.71782922744751,0.2521228771228771,
vla22qxd,v9,,0,,braindecode/isruc-sleep,frozen,flatten,4,ridge,median_std_clip,completed,"{'total_params': 12687872, 'trainable_params': 0, 'trainable_pct': 0.0, 'method': 'frozen'}",85.9720401763916,0.6845681281322106,
vla22qxd,v9,,0,,braindecode/mdd_mumtaz2016,frozen,flatten,4,ridge,median_std_clip,completed,"{'total_params': 12687872, 'trainable_params': 0, 'trainable_pct': 0.0, 'method': 'frozen'}",15.349698543548584,0.8576205827672041,
vla22qxd,v9,,0,,braindecode/seed-v,frozen,flatten,4,ridge,median_std_clip,completed,"{'total_params': 12687872, 'trainable_params': 0, 'trainable_pct': 0.0, 'method': 'frozen'}",48.56627583503723,0.3143798738979392,
vla22qxd,v9,,0,,braindecode/seed-vig,frozen,flatten,4,ridge,median_std_clip,completed,"{'total_params': 12687872, 'trainable_params': 0, 'trainable_pct': 0.0, 'method': 'frozen'}",22.755178928375244,,-0.30334681191920976
vla22qxd,v9,,0,,braindecode/tuab,frozen,flatten,4,ridge,median_std_clip,completed,"{'total_params': 12687872, 'trainable_params': 0, 'trainable_pct': 0.0, 'method': 'frozen'}",57.808574199676514,0.8208789676361412,
vla22qxd,v9,,0,,braindecode/tuev,frozen,flatten,4,ridge,median_std_clip,completed,"{'total_params': 12687872, 'trainable_params': 0, 'trainable_pct': 0.0, 'method': 'frozen'}",13.00751280784607,0.9185904846118668,
r1kj23po,v9,,0,,braindecode/arithmetic_zyma2019,frozen,flatten,0,ridge,median_std_clip,completed,"{'total_params': 12687872, 'trainable_params': 0, 'trainable_pct': 0.0, 'method': 'frozen'}",11.432238817214966,0.6284722222222222,
r1kj23po,v9,,0,,braindecode/bcic2a,frozen,flatten,0,ridge,median_std_clip,completed,"{'total_params': 12687872, 'trainable_params': 0, 'trainable_pct': 0.0, 'method': 'frozen'}",9.403481483459473,0.41377314814814814,
r1kj23po,v9,,0,,braindecode/bcic2020-3,frozen,flatten,0,ridge,median_std_clip,completed,"{'total_params': 12687872, 'trainable_params': 0, 'trainable_pct': 0.0, 'method': 'frozen'}",22.17530131340027,0.2733333333333333,
r1kj23po,v9,,0,,braindecode/physionet,frozen,flatten,0,ridge,median_std_clip,completed,"{'total_params': 12687872, 'trainable_params': 0, 'trainable_pct': 0.0, 'method': 'frozen'}",23.60432529449463,0.5160783274935257,
r1kj23po,v9,,0,,braindecode/chbmit,frozen,flatten,0,ridge,median_std_clip,completed,"{'total_params': 12687872, 'trainable_params': 0, 'trainable_pct': 0.0, 'method': 'frozen'}",54.039679765701294,0.8990685895785046,
r1kj23po,v9,,0,,braindecode/faced,frozen,flatten,0,ridge,median_std_clip,completed,"{'total_params': 12687872, 'trainable_params': 0, 'trainable_pct': 0.0, 'method': 'frozen'}",55.37895655632019,0.25523434898434894,
r1kj23po,v9,,0,,braindecode/isruc-sleep,frozen,flatten,0,ridge,median_std_clip,completed,"{'total_params': 12687872, 'trainable_params': 0, 'trainable_pct': 0.0, 'method': 'frozen'}",89.64907884597778,0.6355676178766776,
r1kj23po,v9,,0,,braindecode/mdd_mumtaz2016,frozen,flatten,0,ridge,median_std_clip,completed,"{'total_params': 12687872, 'trainable_params': 0, 'trainable_pct': 0.0, 'method': 'frozen'}",15.817610025405884,0.8486746964758196,
r1kj23po,v9,,0,,braindecode/seed-v,frozen,flatten,0,ridge,median_std_clip,completed,"{'total_params': 12687872, 'trainable_params': 0, 'trainable_pct': 0.0, 'method': 'frozen'}",50.084497690200806,0.2965159170892824,
r1kj23po,v9,,0,,braindecode/seed-vig,frozen,flatten,0,ridge,median_std_clip,completed,"{'total_params': 12687872, 'trainable_params': 0, 'trainable_pct': 0.0, 'method': 'frozen'}",22.749487161636353,,-0.19802999822448109
r1kj23po,v9,,0,,braindecode/tuab,frozen,flatten,0,ridge,median_std_clip,completed,"{'total_params': 12687872, 'trainable_params': 0, 'trainable_pct': 0.0, 'method': 'frozen'}",57.69926476478577,0.7991226340914844,
r1kj23po,v9,,0,,braindecode/tuev,frozen,flatten,0,ridge,median_std_clip,completed,"{'total_params': 12687872, 'trainable_params': 0, 'trainable_pct': 0.0, 'method': 'frozen'}",13.159138202667236,0.9067700744559398,
r1kj23po,v9,,0,,braindecode/arithmetic_zyma2019,frozen,flatten,1,ridge,median_std_clip,completed,"{'total_params': 12687872, 'trainable_params': 0, 'trainable_pct': 0.0, 'method': 'frozen'}",12.286665916442871,0.6423611111111112,
r1kj23po,v9,,0,,braindecode/bcic2a,frozen,flatten,1,ridge,median_std_clip,completed,"{'total_params': 12687872, 'trainable_params': 0, 'trainable_pct': 0.0, 'method': 'frozen'}",8.665977954864502,0.4091435185185185,
r1kj23po,v9,,0,,braindecode/bcic2020-3,frozen,flatten,1,ridge,median_std_clip,completed,"{'total_params': 12687872, 'trainable_params': 0, 'trainable_pct': 0.0, 'method': 'frozen'}",19.547845363616943,0.2733333333333333,
r1kj23po,v9,,0,,braindecode/physionet,frozen,flatten,1,ridge,median_std_clip,completed,"{'total_params': 12687872, 'trainable_params': 0, 'trainable_pct': 0.0, 'method': 'frozen'}",25.12997531890869,0.5183599746549079,
r1kj23po,v9,,0,,braindecode/chbmit,frozen,flatten,1,ridge,median_std_clip,completed,"{'total_params': 12687872, 'trainable_params': 0, 'trainable_pct': 0.0, 'method': 'frozen'}",53.09481620788574,0.9019014507683063,
r1kj23po,v9,,0,,braindecode/faced,frozen,flatten,1,ridge,median_std_clip,completed,"{'total_params': 12687872, 'trainable_params': 0, 'trainable_pct': 0.0, 'method': 'frozen'}",51.795714139938354,0.2628867207671556,
r1kj23po,v9,,0,,braindecode/isruc-sleep,frozen,flatten,1,ridge,median_std_clip,completed,"{'total_params': 12687872, 'trainable_params': 0, 'trainable_pct': 0.0, 'method': 'frozen'}",88.78559637069702,0.6367514070673563,
r1kj23po,v9,,0,,braindecode/mdd_mumtaz2016,frozen,flatten,1,ridge,median_std_clip,completed,"{'total_params': 12687872, 'trainable_params': 0, 'trainable_pct': 0.0, 'method': 'frozen'}",15.629584789276123,0.864999092883834,
r1kj23po,v9,,0,,braindecode/seed-v,frozen,flatten,1,ridge,median_std_clip,completed,"{'total_params': 12687872, 'trainable_params': 0, 'trainable_pct': 0.0, 'method': 'frozen'}",48.05802655220032,0.2970295452778558,
r1kj23po,v9,,0,,braindecode/seed-vig,frozen,flatten,1,ridge,median_std_clip,completed,"{'total_params': 12687872, 'trainable_params': 0, 'trainable_pct': 0.0, 'method': 'frozen'}",22.85950756072998,,-0.19565874263029492
r1kj23po,v9,,0,,braindecode/tuab,frozen,flatten,1,ridge,median_std_clip,completed,"{'total_params': 12687872, 'trainable_params': 0, 'trainable_pct': 0.0, 'method': 'frozen'}",55.55936026573181,0.8031048313929654,
r1kj23po,v9,,0,,braindecode/tuev,frozen,flatten,1,ridge,median_std_clip,completed,"{'total_params': 12687872, 'trainable_params': 0, 'trainable_pct': 0.0, 'method': 'frozen'}",12.451393604278564,0.9005911435823006,
r1kj23po,v9,,0,,braindecode/arithmetic_zyma2019,frozen,flatten,2,ridge,median_std_clip,completed,"{'total_params': 12687872, 'trainable_params': 0, 'trainable_pct': 0.0, 'method': 'frozen'}",11.689021348953247,0.6458333333333334,
r1kj23po,v9,,0,,braindecode/bcic2a,frozen,flatten,2,ridge,median_std_clip,completed,"{'total_params': 12687872, 'trainable_params': 0, 'trainable_pct': 0.0, 'method': 'frozen'}",9.214147806167603,0.4068287037037037,
r1kj23po,v9,,0,,braindecode/bcic2020-3,frozen,flatten,2,ridge,median_std_clip,completed,"{'total_params': 12687872, 'trainable_params': 0, 'trainable_pct': 0.0, 'method': 'frozen'}",21.13072919845581,0.27866666666666673,
r1kj23po,v9,,0,,braindecode/physionet,frozen,flatten,2,ridge,median_std_clip,completed,"{'total_params': 12687872, 'trainable_params': 0, 'trainable_pct': 0.0, 'method': 'frozen'}",23.740132331848145,0.5262606460654529,
r1kj23po,v9,,0,,braindecode/chbmit,frozen,flatten,2,ridge,median_std_clip,completed,"{'total_params': 12687872, 'trainable_params': 0, 'trainable_pct': 0.0, 'method': 'frozen'}",55.044973373413086,0.9213237187741437,
r1kj23po,v9,,0,,braindecode/faced,frozen,flatten,2,ridge,median_std_clip,completed,"{'total_params': 12687872, 'trainable_params': 0, 'trainable_pct': 0.0, 'method': 'frozen'}",50.2974853515625,0.2560974653365958,
r1kj23po,v9,,0,,braindecode/isruc-sleep,frozen,flatten,2,ridge,median_std_clip,completed,"{'total_params': 12687872, 'trainable_params': 0, 'trainable_pct': 0.0, 'method': 'frozen'}",88.58185935020447,0.633197327568507,
r1kj23po,v9,,0,,braindecode/mdd_mumtaz2016,frozen,flatten,2,ridge,median_std_clip,completed,"{'total_params': 12687872, 'trainable_params': 0, 'trainable_pct': 0.0, 'method': 'frozen'}",17.922316312789917,0.8346580016493375,
r1kj23po,v9,,0,,braindecode/seed-v,frozen,flatten,2,ridge,median_std_clip,completed,"{'total_params': 12687872, 'trainable_params': 0, 'trainable_pct': 0.0, 'method': 'frozen'}",51.522706508636475,0.29961172502673816,
r1kj23po,v9,,0,,braindecode/seed-vig,frozen,flatten,2,ridge,median_std_clip,completed,"{'total_params': 12687872, 'trainable_params': 0, 'trainable_pct': 0.0, 'method': 'frozen'}",23.3844633102417,,-0.19152061831101408
r1kj23po,v9,,0,,braindecode/tuab,frozen,flatten,2,ridge,median_std_clip,completed,"{'total_params': 12687872, 'trainable_params': 0, 'trainable_pct': 0.0, 'method': 'frozen'}",56.06204271316528,0.7949564621309027,
r1kj23po,v9,,0,,braindecode/tuev,frozen,flatten,2,ridge,median_std_clip,completed,"{'total_params': 12687872, 'trainable_params': 0, 'trainable_pct': 0.0, 'method': 'frozen'}",13.485104084014893,0.9011383151057037,
r1kj23po,v9,,0,,braindecode/arithmetic_zyma2019,frozen,flatten,3,ridge,median_std_clip,completed,"{'total_params': 12687872, 'trainable_params': 0, 'trainable_pct': 0.0, 'method': 'frozen'}",11.802284955978394,0.7048611111111112,
r1kj23po,v9,,0,,braindecode/bcic2a,frozen,flatten,3,ridge,median_std_clip,completed,"{'total_params': 12687872, 'trainable_params': 0, 'trainable_pct': 0.0, 'method': 'frozen'}",8.899365663528442,0.41145833333333337,
r1kj23po,v9,,0,,braindecode/bcic2020-3,frozen,flatten,3,ridge,median_std_clip,completed,"{'total_params': 12687872, 'trainable_params': 0, 'trainable_pct': 0.0, 'method': 'frozen'}",20.95043110847473,0.27999999999999997,
r1kj23po,v9,,0,,braindecode/physionet,frozen,flatten,3,ridge,median_std_clip,completed,"{'total_params': 12687872, 'trainable_params': 0, 'trainable_pct': 0.0, 'method': 'frozen'}",23.97420382499695,0.5166222331961088,
r1kj23po,v9,,0,,braindecode/chbmit,frozen,flatten,3,ridge,median_std_clip,completed,"{'total_params': 12687872, 'trainable_params': 0, 'trainable_pct': 0.0, 'method': 'frozen'}",53.8848032951355,0.9007210919392222,
r1kj23po,v9,,0,,braindecode/faced,frozen,flatten,3,ridge,median_std_clip,completed,"{'total_params': 12687872, 'trainable_params': 0, 'trainable_pct': 0.0, 'method': 'frozen'}",50.709412813186646,0.2584937707220316,
r1kj23po,v9,,0,,braindecode/isruc-sleep,frozen,flatten,3,ridge,median_std_clip,completed,"{'total_params': 12687872, 'trainable_params': 0, 'trainable_pct': 0.0, 'method': 'frozen'}",86.8657615184784,0.6402050733678692,
r1kj23po,v9,,0,,braindecode/mdd_mumtaz2016,frozen,flatten,3,ridge,median_std_clip,completed,"{'total_params': 12687872, 'trainable_params': 0, 'trainable_pct': 0.0, 'method': 'frozen'}",16.46003007888794,0.8633302616480814,
r1kj23po,v9,,0,,braindecode/seed-v,frozen,flatten,3,ridge,median_std_clip,completed,"{'total_params': 12687872, 'trainable_params': 0, 'trainable_pct': 0.0, 'method': 'frozen'}",50.2627637386322,0.29626813093604343,
r1kj23po,v9,,0,,braindecode/seed-vig,frozen,flatten,3,ridge,median_std_clip,completed,"{'total_params': 12687872, 'trainable_params': 0, 'trainable_pct': 0.0, 'method': 'frozen'}",19.105790615081787,,-0.2046635613073462
r1kj23po,v9,,0,,braindecode/tuab,frozen,flatten,3,ridge,median_std_clip,completed,"{'total_params': 12687872, 'trainable_params': 0, 'trainable_pct': 0.0, 'method': 'frozen'}",55.24980449676514,0.79833773155045,
r1kj23po,v9,,0,,braindecode/tuev,frozen,flatten,3,ridge,median_std_clip,completed,"{'total_params': 12687872, 'trainable_params': 0, 'trainable_pct': 0.0, 'method': 'frozen'}",12.39112901687622,0.9007085231831408,
r1kj23po,v9,,0,,braindecode/arithmetic_zyma2019,frozen,flatten,4,ridge,median_std_clip,completed,"{'total_params': 12687872, 'trainable_params': 0, 'trainable_pct': 0.0, 'method': 'frozen'}",11.078916311264038,0.6458333333333333,
r1kj23po,v9,,0,,braindecode/bcic2a,frozen,flatten,4,ridge,median_std_clip,completed,"{'total_params': 12687872, 'trainable_params': 0, 'trainable_pct': 0.0, 'method': 'frozen'}",8.988182783126831,0.38946759259259256,
r1kj23po,v9,,0,,braindecode/bcic2020-3,frozen,flatten,4,ridge,median_std_clip,completed,"{'total_params': 12687872, 'trainable_params': 0, 'trainable_pct': 0.0, 'method': 'frozen'}",21.10362696647644,0.196,
r1kj23po,v9,,0,,braindecode/physionet,frozen,flatten,4,ridge,median_std_clip,completed,"{'total_params': 12687872, 'trainable_params': 0, 'trainable_pct': 0.0, 'method': 'frozen'}",24.007035970687866,0.5166516337391007,
r1kj23po,v9,,0,,braindecode/chbmit,frozen,flatten,4,ridge,median_std_clip,completed,"{'total_params': 12687872, 'trainable_params': 0, 'trainable_pct': 0.0, 'method': 'frozen'}",53.01396417617798,0.9225040776032278,
r1kj23po,v9,,0,,braindecode/faced,frozen,flatten,4,ridge,median_std_clip,completed,"{'total_params': 12687872, 'trainable_params': 0, 'trainable_pct': 0.0, 'method': 'frozen'}",52.023855447769165,0.24661902107554282,
r1kj23po,v9,,0,,braindecode/isruc-sleep,frozen,flatten,4,ridge,median_std_clip,completed,"{'total_params': 12687872, 'trainable_params': 0, 'trainable_pct': 0.0, 'method': 'frozen'}",89.99963998794556,0.6267309991938054,
r1kj23po,v9,,0,,braindecode/mdd_mumtaz2016,frozen,flatten,4,ridge,median_std_clip,completed,"{'total_params': 12687872, 'trainable_params': 0, 'trainable_pct': 0.0, 'method': 'frozen'}",15.967750310897827,0.8525907062691742,
r1kj23po,v9,,0,,braindecode/seed-v,frozen,flatten,4,ridge,median_std_clip,completed,"{'total_params': 12687872, 'trainable_params': 0, 'trainable_pct': 0.0, 'method': 'frozen'}",50.536781549453735,0.2975136607720233,
r1kj23po,v9,,0,,braindecode/seed-vig,frozen,flatten,4,ridge,median_std_clip,completed,"{'total_params': 12687872, 'trainable_params': 0, 'trainable_pct': 0.0, 'method': 'frozen'}",23.91103482246399,,-0.21104922891342182
r1kj23po,v9,,0,,braindecode/tuab,frozen,flatten,4,ridge,median_std_clip,completed,"{'total_params': 12687872, 'trainable_params': 0, 'trainable_pct': 0.0, 'method': 'frozen'}",60.31635761260986,0.7995261462433327,
r1kj23po,v9,,0,,braindecode/tuev,frozen,flatten,4,ridge,median_std_clip,completed,"{'total_params': 12687872, 'trainable_params': 0, 'trainable_pct': 0.0, 'method': 'frozen'}",13.268192529678345,0.898326387599068,
biy1de7c,v9,,0,,braindecode/arithmetic_zyma2019,frozen,flatten,0,ridge,median_std_clip,completed,"{'total_params': 12687872, 'trainable_params': 0, 'trainable_pct': 0.0, 'method': 'frozen'}",12.446939468383789,0.7638888888888888,
biy1de7c,v9,,0,,braindecode/bcic2a,frozen,flatten,0,ridge,median_std_clip,completed,"{'total_params': 12687872, 'trainable_params': 0, 'trainable_pct': 0.0, 'method': 'frozen'}",9.227272748947144,0.43923611111111105,
biy1de7c,v9,,0,,braindecode/bcic2020-3,frozen,flatten,0,ridge,median_std_clip,completed,"{'total_params': 12687872, 'trainable_params': 0, 'trainable_pct': 0.0, 'method': 'frozen'}",22.07725954055786,0.292,
biy1de7c,v9,,0,,braindecode/physionet,frozen,flatten,0,ridge,median_std_clip,completed,"{'total_params': 12687872, 'trainable_params': 0, 'trainable_pct': 0.0, 'method': 'frozen'}",24.11301350593567,0.5319487434957777,
biy1de7c,v9,,0,,braindecode/chbmit,frozen,flatten,0,ridge,median_std_clip,completed,"{'total_params': 12687872, 'trainable_params': 0, 'trainable_pct': 0.0, 'method': 'frozen'}",54.68308115005493,0.8791097948321744,
biy1de7c,v9,,0,,braindecode/faced,frozen,flatten,0,ridge,median_std_clip,completed,"{'total_params': 12687872, 'trainable_params': 0, 'trainable_pct': 0.0, 'method': 'frozen'}",50.59776544570923,0.2893097240923328,
biy1de7c,v9,,0,,braindecode/isruc-sleep,frozen,flatten,0,ridge,median_std_clip,completed,"{'total_params': 12687872, 'trainable_params': 0, 'trainable_pct': 0.0, 'method': 'frozen'}",87.7519359588623,0.6862935147102377,
biy1de7c,v9,,0,,braindecode/mdd_mumtaz2016,frozen,flatten,0,ridge,median_std_clip,completed,"{'total_params': 12687872, 'trainable_params': 0, 'trainable_pct': 0.0, 'method': 'frozen'}",16.93802499771118,0.7592934683163671,
biy1de7c,v9,,0,,braindecode/seed-v,frozen,flatten,0,ridge,median_std_clip,completed,"{'total_params': 12687872, 'trainable_params': 0, 'trainable_pct': 0.0, 'method': 'frozen'}",48.814029693603516,0.31055551484304117,
biy1de7c,v9,,0,,braindecode/seed-vig,frozen,flatten,0,ridge,median_std_clip,completed,"{'total_params': 12687872, 'trainable_params': 0, 'trainable_pct': 0.0, 'method': 'frozen'}",22.748367309570312,,-0.29776893894721046
biy1de7c,v9,,0,,braindecode/tuab,frozen,flatten,0,ridge,median_std_clip,completed,"{'total_params': 12687872, 'trainable_params': 0, 'trainable_pct': 0.0, 'method': 'frozen'}",57.271018505096436,0.8065776681085949,
biy1de7c,v9,,0,,braindecode/tuev,frozen,flatten,0,ridge,median_std_clip,completed,"{'total_params': 12687872, 'trainable_params': 0, 'trainable_pct': 0.0, 'method': 'frozen'}",12.786950588226318,0.8882456641147513,
biy1de7c,v9,,0,,braindecode/arithmetic_zyma2019,frozen,flatten,1,ridge,median_std_clip,completed,"{'total_params': 12687872, 'trainable_params': 0, 'trainable_pct': 0.0, 'method': 'frozen'}",11.402539491653442,0.7465277777777778,
biy1de7c,v9,,0,,braindecode/bcic2a,frozen,flatten,1,ridge,median_std_clip,completed,"{'total_params': 12687872, 'trainable_params': 0, 'trainable_pct': 0.0, 'method': 'frozen'}",9.416975498199463,0.4438657407407407,
biy1de7c,v9,,0,,braindecode/bcic2020-3,frozen,flatten,1,ridge,median_std_clip,completed,"{'total_params': 12687872, 'trainable_params': 0, 'trainable_pct': 0.0, 'method': 'frozen'}",21.70735192298889,0.27999999999999997,
biy1de7c,v9,,0,,braindecode/physionet,frozen,flatten,1,ridge,median_std_clip,completed,"{'total_params': 12687872, 'trainable_params': 0, 'trainable_pct': 0.0, 'method': 'frozen'}",23.491371154785156,0.538197338899674,
biy1de7c,v9,,0,,braindecode/chbmit,frozen,flatten,1,ridge,median_std_clip,completed,"{'total_params': 12687872, 'trainable_params': 0, 'trainable_pct': 0.0, 'method': 'frozen'}",52.54105544090271,0.9013649240278135,
biy1de7c,v9,,0,,braindecode/faced,frozen,flatten,1,ridge,median_std_clip,completed,"{'total_params': 12687872, 'trainable_params': 0, 'trainable_pct': 0.0, 'method': 'frozen'}",49.95297288894653,0.2902999777999778,
biy1de7c,v9,,0,,braindecode/isruc-sleep,frozen,flatten,1,ridge,median_std_clip,completed,"{'total_params': 12687872, 'trainable_params': 0, 'trainable_pct': 0.0, 'method': 'frozen'}",86.69467878341675,0.6823226772541302,
biy1de7c,v9,,0,,braindecode/mdd_mumtaz2016,frozen,flatten,1,ridge,median_std_clip,completed,"{'total_params': 12687872, 'trainable_params': 0, 'trainable_pct': 0.0, 'method': 'frozen'}",16.093504190444946,0.8518239840736457,
biy1de7c,v9,,0,,braindecode/seed-v,frozen,flatten,1,ridge,median_std_clip,completed,"{'total_params': 12687872, 'trainable_params': 0, 'trainable_pct': 0.0, 'method': 'frozen'}",51.27236366271973,0.30722712989497597,
biy1de7c,v9,,0,,braindecode/seed-vig,frozen,flatten,1,ridge,median_std_clip,completed,"{'total_params': 12687872, 'trainable_params': 0, 'trainable_pct': 0.0, 'method': 'frozen'}",23.943609476089478,,-0.3145030005479694
biy1de7c,v9,,0,,braindecode/tuab,frozen,flatten,1,ridge,median_std_clip,completed,"{'total_params': 12687872, 'trainable_params': 0, 'trainable_pct': 0.0, 'method': 'frozen'}",56.7707576751709,0.8009293380496558,
biy1de7c,v9,,0,,braindecode/tuev,frozen,flatten,1,ridge,median_std_clip,completed,"{'total_params': 12687872, 'trainable_params': 0, 'trainable_pct': 0.0, 'method': 'frozen'}",13.184024095535278,0.8930988915654149,
biy1de7c,v9,,0,,braindecode/arithmetic_zyma2019,frozen,flatten,2,ridge,median_std_clip,completed,"{'total_params': 12687872, 'trainable_params': 0, 'trainable_pct': 0.0, 'method': 'frozen'}",13.372126579284668,0.7430555555555556,
biy1de7c,v9,,0,,braindecode/bcic2a,frozen,flatten,2,ridge,median_std_clip,completed,"{'total_params': 12687872, 'trainable_params': 0, 'trainable_pct': 0.0, 'method': 'frozen'}",9.29499077796936,0.44502314814814814,
biy1de7c,v9,,0,,braindecode/bcic2020-3,frozen,flatten,2,ridge,median_std_clip,completed,"{'total_params': 12687872, 'trainable_params': 0, 'trainable_pct': 0.0, 'method': 'frozen'}",19.5559504032135,0.2813333333333333,
biy1de7c,v9,,0,,braindecode/physionet,frozen,flatten,2,ridge,median_std_clip,completed,"{'total_params': 12687872, 'trainable_params': 0, 'trainable_pct': 0.0, 'method': 'frozen'}",26.277755975723267,0.531939736593833,
biy1de7c,v9,,0,,braindecode/chbmit,frozen,flatten,2,ridge,median_std_clip,completed,"{'total_params': 12687872, 'trainable_params': 0, 'trainable_pct': 0.0, 'method': 'frozen'}",56.273842334747314,0.9020731393252639,
biy1de7c,v9,,0,,braindecode/faced,frozen,flatten,2,ridge,median_std_clip,completed,"{'total_params': 12687872, 'trainable_params': 0, 'trainable_pct': 0.0, 'method': 'frozen'}",52.21134066581726,0.28830318232492147,
biy1de7c,v9,,0,,braindecode/isruc-sleep,frozen,flatten,2,ridge,median_std_clip,completed,"{'total_params': 12687872, 'trainable_params': 0, 'trainable_pct': 0.0, 'method': 'frozen'}",89.53089022636414,0.6813113780234219,
biy1de7c,v9,,0,,braindecode/mdd_mumtaz2016,frozen,flatten,2,ridge,median_std_clip,completed,"{'total_params': 12687872, 'trainable_params': 0, 'trainable_pct': 0.0, 'method': 'frozen'}",16.694382429122925,0.8467252717508081,
biy1de7c,v9,,0,,braindecode/seed-v,frozen,flatten,2,ridge,median_std_clip,completed,"{'total_params': 12687872, 'trainable_params': 0, 'trainable_pct': 0.0, 'method': 'frozen'}",50.31392574310303,0.31086659174377707,
biy1de7c,v9,,0,,braindecode/seed-vig,frozen,flatten,2,ridge,median_std_clip,completed,"{'total_params': 12687872, 'trainable_params': 0, 'trainable_pct': 0.0, 'method': 'frozen'}",23.234455823898315,,-0.31129376958036437
biy1de7c,v9,,0,,braindecode/tuab,frozen,flatten,2,ridge,median_std_clip,completed,"{'total_params': 12687872, 'trainable_params': 0, 'trainable_pct': 0.0, 'method': 'frozen'}",57.23625683784485,0.8033456505814383,
biy1de7c,v9,,0,,braindecode/tuev,frozen,flatten,2,ridge,median_std_clip,completed,"{'total_params': 12687872, 'trainable_params': 0, 'trainable_pct': 0.0, 'method': 'frozen'}",12.565685510635376,0.8915097456890843,
biy1de7c,v9,,0,,braindecode/arithmetic_zyma2019,frozen,flatten,3,ridge,median_std_clip,completed,"{'total_params': 12687872, 'trainable_params': 0, 'trainable_pct': 0.0, 'method': 'frozen'}",11.951510190963745,0.75,
biy1de7c,v9,,0,,braindecode/bcic2a,frozen,flatten,3,ridge,median_std_clip,completed,"{'total_params': 12687872, 'trainable_params': 0, 'trainable_pct': 0.0, 'method': 'frozen'}",9.002850532531738,0.4403935185185185,
biy1de7c,v9,,0,,braindecode/bcic2020-3,frozen,flatten,3,ridge,median_std_clip,completed,"{'total_params': 12687872, 'trainable_params': 0, 'trainable_pct': 0.0, 'method': 'frozen'}",21.20584273338318,0.2946666666666667,
biy1de7c,v9,,0,,braindecode/physionet,frozen,flatten,3,ridge,median_std_clip,completed,"{'total_params': 12687872, 'trainable_params': 0, 'trainable_pct': 0.0, 'method': 'frozen'}",23.91974663734436,0.5376278919277382,
biy1de7c,v9,,0,,braindecode/chbmit,frozen,flatten,3,ridge,median_std_clip,completed,"{'total_params': 12687872, 'trainable_params': 0, 'trainable_pct': 0.0, 'method': 'frozen'}",54.94021511077881,0.8755687183449223,
biy1de7c,v9,,0,,braindecode/faced,frozen,flatten,3,ridge,median_std_clip,completed,"{'total_params': 12687872, 'trainable_params': 0, 'trainable_pct': 0.0, 'method': 'frozen'}",49.57819843292236,0.28541340905471335,
biy1de7c,v9,,0,,braindecode/isruc-sleep,frozen,flatten,3,ridge,median_std_clip,completed,"{'total_params': 12687872, 'trainable_params': 0, 'trainable_pct': 0.0, 'method': 'frozen'}",86.84392666816711,0.6792152916406167,
biy1de7c,v9,,0,,braindecode/mdd_mumtaz2016,frozen,flatten,3,ridge,median_std_clip,completed,"{'total_params': 12687872, 'trainable_params': 0, 'trainable_pct': 0.0, 'method': 'frozen'}",15.876918077468872,0.77393206759678,
biy1de7c,v9,,0,,braindecode/seed-v,frozen,flatten,3,ridge,median_std_clip,completed,"{'total_params': 12687872, 'trainable_params': 0, 'trainable_pct': 0.0, 'method': 'frozen'}",48.34940552711487,0.30683535131641204,
biy1de7c,v9,,0,,braindecode/seed-vig,frozen,flatten,3,ridge,median_std_clip,completed,"{'total_params': 12687872, 'trainable_params': 0, 'trainable_pct': 0.0, 'method': 'frozen'}",22.879228591918945,,-0.30644662073357654
biy1de7c,v9,,0,,braindecode/tuab,frozen,flatten,3,ridge,median_std_clip,completed,"{'total_params': 12687872, 'trainable_params': 0, 'trainable_pct': 0.0, 'method': 'frozen'}",56.910956382751465,0.8092616819708194,
biy1de7c,v9,,0,,braindecode/tuev,frozen,flatten,3,ridge,median_std_clip,completed,"{'total_params': 12687872, 'trainable_params': 0, 'trainable_pct': 0.0, 'method': 'frozen'}",13.472707986831665,0.9534341094943257,
biy1de7c,v9,,0,,braindecode/arithmetic_zyma2019,frozen,flatten,4,ridge,median_std_clip,completed,"{'total_params': 12687872, 'trainable_params': 0, 'trainable_pct': 0.0, 'method': 'frozen'}",11.432399988174438,0.7569444444444444,
biy1de7c,v9,,0,,braindecode/bcic2a,frozen,flatten,4,ridge,median_std_clip,completed,"{'total_params': 12687872, 'trainable_params': 0, 'trainable_pct': 0.0, 'method': 'frozen'}",8.843591690063477,0.4247685185185185,
biy1de7c,v9,,0,,braindecode/bcic2020-3,frozen,flatten,4,ridge,median_std_clip,completed,"{'total_params': 12687872, 'trainable_params': 0, 'trainable_pct': 0.0, 'method': 'frozen'}",21.529502153396606,0.2853333333333333,
biy1de7c,v9,,0,,braindecode/physionet,frozen,flatten,4,ridge,median_std_clip,completed,"{'total_params': 12687872, 'trainable_params': 0, 'trainable_pct': 0.0, 'method': 'frozen'}",21.498546838760376,0.538751447213139,
biy1de7c,v9,,0,,braindecode/chbmit,frozen,flatten,4,ridge,median_std_clip,completed,"{'total_params': 12687872, 'trainable_params': 0, 'trainable_pct': 0.0, 'method': 'frozen'}",54.61615967750549,0.8973517040089278,
biy1de7c,v9,,0,,braindecode/faced,frozen,flatten,4,ridge,median_std_clip,completed,"{'total_params': 12687872, 'trainable_params': 0, 'trainable_pct': 0.0, 'method': 'frozen'}",54.60870575904846,0.28576918250831296,
biy1de7c,v9,,0,,braindecode/isruc-sleep,frozen,flatten,4,ridge,median_std_clip,completed,"{'total_params': 12687872, 'trainable_params': 0, 'trainable_pct': 0.0, 'method': 'frozen'}",93.40591192245483,0.681268500435445,
biy1de7c,v9,,0,,braindecode/mdd_mumtaz2016,frozen,flatten,4,ridge,median_std_clip,completed,"{'total_params': 12687872, 'trainable_params': 0, 'trainable_pct': 0.0, 'method': 'frozen'}",16.861324071884155,0.8494195428795659,
biy1de7c,v9,,0,,braindecode/seed-v,frozen,flatten,4,ridge,median_std_clip,completed,"{'total_params': 12687872, 'trainable_params': 0, 'trainable_pct': 0.0, 'method': 'frozen'}",50.11441445350647,0.30843773423054205,
biy1de7c,v9,,0,,braindecode/seed-vig,frozen,flatten,4,ridge,median_std_clip,completed,"{'total_params': 12687872, 'trainable_params': 0, 'trainable_pct': 0.0, 'method': 'frozen'}",23.4304678440094,,-0.3053560458189237
biy1de7c,v9,,0,,braindecode/tuab,frozen,flatten,4,ridge,median_std_clip,completed,"{'total_params': 12687872, 'trainable_params': 0, 'trainable_pct': 0.0, 'method': 'frozen'}",57.539618730545044,0.8011354344714187,
biy1de7c,v9,,0,,braindecode/tuev,frozen,flatten,4,ridge,median_std_clip,completed,"{'total_params': 12687872, 'trainable_params': 0, 'trainable_pct': 0.0, 'method': 'frozen'}",13.441632509231567,0.8840660342566954,
tl2ef402,v9,,0,,braindecode/arithmetic_zyma2019,frozen,flatten,0,ridge,median_std_clip,completed,"{'total_params': 12687872, 'trainable_params': 0, 'trainable_pct': 0.0, 'method': 'frozen'}",11.774999380111694,0.7152777777777778,
tl2ef402,v9,,0,,braindecode/bcic2a,frozen,flatten,0,ridge,median_std_clip,completed,"{'total_params': 12687872, 'trainable_params': 0, 'trainable_pct': 0.0, 'method': 'frozen'}",9.45167875289917,0.4554398148148148,
tl2ef402,v9,,0,,braindecode/bcic2020-3,frozen,flatten,0,ridge,median_std_clip,completed,"{'total_params': 12687872, 'trainable_params': 0, 'trainable_pct': 0.0, 'method': 'frozen'}",22.197134971618652,0.2813333333333333,
tl2ef402,v9,,0,,braindecode/physionet,frozen,flatten,0,ridge,median_std_clip,completed,"{'total_params': 12687872, 'trainable_params': 0, 'trainable_pct': 0.0, 'method': 'frozen'}",24.040180206298828,0.5212021197898619,
tl2ef402,v9,,0,,braindecode/chbmit,frozen,flatten,0,ridge,median_std_clip,completed,"{'total_params': 12687872, 'trainable_params': 0, 'trainable_pct': 0.0, 'method': 'frozen'}",53.09455180168152,0.9100995793630355,
tl2ef402,v9,,0,,braindecode/faced,frozen,flatten,0,ridge,median_std_clip,completed,"{'total_params': 12687872, 'trainable_params': 0, 'trainable_pct': 0.0, 'method': 'frozen'}",51.259296894073486,0.2796780514171818,
tl2ef402,v9,,0,,braindecode/isruc-sleep,frozen,flatten,0,ridge,median_std_clip,completed,"{'total_params': 12687872, 'trainable_params': 0, 'trainable_pct': 0.0, 'method': 'frozen'}",88.30226922035217,0.6881462120420798,
tl2ef402,v9,,0,,braindecode/mdd_mumtaz2016,frozen,flatten,0,ridge,median_std_clip,completed,"{'total_params': 12687872, 'trainable_params': 0, 'trainable_pct': 0.0, 'method': 'frozen'}",15.579020261764526,0.8500989563594483,
tl2ef402,v9,,0,,braindecode/seed-v,frozen,flatten,0,ridge,median_std_clip,completed,"{'total_params': 12687872, 'trainable_params': 0, 'trainable_pct': 0.0, 'method': 'frozen'}",48.000675678253174,0.3076603902903478,
tl2ef402,v9,,0,,braindecode/seed-vig,frozen,flatten,0,ridge,median_std_clip,completed,"{'total_params': 12687872, 'trainable_params': 0, 'trainable_pct': 0.0, 'method': 'frozen'}",23.047695636749268,,-0.24879202103996834
tl2ef402,v9,,0,,braindecode/tuab,frozen,flatten,0,ridge,median_std_clip,completed,"{'total_params': 12687872, 'trainable_params': 0, 'trainable_pct': 0.0, 'method': 'frozen'}",55.40055561065674,0.8065429453418849,
tl2ef402,v9,,0,,braindecode/tuev,frozen,flatten,0,ridge,median_std_clip,completed,"{'total_params': 12687872, 'trainable_params': 0, 'trainable_pct': 0.0, 'method': 'frozen'}",12.44156289100647,0.8954074502570268,
tl2ef402,v9,,0,,braindecode/arithmetic_zyma2019,frozen,flatten,1,ridge,median_std_clip,completed,"{'total_params': 12687872, 'trainable_params': 0, 'trainable_pct': 0.0, 'method': 'frozen'}",11.612199306488037,0.7430555555555556,
tl2ef402,v9,,0,,braindecode/bcic2a,frozen,flatten,1,ridge,median_std_clip,completed,"{'total_params': 12687872, 'trainable_params': 0, 'trainable_pct': 0.0, 'method': 'frozen'}",9.127200603485107,0.45833333333333337,
tl2ef402,v9,,0,,braindecode/bcic2020-3,frozen,flatten,1,ridge,median_std_clip,completed,"{'total_params': 12687872, 'trainable_params': 0, 'trainable_pct': 0.0, 'method': 'frozen'}",21.50732445716858,0.2786666666666667,
tl2ef402,v9,,0,,braindecode/physionet,frozen,flatten,1,ridge,median_std_clip,completed,"{'total_params': 12687872, 'trainable_params': 0, 'trainable_pct': 0.0, 'method': 'frozen'}",23.96633815765381,0.5342265429642367,
tl2ef402,v9,,0,,braindecode/chbmit,frozen,flatten,1,ridge,median_std_clip,completed,"{'total_params': 12687872, 'trainable_params': 0, 'trainable_pct': 0.0, 'method': 'frozen'}",55.53686237335205,0.9096274358314018,
tl2ef402,v9,,0,,braindecode/faced,frozen,flatten,1,ridge,median_std_clip,completed,"{'total_params': 12687872, 'trainable_params': 0, 'trainable_pct': 0.0, 'method': 'frozen'}",50.233383655548096,0.28732197753936883,
tl2ef402,v9,,0,,braindecode/isruc-sleep,frozen,flatten,1,ridge,median_std_clip,completed,"{'total_params': 12687872, 'trainable_params': 0, 'trainable_pct': 0.0, 'method': 'frozen'}",88.80434918403625,0.67419399129459,
tl2ef402,v9,,0,,braindecode/mdd_mumtaz2016,frozen,flatten,1,ridge,median_std_clip,completed,"{'total_params': 12687872, 'trainable_params': 0, 'trainable_pct': 0.0, 'method': 'frozen'}",18.187928915023804,0.8470135946864965,
tl2ef402,v9,,0,,braindecode/seed-v,frozen,flatten,1,ridge,median_std_clip,completed,"{'total_params': 12687872, 'trainable_params': 0, 'trainable_pct': 0.0, 'method': 'frozen'}",51.77377486228943,0.3062062303541854,
tl2ef402,v9,,0,,braindecode/seed-vig,frozen,flatten,1,ridge,median_std_clip,completed,"{'total_params': 12687872, 'trainable_params': 0, 'trainable_pct': 0.0, 'method': 'frozen'}",18.979583024978638,,-0.27042346206225987
tl2ef402,v9,,0,,braindecode/tuab,frozen,flatten,1,ridge,median_std_clip,completed,"{'total_params': 12687872, 'trainable_params': 0, 'trainable_pct': 0.0, 'method': 'frozen'}",55.972949743270874,0.8032406422143716,
tl2ef402,v9,,0,,braindecode/tuev,frozen,flatten,1,ridge,median_std_clip,completed,"{'total_params': 12687872, 'trainable_params': 0, 'trainable_pct': 0.0, 'method': 'frozen'}",13.343835353851318,0.9526706852363054,
tl2ef402,v9,,0,,braindecode/arithmetic_zyma2019,frozen,flatten,2,ridge,median_std_clip,completed,"{'total_params': 12687872, 'trainable_params': 0, 'trainable_pct': 0.0, 'method': 'frozen'}",11.68827772140503,0.7291666666666667,
tl2ef402,v9,,0,,braindecode/bcic2a,frozen,flatten,2,ridge,median_std_clip,completed,"{'total_params': 12687872, 'trainable_params': 0, 'trainable_pct': 0.0, 'method': 'frozen'}",9.464093208312988,0.4652777777777778,
tl2ef402,v9,,0,,braindecode/bcic2020-3,frozen,flatten,2,ridge,median_std_clip,completed,"{'total_params': 12687872, 'trainable_params': 0, 'trainable_pct': 0.0, 'method': 'frozen'}",21.248417615890503,0.2866666666666666,
tl2ef402,v9,,0,,braindecode/physionet,frozen,flatten,2,ridge,median_std_clip,completed,"{'total_params': 12687872, 'trainable_params': 0, 'trainable_pct': 0.0, 'method': 'frozen'}",24.02209210395813,0.5353654658598984,
tl2ef402,v9,,0,,braindecode/chbmit,frozen,flatten,2,ridge,median_std_clip,completed,"{'total_params': 12687872, 'trainable_params': 0, 'trainable_pct': 0.0, 'method': 'frozen'}",54.094011306762695,0.883359086616877,
tl2ef402,v9,,0,,braindecode/faced,frozen,flatten,2,ridge,median_std_clip,completed,"{'total_params': 12687872, 'trainable_params': 0, 'trainable_pct': 0.0, 'method': 'frozen'}",51.31551718711853,0.2834277739169043,
tl2ef402,v9,,0,,braindecode/isruc-sleep,frozen,flatten,2,ridge,median_std_clip,completed,"{'total_params': 12687872, 'trainable_params': 0, 'trainable_pct': 0.0, 'method': 'frozen'}",86.82088875770569,0.6932320603781762,
tl2ef402,v9,,0,,braindecode/mdd_mumtaz2016,frozen,flatten,2,ridge,median_std_clip,completed,"{'total_params': 12687872, 'trainable_params': 0, 'trainable_pct': 0.0, 'method': 'frozen'}",16.609479904174805,0.8686984351128042,
tl2ef402,v9,,0,,braindecode/seed-v,frozen,flatten,2,ridge,median_std_clip,completed,"{'total_params': 12687872, 'trainable_params': 0, 'trainable_pct': 0.0, 'method': 'frozen'}",50.865649938583374,0.30831264259711055,
tl2ef402,v9,,0,,braindecode/seed-vig,frozen,flatten,2,ridge,median_std_clip,completed,"{'total_params': 12687872, 'trainable_params': 0, 'trainable_pct': 0.0, 'method': 'frozen'}",19.096298933029175,,-0.2619990661526912
tl2ef402,v9,,0,,braindecode/tuab,frozen,flatten,2,ridge,median_std_clip,completed,"{'total_params': 12687872, 'trainable_params': 0, 'trainable_pct': 0.0, 'method': 'frozen'}",55.182466983795166,0.8049115353511367,
tl2ef402,v9,,0,,braindecode/tuev,frozen,flatten,2,ridge,median_std_clip,completed,"{'total_params': 12687872, 'trainable_params': 0, 'trainable_pct': 0.0, 'method': 'frozen'}",12.466769695281982,0.8934815055843924,
tl2ef402,v9,,0,,braindecode/arithmetic_zyma2019,frozen,flatten,3,ridge,median_std_clip,completed,"{'total_params': 12687872, 'trainable_params': 0, 'trainable_pct': 0.0, 'method': 'frozen'}",11.254854679107666,0.7534722222222222,
tl2ef402,v9,,0,,braindecode/bcic2a,frozen,flatten,3,ridge,median_std_clip,completed,"{'total_params': 12687872, 'trainable_params': 0, 'trainable_pct': 0.0, 'method': 'frozen'}",9.417646408081055,0.4618055555555556,
tl2ef402,v9,,0,,braindecode/bcic2020-3,frozen,flatten,3,ridge,median_std_clip,completed,"{'total_params': 12687872, 'trainable_params': 0, 'trainable_pct': 0.0, 'method': 'frozen'}",21.28107237815857,0.2653333333333333,
tl2ef402,v9,,0,,braindecode/physionet,frozen,flatten,3,ridge,median_std_clip,completed,"{'total_params': 12687872, 'trainable_params': 0, 'trainable_pct': 0.0, 'method': 'frozen'}",24.17155170440674,0.5375831179841272,
tl2ef402,v9,,0,,braindecode/chbmit,frozen,flatten,3,ridge,median_std_clip,completed,"{'total_params': 12687872, 'trainable_params': 0, 'trainable_pct': 0.0, 'method': 'frozen'}",53.12397813796997,0.9316464932612241,
tl2ef402,v9,,0,,braindecode/faced,frozen,flatten,3,ridge,median_std_clip,completed,"{'total_params': 12687872, 'trainable_params': 0, 'trainable_pct': 0.0, 'method': 'frozen'}",51.91919445991516,0.27239834440921395,
tl2ef402,v9,,0,,braindecode/isruc-sleep,frozen,flatten,3,ridge,median_std_clip,completed,"{'total_params': 12687872, 'trainable_params': 0, 'trainable_pct': 0.0, 'method': 'frozen'}",89.88846850395203,0.6791093078840396,
tl2ef402,v9,,0,,braindecode/mdd_mumtaz2016,frozen,flatten,3,ridge,median_std_clip,completed,"{'total_params': 12687872, 'trainable_params': 0, 'trainable_pct': 0.0, 'method': 'frozen'}",15.9728422164917,0.8635748330002055,
tl2ef402,v9,,0,,braindecode/seed-v,frozen,flatten,3,ridge,median_std_clip,completed,"{'total_params': 12687872, 'trainable_params': 0, 'trainable_pct': 0.0, 'method': 'frozen'}",50.469117879867554,0.30564824980123717,
tl2ef402,v9,,0,,braindecode/seed-vig,frozen,flatten,3,ridge,median_std_clip,completed,"{'total_params': 12687872, 'trainable_params': 0, 'trainable_pct': 0.0, 'method': 'frozen'}",23.293566703796387,,-0.26430634332228964
tl2ef402,v9,,0,,braindecode/tuab,frozen,flatten,3,ridge,median_std_clip,completed,"{'total_params': 12687872, 'trainable_params': 0, 'trainable_pct': 0.0, 'method': 'frozen'}",60.8504102230072,0.8055298246164255,
tl2ef402,v9,,0,,braindecode/tuev,frozen,flatten,3,ridge,median_std_clip,completed,"{'total_params': 12687872, 'trainable_params': 0, 'trainable_pct': 0.0, 'method': 'frozen'}",13.324305295944214,0.9510343614563892,
tl2ef402,v9,,0,,braindecode/arithmetic_zyma2019,frozen,flatten,4,ridge,median_std_clip,completed,"{'total_params': 12687872, 'trainable_params': 0, 'trainable_pct': 0.0, 'method': 'frozen'}",12.032715082168579,0.7430555555555556,
tl2ef402,v9,,0,,braindecode/bcic2a,frozen,flatten,4,ridge,median_std_clip,completed,"{'total_params': 12687872, 'trainable_params': 0, 'trainable_pct': 0.0, 'method': 'frozen'}",8.952666282653809,0.4600694444444445,
tl2ef402,v9,,0,,braindecode/bcic2020-3,frozen,flatten,4,ridge,median_std_clip,completed,"{'total_params': 12687872, 'trainable_params': 0, 'trainable_pct': 0.0, 'method': 'frozen'}",19.46607756614685,0.272,
tl2ef402,v9,,0,,braindecode/physionet,frozen,flatten,4,ridge,median_std_clip,completed,"{'total_params': 12687872, 'trainable_params': 0, 'trainable_pct': 0.0, 'method': 'frozen'}",26.103349924087524,0.5359272463977778,
tl2ef402,v9,,0,,braindecode/chbmit,frozen,flatten,4,ridge,median_std_clip,completed,"{'total_params': 12687872, 'trainable_params': 0, 'trainable_pct': 0.0, 'method': 'frozen'}",55.033210039138794,0.9060863593441497,
tl2ef402,v9,,0,,braindecode/faced,frozen,flatten,4,ridge,median_std_clip,completed,"{'total_params': 12687872, 'trainable_params': 0, 'trainable_pct': 0.0, 'method': 'frozen'}",51.173290491104126,0.27671302127823866,
tl2ef402,v9,,0,,braindecode/isruc-sleep,frozen,flatten,4,ridge,median_std_clip,completed,"{'total_params': 12687872, 'trainable_params': 0, 'trainable_pct': 0.0, 'method': 'frozen'}",88.01549124717712,0.6762051031750899,
tl2ef402,v9,,0,,braindecode/mdd_mumtaz2016,frozen,flatten,4,ridge,median_std_clip,completed,"{'total_params': 12687872, 'trainable_params': 0, 'trainable_pct': 0.0, 'method': 'frozen'}",16.77141761779785,0.8600593446479465,
tl2ef402,v9,,0,,braindecode/seed-v,frozen,flatten,4,ridge,median_std_clip,completed,"{'total_params': 12687872, 'trainable_params': 0, 'trainable_pct': 0.0, 'method': 'frozen'}",48.628469467163086,0.30886495552243415,
tl2ef402,v9,,0,,braindecode/seed-vig,frozen,flatten,4,ridge,median_std_clip,completed,"{'total_params': 12687872, 'trainable_params': 0, 'trainable_pct': 0.0, 'method': 'frozen'}",22.965065717697144,,-0.2443730753727551
tl2ef402,v9,,0,,braindecode/tuab,frozen,flatten,4,ridge,median_std_clip,completed,"{'total_params': 12687872, 'trainable_params': 0, 'trainable_pct': 0.0, 'method': 'frozen'}",56.81852054595947,0.804499342507611,
tl2ef402,v9,,0,,braindecode/tuev,frozen,flatten,4,ridge,median_std_clip,completed,"{'total_params': 12687872, 'trainable_params': 0, 'trainable_pct': 0.0, 'method': 'frozen'}",13.091575622558594,0.9548882633159524,
sxgumypr,v9,,0,,braindecode/arithmetic_zyma2019,frozen,flatten,0,ridge,median_std_clip,completed,"{'total_params': 12687872, 'trainable_params': 0, 'trainable_pct': 0.0, 'method': 'frozen'}",11.37724781036377,0.7013888888888888,
sxgumypr,v9,,0,,braindecode/bcic2a,frozen,flatten,0,ridge,median_std_clip,completed,"{'total_params': 12687872, 'trainable_params': 0, 'trainable_pct': 0.0, 'method': 'frozen'}",9.259822845458984,0.41145833333333337,
sxgumypr,v9,,0,,braindecode/bcic2020-3,frozen,flatten,0,ridge,median_std_clip,completed,"{'total_params': 12687872, 'trainable_params': 0, 'trainable_pct': 0.0, 'method': 'frozen'}",22.12995409965515,0.244,
sxgumypr,v9,,0,,braindecode/physionet,frozen,flatten,0,ridge,median_std_clip,completed,"{'total_params': 12687872, 'trainable_params': 0, 'trainable_pct': 0.0, 'method': 'frozen'}",23.90861463546753,0.53306333241174,
sxgumypr,v9,,0,,braindecode/chbmit,frozen,flatten,0,ridge,median_std_clip,completed,"{'total_params': 12687872, 'trainable_params': 0, 'trainable_pct': 0.0, 'method': 'frozen'}",53.57836604118347,0.8959352734140269,
sxgumypr,v9,,0,,braindecode/faced,frozen,flatten,0,ridge,median_std_clip,completed,"{'total_params': 12687872, 'trainable_params': 0, 'trainable_pct': 0.0, 'method': 'frozen'}",49.936643838882446,0.28449072063202496,
sxgumypr,v9,,0,,braindecode/isruc-sleep,frozen,flatten,0,ridge,median_std_clip,completed,"{'total_params': 12687872, 'trainable_params': 0, 'trainable_pct': 0.0, 'method': 'frozen'}",86.95435929298401,0.6945273223474913,
sxgumypr,v9,,0,,braindecode/mdd_mumtaz2016,frozen,flatten,0,ridge,median_std_clip,completed,"{'total_params': 12687872, 'trainable_params': 0, 'trainable_pct': 0.0, 'method': 'frozen'}",15.86278223991394,0.8361820151434926,
sxgumypr,v9,,0,,braindecode/seed-v,frozen,flatten,0,ridge,median_std_clip,completed,"{'total_params': 12687872, 'trainable_params': 0, 'trainable_pct': 0.0, 'method': 'frozen'}",51.033761501312256,0.3072315647190792,
sxgumypr,v9,,0,,braindecode/seed-vig,frozen,flatten,0,ridge,median_std_clip,completed,"{'total_params': 12687872, 'trainable_params': 0, 'trainable_pct': 0.0, 'method': 'frozen'}",23.088968992233276,,-0.2843501318077426
sxgumypr,v9,,0,,braindecode/tuab,frozen,flatten,0,ridge,median_std_clip,completed,"{'total_params': 12687872, 'trainable_params': 0, 'trainable_pct': 0.0, 'method': 'frozen'}",56.42807579040527,0.8091037493867512,
sxgumypr,v9,,0,,braindecode/tuev,frozen,flatten,0,ridge,median_std_clip,completed,"{'total_params': 12687872, 'trainable_params': 0, 'trainable_pct': 0.0, 'method': 'frozen'}",13.308255672454834,0.9507657400278933,
sxgumypr,v9,,0,,braindecode/arithmetic_zyma2019,frozen,flatten,1,ridge,median_std_clip,completed,"{'total_params': 12687872, 'trainable_params': 0, 'trainable_pct': 0.0, 'method': 'frozen'}",13.42073941230774,0.7534722222222222,
sxgumypr,v9,,0,,braindecode/bcic2a,frozen,flatten,1,ridge,median_std_clip,completed,"{'total_params': 12687872, 'trainable_params': 0, 'trainable_pct': 0.0, 'method': 'frozen'}",8.688971996307373,0.4224537037037037,
sxgumypr,v9,,0,,braindecode/bcic2020-3,frozen,flatten,1,ridge,median_std_clip,completed,"{'total_params': 12687872, 'trainable_params': 0, 'trainable_pct': 0.0, 'method': 'frozen'}",19.487444162368774,0.2906666666666667,
sxgumypr,v9,,0,,braindecode/physionet,frozen,flatten,1,ridge,median_std_clip,completed,"{'total_params': 12687872, 'trainable_params': 0, 'trainable_pct': 0.0, 'method': 'frozen'}",25.325721979141235,0.5466662094599952,
sxgumypr,v9,,0,,braindecode/chbmit,frozen,flatten,1,ridge,median_std_clip,completed,"{'total_params': 12687872, 'trainable_params': 0, 'trainable_pct': 0.0, 'method': 'frozen'}",56.03181982040405,0.8743883595158384,
sxgumypr,v9,,0,,braindecode/faced,frozen,flatten,1,ridge,median_std_clip,completed,"{'total_params': 12687872, 'trainable_params': 0, 'trainable_pct': 0.0, 'method': 'frozen'}",50.41352152824402,0.2852230800600366,
sxgumypr,v9,,0,,braindecode/isruc-sleep,frozen,flatten,1,ridge,median_std_clip,completed,"{'total_params': 12687872, 'trainable_params': 0, 'trainable_pct': 0.0, 'method': 'frozen'}",89.8515830039978,0.6805484024994206,
sxgumypr,v9,,0,,braindecode/mdd_mumtaz2016,frozen,flatten,1,ridge,median_std_clip,completed,"{'total_params': 12687872, 'trainable_params': 0, 'trainable_pct': 0.0, 'method': 'frozen'}",17.095927238464355,0.8359996682657709,
sxgumypr,v9,,0,,braindecode/seed-v,frozen,flatten,1,ridge,median_std_clip,completed,"{'total_params': 12687872, 'trainable_params': 0, 'trainable_pct': 0.0, 'method': 'frozen'}",50.285516023635864,0.30825288903263764,
sxgumypr,v9,,0,,braindecode/seed-vig,frozen,flatten,1,ridge,median_std_clip,completed,"{'total_params': 12687872, 'trainable_params': 0, 'trainable_pct': 0.0, 'method': 'frozen'}",23.709554195404053,,-0.269817248624437
sxgumypr,v9,,0,,braindecode/tuab,frozen,flatten,1,ridge,median_std_clip,completed,"{'total_params': 12687872, 'trainable_params': 0, 'trainable_pct': 0.0, 'method': 'frozen'}",56.47257471084595,0.8070735876234618,
sxgumypr,v9,,0,,braindecode/tuev,frozen,flatten,1,ridge,median_std_clip,completed,"{'total_params': 12687872, 'trainable_params': 0, 'trainable_pct': 0.0, 'method': 'frozen'}",12.479276418685913,0.9533869315907402,
sxgumypr,v9,,0,,braindecode/arithmetic_zyma2019,frozen,flatten,2,ridge,median_std_clip,completed,"{'total_params': 12687872, 'trainable_params': 0, 'trainable_pct': 0.0, 'method': 'frozen'}",11.884281158447266,0.7222222222222222,
sxgumypr,v9,,0,,braindecode/bcic2a,frozen,flatten,2,ridge,median_std_clip,completed,"{'total_params': 12687872, 'trainable_params': 0, 'trainable_pct': 0.0, 'method': 'frozen'}",9.252386569976807,0.43344907407407407,
sxgumypr,v9,,0,,braindecode/bcic2020-3,frozen,flatten,2,ridge,median_std_clip,completed,"{'total_params': 12687872, 'trainable_params': 0, 'trainable_pct': 0.0, 'method': 'frozen'}",21.754756212234497,0.2773333333333333,
sxgumypr,v9,,0,,braindecode/physionet,frozen,flatten,2,ridge,median_std_clip,completed,"{'total_params': 12687872, 'trainable_params': 0, 'trainable_pct': 0.0, 'method': 'frozen'}",24.052870273590088,0.5268876520915711,
sxgumypr,v9,,0,,braindecode/chbmit,frozen,flatten,2,ridge,median_std_clip,completed,"{'total_params': 12687872, 'trainable_params': 0, 'trainable_pct': 0.0, 'method': 'frozen'}",55.47341227531433,0.8701390677311358,
sxgumypr,v9,,0,,braindecode/faced,frozen,flatten,2,ridge,median_std_clip,completed,"{'total_params': 12687872, 'trainable_params': 0, 'trainable_pct': 0.0, 'method': 'frozen'}",49.350998878479004,0.27058147166842816,
sxgumypr,v9,,0,,braindecode/isruc-sleep,frozen,flatten,2,ridge,median_std_clip,completed,"{'total_params': 12687872, 'trainable_params': 0, 'trainable_pct': 0.0, 'method': 'frozen'}",85.53970575332642,0.6867030506132419,
sxgumypr,v9,,0,,braindecode/mdd_mumtaz2016,frozen,flatten,2,ridge,median_std_clip,completed,"{'total_params': 12687872, 'trainable_params': 0, 'trainable_pct': 0.0, 'method': 'frozen'}",15.59096097946167,0.844539005120102,
sxgumypr,v9,,0,,braindecode/seed-v,frozen,flatten,2,ridge,median_std_clip,completed,"{'total_params': 12687872, 'trainable_params': 0, 'trainable_pct': 0.0, 'method': 'frozen'}",48.36485981941223,0.3051740068443797,
sxgumypr,v9,,0,,braindecode/seed-vig,frozen,flatten,2,ridge,median_std_clip,completed,"{'total_params': 12687872, 'trainable_params': 0, 'trainable_pct': 0.0, 'method': 'frozen'}",23.050859212875366,,-0.276968317411894
sxgumypr,v9,,0,,braindecode/tuab,frozen,flatten,2,ridge,median_std_clip,completed,"{'total_params': 12687872, 'trainable_params': 0, 'trainable_pct': 0.0, 'method': 'frozen'}",58.185848236083984,0.8142040757807583,
sxgumypr,v9,,0,,braindecode/tuev,frozen,flatten,2,ridge,median_std_clip,completed,"{'total_params': 12687872, 'trainable_params': 0, 'trainable_pct': 0.0, 'method': 'frozen'}",13.169813394546509,0.9508711666328753,
sxgumypr,v9,,0,,braindecode/arithmetic_zyma2019,frozen,flatten,3,ridge,median_std_clip,completed,"{'total_params': 12687872, 'trainable_params': 0, 'trainable_pct': 0.0, 'method': 'frozen'}",11.436775922775269,0.7152777777777778,
sxgumypr,v9,,0,,braindecode/bcic2a,frozen,flatten,3,ridge,median_std_clip,completed,"{'total_params': 12687872, 'trainable_params': 0, 'trainable_pct': 0.0, 'method': 'frozen'}",8.894721746444702,0.42708333333333326,
sxgumypr,v9,,0,,braindecode/bcic2020-3,frozen,flatten,3,ridge,median_std_clip,completed,"{'total_params': 12687872, 'trainable_params': 0, 'trainable_pct': 0.0, 'method': 'frozen'}",21.13413906097412,0.3026666666666667,
sxgumypr,v9,,0,,braindecode/physionet,frozen,flatten,3,ridge,median_std_clip,completed,"{'total_params': 12687872, 'trainable_params': 0, 'trainable_pct': 0.0, 'method': 'frozen'}",23.81108784675598,0.5409959984456826,
sxgumypr,v9,,0,,braindecode/chbmit,frozen,flatten,3,ridge,median_std_clip,completed,"{'total_params': 12687872, 'trainable_params': 0, 'trainable_pct': 0.0, 'method': 'frozen'}",54.31402349472046,0.9229118379260022,
sxgumypr,v9,,0,,braindecode/faced,frozen,flatten,3,ridge,median_std_clip,completed,"{'total_params': 12687872, 'trainable_params': 0, 'trainable_pct': 0.0, 'method': 'frozen'}",56.4958770275116,0.2740695295043121,
sxgumypr,v9,,0,,braindecode/isruc-sleep,frozen,flatten,3,ridge,median_std_clip,completed,"{'total_params': 12687872, 'trainable_params': 0, 'trainable_pct': 0.0, 'method': 'frozen'}",90.99903059005737,0.6802947581415739,
sxgumypr,v9,,0,,braindecode/mdd_mumtaz2016,frozen,flatten,3,ridge,median_std_clip,completed,"{'total_params': 12687872, 'trainable_params': 0, 'trainable_pct': 0.0, 'method': 'frozen'}",16.154497623443604,0.8459289443170679,
sxgumypr,v9,,0,,braindecode/seed-v,frozen,flatten,3,ridge,median_std_clip,completed,"{'total_params': 12687872, 'trainable_params': 0, 'trainable_pct': 0.0, 'method': 'frozen'}",50.206024408340454,0.30776374126710254,
sxgumypr,v9,,0,,braindecode/seed-vig,frozen,flatten,3,ridge,median_std_clip,completed,"{'total_params': 12687872, 'trainable_params': 0, 'trainable_pct': 0.0, 'method': 'frozen'}",19.024746417999268,,-0.28074951161187545
sxgumypr,v9,,0,,braindecode/tuab,frozen,flatten,3,ridge,median_std_clip,completed,"{'total_params': 12687872, 'trainable_params': 0, 'trainable_pct': 0.0, 'method': 'frozen'}",57.85364818572998,0.8070033020231052,
sxgumypr,v9,,0,,braindecode/tuev,frozen,flatten,3,ridge,median_std_clip,completed,"{'total_params': 12687872, 'trainable_params': 0, 'trainable_pct': 0.0, 'method': 'frozen'}",12.849870681762695,0.9493784008931625,
sxgumypr,v9,,0,,braindecode/arithmetic_zyma2019,frozen,flatten,4,ridge,median_std_clip,completed,"{'total_params': 12687872, 'trainable_params': 0, 'trainable_pct': 0.0, 'method': 'frozen'}",12.018402099609375,0.7152777777777778,
sxgumypr,v9,,0,,braindecode/bcic2a,frozen,flatten,4,ridge,median_std_clip,completed,"{'total_params': 12687872, 'trainable_params': 0, 'trainable_pct': 0.0, 'method': 'frozen'}",9.004354000091553,0.4375,
sxgumypr,v9,,0,,braindecode/bcic2020-3,frozen,flatten,4,ridge,median_std_clip,completed,"{'total_params': 12687872, 'trainable_params': 0, 'trainable_pct': 0.0, 'method': 'frozen'}",20.959484100341797,0.264,
sxgumypr,v9,,0,,braindecode/physionet,frozen,flatten,4,ridge,median_std_clip,completed,"{'total_params': 12687872, 'trainable_params': 0, 'trainable_pct': 0.0, 'method': 'frozen'}",23.989494800567627,0.5308123973094476,
sxgumypr,v9,,0,,braindecode/chbmit,frozen,flatten,4,ridge,median_std_clip,completed,"{'total_params': 12687872, 'trainable_params': 0, 'trainable_pct': 0.0, 'method': 'frozen'}",52.76126980781555,0.8478839385354966,
sxgumypr,v9,,0,,braindecode/faced,frozen,flatten,4,ridge,median_std_clip,completed,"{'total_params': 12687872, 'trainable_params': 0, 'trainable_pct': 0.0, 'method': 'frozen'}",51.342445850372314,0.276408223419093,
sxgumypr,v9,,0,,braindecode/isruc-sleep,frozen,flatten,4,ridge,median_std_clip,completed,"{'total_params': 12687872, 'trainable_params': 0, 'trainable_pct': 0.0, 'method': 'frozen'}",89.64284586906433,0.6878719798429255,
sxgumypr,v9,,0,,braindecode/mdd_mumtaz2016,frozen,flatten,4,ridge,median_std_clip,completed,"{'total_params': 12687872, 'trainable_params': 0, 'trainable_pct': 0.0, 'method': 'frozen'}",15.61233401298523,0.8392081663400206,
sxgumypr,v9,,0,,braindecode/seed-v,frozen,flatten,4,ridge,median_std_clip,completed,"{'total_params': 12687872, 'trainable_params': 0, 'trainable_pct': 0.0, 'method': 'frozen'}",49.59804105758667,0.3050020820055504,
sxgumypr,v9,,0,,braindecode/seed-vig,frozen,flatten,4,ridge,median_std_clip,completed,"{'total_params': 12687872, 'trainable_params': 0, 'trainable_pct': 0.0, 'method': 'frozen'}",22.823031187057495,,-0.27354882440099715
sxgumypr,v9,,0,,braindecode/tuab,frozen,flatten,4,ridge,median_std_clip,completed,"{'total_params': 12687872, 'trainable_params': 0, 'trainable_pct': 0.0, 'method': 'frozen'}",56.172154903411865,0.8112879234217383,
sxgumypr,v9,,0,,braindecode/tuev,frozen,flatten,4,ridge,median_std_clip,completed,"{'total_params': 12687872, 'trainable_params': 0, 'trainable_pct': 0.0, 'method': 'frozen'}",12.439424753189087,0.8952331846357019,
l0un9a30,v9,,0,,braindecode/arithmetic_zyma2019,frozen,flatten,0,ridge,median_std_clip,completed,"{'total_params': 12687872, 'trainable_params': 0, 'trainable_pct': 0.0, 'method': 'frozen'}",11.663447380065918,0.7291666666666666,
l0un9a30,v9,,0,,braindecode/bcic2a,frozen,flatten,0,ridge,median_std_clip,completed,"{'total_params': 12687872, 'trainable_params': 0, 'trainable_pct': 0.0, 'method': 'frozen'}",9.325451374053955,0.36921296296296297,
l0un9a30,v9,,0,,braindecode/bcic2020-3,frozen,flatten,0,ridge,median_std_clip,completed,"{'total_params': 12687872, 'trainable_params': 0, 'trainable_pct': 0.0, 'method': 'frozen'}",22.1218101978302,0.2733333333333333,
l0un9a30,v9,,0,,braindecode/physionet,frozen,flatten,0,ridge,median_std_clip,completed,"{'total_params': 12687872, 'trainable_params': 0, 'trainable_pct': 0.0, 'method': 'frozen'}",23.862321138381958,0.45725461858066146,
l0un9a30,v9,,0,,braindecode/chbmit,frozen,flatten,0,ridge,median_std_clip,completed,"{'total_params': 12687872, 'trainable_params': 0, 'trainable_pct': 0.0, 'method': 'frozen'}",54.21315312385559,0.9252725555841703,
l0un9a30,v9,,0,,braindecode/faced,frozen,flatten,0,ridge,median_std_clip,completed,"{'total_params': 12687872, 'trainable_params': 0, 'trainable_pct': 0.0, 'method': 'frozen'}",50.52468991279602,0.2520489775924558,
l0un9a30,v9,,0,,braindecode/isruc-sleep,frozen,flatten,0,ridge,median_std_clip,completed,"{'total_params': 12687872, 'trainable_params': 0, 'trainable_pct': 0.0, 'method': 'frozen'}",88.07757115364075,0.6842014792145776,
l0un9a30,v9,,0,,braindecode/mdd_mumtaz2016,frozen,flatten,0,ridge,median_std_clip,completed,"{'total_params': 12687872, 'trainable_params': 0, 'trainable_pct': 0.0, 'method': 'frozen'}",18.085710763931274,0.8552380173649063,
l0un9a30,v9,,0,,braindecode/seed-v,frozen,flatten,0,ridge,median_std_clip,completed,"{'total_params': 12687872, 'trainable_params': 0, 'trainable_pct': 0.0, 'method': 'frozen'}",51.207101345062256,0.30415125461636056,
l0un9a30,v9,,0,,braindecode/seed-vig,frozen,flatten,0,ridge,median_std_clip,completed,"{'total_params': 12687872, 'trainable_params': 0, 'trainable_pct': 0.0, 'method': 'frozen'}",23.032879114151,,-0.2970576955919162
l0un9a30,v9,,0,,braindecode/tuab,frozen,flatten,0,ridge,median_std_clip,completed,"{'total_params': 12687872, 'trainable_params': 0, 'trainable_pct': 0.0, 'method': 'frozen'}",57.76782703399658,0.8178925296767646,
l0un9a30,v9,,0,,braindecode/tuev,frozen,flatten,0,ridge,median_std_clip,completed,"{'total_params': 12687872, 'trainable_params': 0, 'trainable_pct': 0.0, 'method': 'frozen'}",13.077561616897583,0.9088131781799024,
l0un9a30,v9,,0,,braindecode/arithmetic_zyma2019,frozen,flatten,1,ridge,median_std_clip,completed,"{'total_params': 12687872, 'trainable_params': 0, 'trainable_pct': 0.0, 'method': 'frozen'}",12.3051176071167,0.7361111111111112,
l0un9a30,v9,,0,,braindecode/bcic2a,frozen,flatten,1,ridge,median_std_clip,completed,"{'total_params': 12687872, 'trainable_params': 0, 'trainable_pct': 0.0, 'method': 'frozen'}",9.5165114402771,0.390625,
l0un9a30,v9,,0,,braindecode/bcic2020-3,frozen,flatten,1,ridge,median_std_clip,completed,"{'total_params': 12687872, 'trainable_params': 0, 'trainable_pct': 0.0, 'method': 'frozen'}",21.189599990844727,0.26,
l0un9a30,v9,,0,,braindecode/physionet,frozen,flatten,1,ridge,median_std_clip,completed,"{'total_params': 12687872, 'trainable_params': 0, 'trainable_pct': 0.0, 'method': 'frozen'}",23.553611516952515,0.44591930943819325,
l0un9a30,v9,,0,,braindecode/chbmit,frozen,flatten,1,ridge,median_std_clip,completed,"{'total_params': 12687872, 'trainable_params': 0, 'trainable_pct': 0.0, 'method': 'frozen'}",54.09387397766113,0.7386685552407932,
l0un9a30,v9,,0,,braindecode/faced,frozen,flatten,1,ridge,median_std_clip,completed,"{'total_params': 12687872, 'trainable_params': 0, 'trainable_pct': 0.0, 'method': 'frozen'}",50.848448276519775,0.2679239540652584,
l0un9a30,v9,,0,,braindecode/isruc-sleep,frozen,flatten,1,ridge,median_std_clip,completed,"{'total_params': 12687872, 'trainable_params': 0, 'trainable_pct': 0.0, 'method': 'frozen'}",86.3284420967102,0.6914251561506186,
l0un9a30,v9,,0,,braindecode/mdd_mumtaz2016,frozen,flatten,1,ridge,median_std_clip,completed,"{'total_params': 12687872, 'trainable_params': 0, 'trainable_pct': 0.0, 'method': 'frozen'}",16.525208950042725,0.8419661689421702,
l0un9a30,v9,,0,,braindecode/seed-v,frozen,flatten,1,ridge,median_std_clip,completed,"{'total_params': 12687872, 'trainable_params': 0, 'trainable_pct': 0.0, 'method': 'frozen'}",51.06076645851135,0.30413912059664827,
l0un9a30,v9,,0,,braindecode/seed-vig,frozen,flatten,1,ridge,median_std_clip,completed,"{'total_params': 12687872, 'trainable_params': 0, 'trainable_pct': 0.0, 'method': 'frozen'}",23.640764474868774,,-0.28236942544470756
l0un9a30,v9,,0,,braindecode/tuab,frozen,flatten,1,ridge,median_std_clip,completed,"{'total_params': 12687872, 'trainable_params': 0, 'trainable_pct': 0.0, 'method': 'frozen'}",55.68821740150452,0.8124281742769264,
l0un9a30,v9,,0,,braindecode/tuev,frozen,flatten,1,ridge,median_std_clip,completed,"{'total_params': 12687872, 'trainable_params': 0, 'trainable_pct': 0.0, 'method': 'frozen'}",12.406845331192017,0.9065897082775854,
l0un9a30,v9,,0,,braindecode/arithmetic_zyma2019,frozen,flatten,2,ridge,median_std_clip,completed,"{'total_params': 12687872, 'trainable_params': 0, 'trainable_pct': 0.0, 'method': 'frozen'}",11.264232158660889,0.7256944444444444,
l0un9a30,v9,,0,,braindecode/bcic2a,frozen,flatten,2,ridge,median_std_clip,completed,"{'total_params': 12687872, 'trainable_params': 0, 'trainable_pct': 0.0, 'method': 'frozen'}",9.438811779022217,0.38136574074074076,
l0un9a30,v9,,0,,braindecode/bcic2020-3,frozen,flatten,2,ridge,median_std_clip,completed,"{'total_params': 12687872, 'trainable_params': 0, 'trainable_pct': 0.0, 'method': 'frozen'}",19.569897651672363,0.268,
l0un9a30,v9,,0,,braindecode/physionet,frozen,flatten,2,ridge,median_std_clip,completed,"{'total_params': 12687872, 'trainable_params': 0, 'trainable_pct': 0.0, 'method': 'frozen'}",25.28296136856079,0.45556032796865925,
l0un9a30,v9,,0,,braindecode/chbmit,frozen,flatten,2,ridge,median_std_clip,completed,"{'total_params': 12687872, 'trainable_params': 0, 'trainable_pct': 0.0, 'method': 'frozen'}",52.55693602561951,0.9371405270838699,
l0un9a30,v9,,0,,braindecode/faced,frozen,flatten,2,ridge,median_std_clip,completed,"{'total_params': 12687872, 'trainable_params': 0, 'trainable_pct': 0.0, 'method': 'frozen'}",51.41731643676758,0.24424473473386518,
l0un9a30,v9,,0,,braindecode/isruc-sleep,frozen,flatten,2,ridge,median_std_clip,completed,"{'total_params': 12687872, 'trainable_params': 0, 'trainable_pct': 0.0, 'method': 'frozen'}",88.36730766296387,0.6899474577453281,
l0un9a30,v9,,0,,braindecode/mdd_mumtaz2016,frozen,flatten,2,ridge,median_std_clip,completed,"{'total_params': 12687872, 'trainable_params': 0, 'trainable_pct': 0.0, 'method': 'frozen'}",16.003085136413574,0.8636853300551406,
l0un9a30,v9,,0,,braindecode/seed-v,frozen,flatten,2,ridge,median_std_clip,completed,"{'total_params': 12687872, 'trainable_params': 0, 'trainable_pct': 0.0, 'method': 'frozen'}",50.28905916213989,0.31121662933796396,
l0un9a30,v9,,0,,braindecode/seed-vig,frozen,flatten,2,ridge,median_std_clip,completed,"{'total_params': 12687872, 'trainable_params': 0, 'trainable_pct': 0.0, 'method': 'frozen'}",23.429563522338867,,-0.2991674922353813
l0un9a30,v9,,0,,braindecode/tuab,frozen,flatten,2,ridge,median_std_clip,completed,"{'total_params': 12687872, 'trainable_params': 0, 'trainable_pct': 0.0, 'method': 'frozen'}",58.547749757766724,0.812458976731266,
l0un9a30,v9,,0,,braindecode/tuev,frozen,flatten,2,ridge,median_std_clip,completed,"{'total_params': 12687872, 'trainable_params': 0, 'trainable_pct': 0.0, 'method': 'frozen'}",14.053442239761353,0.9546307126852674,
l0un9a30,v9,,0,,braindecode/arithmetic_zyma2019,frozen,flatten,3,ridge,median_std_clip,completed,"{'total_params': 12687872, 'trainable_params': 0, 'trainable_pct': 0.0, 'method': 'frozen'}",12.428386449813843,0.7291666666666666,
l0un9a30,v9,,0,,braindecode/bcic2a,frozen,flatten,3,ridge,median_std_clip,completed,"{'total_params': 12687872, 'trainable_params': 0, 'trainable_pct': 0.0, 'method': 'frozen'}",9.156591415405273,0.33622685185185186,
l0un9a30,v9,,0,,braindecode/bcic2020-3,frozen,flatten,3,ridge,median_std_clip,completed,"{'total_params': 12687872, 'trainable_params': 0, 'trainable_pct': 0.0, 'method': 'frozen'}",21.135746002197266,0.25200000000000006,
l0un9a30,v9,,0,,braindecode/physionet,frozen,flatten,3,ridge,median_std_clip,completed,"{'total_params': 12687872, 'trainable_params': 0, 'trainable_pct': 0.0, 'method': 'frozen'}",23.75053906440735,0.4532390023787486,
l0un9a30,v9,,0,,braindecode/chbmit,frozen,flatten,3,ridge,median_std_clip,completed,"{'total_params': 12687872, 'trainable_params': 0, 'trainable_pct': 0.0, 'method': 'frozen'}",54.300796031951904,0.9416258906343893,
l0un9a30,v9,,0,,braindecode/faced,frozen,flatten,3,ridge,median_std_clip,completed,"{'total_params': 12687872, 'trainable_params': 0, 'trainable_pct': 0.0, 'method': 'frozen'}",51.62282943725586,0.263286230677535,
l0un9a30,v9,,0,,braindecode/isruc-sleep,frozen,flatten,3,ridge,median_std_clip,completed,"{'total_params': 12687872, 'trainable_params': 0, 'trainable_pct': 0.0, 'method': 'frozen'}",88.11503839492798,0.685648539613162,
l0un9a30,v9,,0,,braindecode/mdd_mumtaz2016,frozen,flatten,3,ridge,median_std_clip,completed,"{'total_params': 12687872, 'trainable_params': 0, 'trainable_pct': 0.0, 'method': 'frozen'}",16.642849445343018,0.8589249146989959,
l0un9a30,v9,,0,,braindecode/seed-v,frozen,flatten,3,ridge,median_std_clip,completed,"{'total_params': 12687872, 'trainable_params': 0, 'trainable_pct': 0.0, 'method': 'frozen'}",48.5237672328949,0.3037817864089706,
l0un9a30,v9,,0,,braindecode/seed-vig,frozen,flatten,3,ridge,median_std_clip,completed,"{'total_params': 12687872, 'trainable_params': 0, 'trainable_pct': 0.0, 'method': 'frozen'}",23.42508053779602,,-0.27425109191967945
l0un9a30,v9,,0,,braindecode/tuab,frozen,flatten,3,ridge,median_std_clip,completed,"{'total_params': 12687872, 'trainable_params': 0, 'trainable_pct': 0.0, 'method': 'frozen'}",57.26199293136597,0.8041747966477969,
l0un9a30,v9,,0,,braindecode/tuev,frozen,flatten,3,ridge,median_std_clip,completed,"{'total_params': 12687872, 'trainable_params': 0, 'trainable_pct': 0.0, 'method': 'frozen'}",13.1394362449646,0.910542495086078,
l0un9a30,v9,,0,,braindecode/arithmetic_zyma2019,frozen,flatten,4,ridge,median_std_clip,completed,"{'total_params': 12687872, 'trainable_params': 0, 'trainable_pct': 0.0, 'method': 'frozen'}",11.317741394042969,0.71875,
l0un9a30,v9,,0,,braindecode/bcic2a,frozen,flatten,4,ridge,median_std_clip,completed,"{'total_params': 12687872, 'trainable_params': 0, 'trainable_pct': 0.0, 'method': 'frozen'}",8.850200653076172,0.3466435185185185,
l0un9a30,v9,,0,,braindecode/bcic2020-3,frozen,flatten,4,ridge,median_std_clip,completed,"{'total_params': 12687872, 'trainable_params': 0, 'trainable_pct': 0.0, 'method': 'frozen'}",21.95720934867859,0.268,
l0un9a30,v9,,0,,braindecode/physionet,frozen,flatten,4,ridge,median_std_clip,completed,"{'total_params': 12687872, 'trainable_params': 0, 'trainable_pct': 0.0, 'method': 'frozen'}",21.368659257888794,0.47022662453880093,
l0un9a30,v9,,0,,braindecode/chbmit,frozen,flatten,4,ridge,median_std_clip,completed,"{'total_params': 12687872, 'trainable_params': 0, 'trainable_pct': 0.0, 'method': 'frozen'}",52.57446336746216,0.9402094600394884,
l0un9a30,v9,,0,,braindecode/faced,frozen,flatten,4,ridge,median_std_clip,completed,"{'total_params': 12687872, 'trainable_params': 0, 'trainable_pct': 0.0, 'method': 'frozen'}",50.043609619140625,0.26113334129638477,
l0un9a30,v9,,0,,braindecode/isruc-sleep,frozen,flatten,4,ridge,median_std_clip,completed,"{'total_params': 12687872, 'trainable_params': 0, 'trainable_pct': 0.0, 'method': 'frozen'}",86.64303088188171,0.6893159629429899,
l0un9a30,v9,,0,,braindecode/mdd_mumtaz2016,frozen,flatten,4,ridge,median_std_clip,completed,"{'total_params': 12687872, 'trainable_params': 0, 'trainable_pct': 0.0, 'method': 'frozen'}",15.962826251983643,0.8660586590120192,
l0un9a30,v9,,0,,braindecode/seed-v,frozen,flatten,4,ridge,median_std_clip,completed,"{'total_params': 12687872, 'trainable_params': 0, 'trainable_pct': 0.0, 'method': 'frozen'}",50.0927460193634,0.30220528132379143,
l0un9a30,v9,,0,,braindecode/seed-vig,frozen,flatten,4,ridge,median_std_clip,completed,"{'total_params': 12687872, 'trainable_params': 0, 'trainable_pct': 0.0, 'method': 'frozen'}",24.020300149917603,,-0.2991522667202069
l0un9a30,v9,,0,,braindecode/tuab,frozen,flatten,4,ridge,median_std_clip,completed,"{'total_params': 12687872, 'trainable_params': 0, 'trainable_pct': 0.0, 'method': 'frozen'}",56.49750518798828,0.8151998351228626,
l0un9a30,v9,,0,,braindecode/tuev,frozen,flatten,4,ridge,median_std_clip,completed,"{'total_params': 12687872, 'trainable_params': 0, 'trainable_pct': 0.0, 'method': 'frozen'}",13.204466819763184,0.9092384409607073,
8e9ucmvt,v9,,0,,braindecode/arithmetic_zyma2019,frozen,flatten,0,ridge,median_std_clip,completed,"{'total_params': 12687872, 'trainable_params': 0, 'trainable_pct': 0.0, 'method': 'frozen'}",13.006606101989746,0.6770833333333333,
8e9ucmvt,v9,,0,,braindecode/bcic2a,frozen,flatten,0,ridge,median_std_clip,completed,"{'total_params': 12687872, 'trainable_params': 0, 'trainable_pct': 0.0, 'method': 'frozen'}",9.220173835754395,0.39467592592592593,
8e9ucmvt,v9,,0,,braindecode/bcic2020-3,frozen,flatten,0,ridge,median_std_clip,completed,"{'total_params': 12687872, 'trainable_params': 0, 'trainable_pct': 0.0, 'method': 'frozen'}",22.1836097240448,0.28666666666666674,
8e9ucmvt,v9,,0,,braindecode/physionet,frozen,flatten,0,ridge,median_std_clip,completed,"{'total_params': 12687872, 'trainable_params': 0, 'trainable_pct': 0.0, 'method': 'frozen'}",23.610424995422363,0.4804575589569045,
8e9ucmvt,v9,,0,,braindecode/chbmit,frozen,flatten,0,ridge,median_std_clip,completed,"{'total_params': 12687872, 'trainable_params': 0, 'trainable_pct': 0.0, 'method': 'frozen'}",55.88919186592102,0.9229762211348613,
8e9ucmvt,v9,,0,,braindecode/faced,frozen,flatten,0,ridge,median_std_clip,completed,"{'total_params': 12687872, 'trainable_params': 0, 'trainable_pct': 0.0, 'method': 'frozen'}",50.56767177581787,0.23497305834262355,
8e9ucmvt,v9,,0,,braindecode/isruc-sleep,frozen,flatten,0,ridge,median_std_clip,completed,"{'total_params': 12687872, 'trainable_params': 0, 'trainable_pct': 0.0, 'method': 'frozen'}",89.07966303825378,0.6493296544653184,
8e9ucmvt,v9,,0,,braindecode/mdd_mumtaz2016,frozen,flatten,0,ridge,median_std_clip,completed,"{'total_params': 12687872, 'trainable_params': 0, 'trainable_pct': 0.0, 'method': 'frozen'}",16.545668363571167,0.818807289052712,
8e9ucmvt,v9,,0,,braindecode/seed-v,frozen,flatten,0,ridge,median_std_clip,completed,"{'total_params': 12687872, 'trainable_params': 0, 'trainable_pct': 0.0, 'method': 'frozen'}",50.16324043273926,0.29886756267099124,
8e9ucmvt,v9,,0,,braindecode/seed-vig,frozen,flatten,0,ridge,median_std_clip,completed,"{'total_params': 12687872, 'trainable_params': 0, 'trainable_pct': 0.0, 'method': 'frozen'}",23.049005031585693,,-0.31338472913891313
8e9ucmvt,v9,,0,,braindecode/tuab,frozen,flatten,0,ridge,median_std_clip,completed,"{'total_params': 12687872, 'trainable_params': 0, 'trainable_pct': 0.0, 'method': 'frozen'}",56.21365237236023,0.8041045110474403,
8e9ucmvt,v9,,0,,braindecode/tuev,frozen,flatten,0,ridge,median_std_clip,completed,"{'total_params': 12687872, 'trainable_params': 0, 'trainable_pct': 0.0, 'method': 'frozen'}",12.640440702438354,0.954583534781682,
8e9ucmvt,v9,,0,,braindecode/arithmetic_zyma2019,frozen,flatten,1,ridge,median_std_clip,completed,"{'total_params': 12687872, 'trainable_params': 0, 'trainable_pct': 0.0, 'method': 'frozen'}",11.89044451713562,0.7430555555555556,
8e9ucmvt,v9,,0,,braindecode/bcic2a,frozen,flatten,1,ridge,median_std_clip,completed,"{'total_params': 12687872, 'trainable_params': 0, 'trainable_pct': 0.0, 'method': 'frozen'}",9.079942226409912,0.38888888888888884,
8e9ucmvt,v9,,0,,braindecode/bcic2020-3,frozen,flatten,1,ridge,median_std_clip,completed,"{'total_params': 12687872, 'trainable_params': 0, 'trainable_pct': 0.0, 'method': 'frozen'}",21.9591166973114,0.28933333333333333,
8e9ucmvt,v9,,0,,braindecode/physionet,frozen,flatten,1,ridge,median_std_clip,completed,"{'total_params': 12687872, 'trainable_params': 0, 'trainable_pct': 0.0, 'method': 'frozen'}",23.969329833984375,0.4928728509404572,
8e9ucmvt,v9,,0,,braindecode/chbmit,frozen,flatten,1,ridge,median_std_clip,completed,"{'total_params': 12687872, 'trainable_params': 0, 'trainable_pct': 0.0, 'method': 'frozen'}",55.02237248420715,0.917310498755258,
8e9ucmvt,v9,,0,,braindecode/faced,frozen,flatten,1,ridge,median_std_clip,completed,"{'total_params': 12687872, 'trainable_params': 0, 'trainable_pct': 0.0, 'method': 'frozen'}",49.38123083114624,0.2539824306128654,
8e9ucmvt,v9,,0,,braindecode/isruc-sleep,frozen,flatten,1,ridge,median_std_clip,completed,"{'total_params': 12687872, 'trainable_params': 0, 'trainable_pct': 0.0, 'method': 'frozen'}",85.66082525253296,0.64568691291564,
8e9ucmvt,v9,,0,,braindecode/mdd_mumtaz2016,frozen,flatten,1,ridge,median_std_clip,completed,"{'total_params': 12687872, 'trainable_params': 0, 'trainable_pct': 0.0, 'method': 'frozen'}",15.606822729110718,0.8247583308362523,
8e9ucmvt,v9,,0,,braindecode/seed-v,frozen,flatten,1,ridge,median_std_clip,completed,"{'total_params': 12687872, 'trainable_params': 0, 'trainable_pct': 0.0, 'method': 'frozen'}",48.41988253593445,0.3013988008376577,
8e9ucmvt,v9,,0,,braindecode/seed-vig,frozen,flatten,1,ridge,median_std_clip,completed,"{'total_params': 12687872, 'trainable_params': 0, 'trainable_pct': 0.0, 'method': 'frozen'}",19.036715984344482,,-0.6862292207496195
8e9ucmvt,v9,,0,,braindecode/tuab,frozen,flatten,1,ridge,median_std_clip,completed,"{'total_params': 12687872, 'trainable_params': 0, 'trainable_pct': 0.0, 'method': 'frozen'}",56.902594566345215,0.7938556944217315,
8e9ucmvt,v9,,0,,braindecode/tuev,frozen,flatten,1,ridge,median_std_clip,completed,"{'total_params': 12687872, 'trainable_params': 0, 'trainable_pct': 0.0, 'method': 'frozen'}",13.125355243682861,0.8905831266075498,
8e9ucmvt,v9,,0,,braindecode/arithmetic_zyma2019,frozen,flatten,2,ridge,median_std_clip,completed,"{'total_params': 12687872, 'trainable_params': 0, 'trainable_pct': 0.0, 'method': 'frozen'}",11.49213981628418,0.6736111111111112,
8e9ucmvt,v9,,0,,braindecode/bcic2a,frozen,flatten,2,ridge,median_std_clip,completed,"{'total_params': 12687872, 'trainable_params': 0, 'trainable_pct': 0.0, 'method': 'frozen'}",9.023189067840576,0.3969907407407408,
8e9ucmvt,v9,,0,,braindecode/bcic2020-3,frozen,flatten,2,ridge,median_std_clip,completed,"{'total_params': 12687872, 'trainable_params': 0, 'trainable_pct': 0.0, 'method': 'frozen'}",21.897459268569946,0.30933333333333335,
8e9ucmvt,v9,,0,,braindecode/physionet,frozen,flatten,2,ridge,median_std_clip,completed,"{'total_params': 12687872, 'trainable_params': 0, 'trainable_pct': 0.0, 'method': 'frozen'}",25.00339698791504,0.4849658535637442,
8e9ucmvt,v9,,0,,braindecode/chbmit,frozen,flatten,2,ridge,median_std_clip,completed,"{'total_params': 12687872, 'trainable_params': 0, 'trainable_pct': 0.0, 'method': 'frozen'}",55.00567173957825,0.9386213408876298,
8e9ucmvt,v9,,0,,braindecode/faced,frozen,flatten,2,ridge,median_std_clip,completed,"{'total_params': 12687872, 'trainable_params': 0, 'trainable_pct': 0.0, 'method': 'frozen'}",55.03107142448425,0.25843600843600845,
8e9ucmvt,v9,,0,,braindecode/isruc-sleep,frozen,flatten,2,ridge,median_std_clip,completed,"{'total_params': 12687872, 'trainable_params': 0, 'trainable_pct': 0.0, 'method': 'frozen'}",90.90510511398315,0.6444447896817029,
8e9ucmvt,v9,,0,,braindecode/mdd_mumtaz2016,frozen,flatten,2,ridge,median_std_clip,completed,"{'total_params': 12687872, 'trainable_params': 0, 'trainable_pct': 0.0, 'method': 'frozen'}",16.640971422195435,0.8027055882050398,
8e9ucmvt,v9,,0,,braindecode/seed-v,frozen,flatten,2,ridge,median_std_clip,completed,"{'total_params': 12687872, 'trainable_params': 0, 'trainable_pct': 0.0, 'method': 'frozen'}",50.294092655181885,0.2989603082718831,
8e9ucmvt,v9,,0,,braindecode/seed-vig,frozen,flatten,2,ridge,median_std_clip,completed,"{'total_params': 12687872, 'trainable_params': 0, 'trainable_pct': 0.0, 'method': 'frozen'}",19.112610578536987,,-0.32827626215642414
8e9ucmvt,v9,,0,,braindecode/tuab,frozen,flatten,2,ridge,median_std_clip,completed,"{'total_params': 12687872, 'trainable_params': 0, 'trainable_pct': 0.0, 'method': 'frozen'}",57.53880167007446,0.8020387864505044,
8e9ucmvt,v9,,0,,braindecode/tuev,frozen,flatten,2,ridge,median_std_clip,completed,"{'total_params': 12687872, 'trainable_params': 0, 'trainable_pct': 0.0, 'method': 'frozen'}",13.047552347183228,0.899528169765151,
8e9ucmvt,v9,,0,,braindecode/arithmetic_zyma2019,frozen,flatten,3,ridge,median_std_clip,completed,"{'total_params': 12687872, 'trainable_params': 0, 'trainable_pct': 0.0, 'method': 'frozen'}",11.89187216758728,0.6909722222222223,
8e9ucmvt,v9,,0,,braindecode/bcic2a,frozen,flatten,3,ridge,median_std_clip,completed,"{'total_params': 12687872, 'trainable_params': 0, 'trainable_pct': 0.0, 'method': 'frozen'}",9.35292911529541,0.3912037037037037,
8e9ucmvt,v9,,0,,braindecode/bcic2020-3,frozen,flatten,3,ridge,median_std_clip,completed,"{'total_params': 12687872, 'trainable_params': 0, 'trainable_pct': 0.0, 'method': 'frozen'}",21.37451457977295,0.2866666666666667,
8e9ucmvt,v9,,0,,braindecode/physionet,frozen,flatten,3,ridge,median_std_clip,completed,"{'total_params': 12687872, 'trainable_params': 0, 'trainable_pct': 0.0, 'method': 'frozen'}",24.060924768447876,0.4855199502964929,
8e9ucmvt,v9,,0,,braindecode/chbmit,frozen,flatten,3,ridge,median_std_clip,completed,"{'total_params': 12687872, 'trainable_params': 0, 'trainable_pct': 0.0, 'method': 'frozen'}",52.8623526096344,0.8943471542621684,
8e9ucmvt,v9,,0,,braindecode/faced,frozen,flatten,3,ridge,median_std_clip,completed,"{'total_params': 12687872, 'trainable_params': 0, 'trainable_pct': 0.0, 'method': 'frozen'}",50.32061743736267,0.2436627382279556,
8e9ucmvt,v9,,0,,braindecode/isruc-sleep,frozen,flatten,3,ridge,median_std_clip,completed,"{'total_params': 12687872, 'trainable_params': 0, 'trainable_pct': 0.0, 'method': 'frozen'}",88.15210127830505,0.6463768557043027,
8e9ucmvt,v9,,0,,braindecode/mdd_mumtaz2016,frozen,flatten,3,ridge,median_std_clip,completed,"{'total_params': 12687872, 'trainable_params': 0, 'trainable_pct': 0.0, 'method': 'frozen'}",15.825558423995972,0.7786862605054844,
8e9ucmvt,v9,,0,,braindecode/seed-v,frozen,flatten,3,ridge,median_std_clip,completed,"{'total_params': 12687872, 'trainable_params': 0, 'trainable_pct': 0.0, 'method': 'frozen'}",48.0828595161438,0.3010978190986826,
8e9ucmvt,v9,,0,,braindecode/seed-vig,frozen,flatten,3,ridge,median_std_clip,completed,"{'total_params': 12687872, 'trainable_params': 0, 'trainable_pct': 0.0, 'method': 'frozen'}",23.155722618103027,,-0.33059363443502354
8e9ucmvt,v9,,0,,braindecode/tuab,frozen,flatten,3,ridge,median_std_clip,completed,"{'total_params': 12687872, 'trainable_params': 0, 'trainable_pct': 0.0, 'method': 'frozen'}",55.48265838623047,0.8058235680219,
8e9ucmvt,v9,,0,,braindecode/tuev,frozen,flatten,3,ridge,median_std_clip,completed,"{'total_params': 12687872, 'trainable_params': 0, 'trainable_pct': 0.0, 'method': 'frozen'}",12.446672201156616,0.8917406771959491,
8e9ucmvt,v9,,0,,braindecode/arithmetic_zyma2019,frozen,flatten,4,ridge,median_std_clip,completed,"{'total_params': 12687872, 'trainable_params': 0, 'trainable_pct': 0.0, 'method': 'frozen'}",11.578579425811768,0.6979166666666667,
8e9ucmvt,v9,,0,,braindecode/bcic2a,frozen,flatten,4,ridge,median_std_clip,completed,"{'total_params': 12687872, 'trainable_params': 0, 'trainable_pct': 0.0, 'method': 'frozen'}",9.049375057220459,0.38252314814814814,
8e9ucmvt,v9,,0,,braindecode/bcic2020-3,frozen,flatten,4,ridge,median_std_clip,completed,"{'total_params': 12687872, 'trainable_params': 0, 'trainable_pct': 0.0, 'method': 'frozen'}",19.457497358322144,0.3,
8e9ucmvt,v9,,0,,braindecode/physionet,frozen,flatten,4,ridge,median_std_clip,completed,"{'total_params': 12687872, 'trainable_params': 0, 'trainable_pct': 0.0, 'method': 'frozen'}",24.90507745742798,0.49062959964329544,
8e9ucmvt,v9,,0,,braindecode/chbmit,frozen,flatten,4,ridge,median_std_clip,completed,"{'total_params': 12687872, 'trainable_params': 0, 'trainable_pct': 0.0, 'method': 'frozen'}",54.278984785079956,0.9206155034766933,
8e9ucmvt,v9,,0,,braindecode/faced,frozen,flatten,4,ridge,median_std_clip,completed,"{'total_params': 12687872, 'trainable_params': 0, 'trainable_pct': 0.0, 'method': 'frozen'}",50.01554608345032,0.2523726273726274,
8e9ucmvt,v9,,0,,braindecode/isruc-sleep,frozen,flatten,4,ridge,median_std_clip,completed,"{'total_params': 12687872, 'trainable_params': 0, 'trainable_pct': 0.0, 'method': 'frozen'}",88.94734358787537,0.6435766867703216,
8e9ucmvt,v9,,0,,braindecode/mdd_mumtaz2016,frozen,flatten,4,ridge,median_std_clip,completed,"{'total_params': 12687872, 'trainable_params': 0, 'trainable_pct': 0.0, 'method': 'frozen'}",17.816511869430542,0.8050008448916914,
8e9ucmvt,v9,,0,,braindecode/seed-v,frozen,flatten,4,ridge,median_std_clip,completed,"{'total_params': 12687872, 'trainable_params': 0, 'trainable_pct': 0.0, 'method': 'frozen'}",50.79985570907593,0.2993802594706221,
8e9ucmvt,v9,,0,,braindecode/seed-vig,frozen,flatten,4,ridge,median_std_clip,completed,"{'total_params': 12687872, 'trainable_params': 0, 'trainable_pct': 0.0, 'method': 'frozen'}",22.990639686584473,,-0.335576228462402
8e9ucmvt,v9,,0,,braindecode/tuab,frozen,flatten,4,ridge,median_std_clip,completed,"{'total_params': 12687872, 'trainable_params': 0, 'trainable_pct': 0.0, 'method': 'frozen'}",57.0874228477478,0.796478103375277,
8e9ucmvt,v9,,0,,braindecode/tuev,frozen,flatten,4,ridge,median_std_clip,completed,"{'total_params': 12687872, 'trainable_params': 0, 'trainable_pct': 0.0, 'method': 'frozen'}",13.341501951217651,0.8929277924049366,
6pryn4us,v9,,0,,braindecode/arithmetic_zyma2019,frozen,flatten,0,ridge,median_std_clip,completed,"{'total_params': 12687872, 'trainable_params': 0, 'trainable_pct': 0.0, 'method': 'frozen'}",12.248217582702637,0.6909722222222222,
6pryn4us,v9,,0,,braindecode/bcic2a,frozen,flatten,0,ridge,median_std_clip,completed,"{'total_params': 12687872, 'trainable_params': 0, 'trainable_pct': 0.0, 'method': 'frozen'}",9.379252910614014,0.43113425925925924,
6pryn4us,v9,,0,,braindecode/bcic2020-3,frozen,flatten,0,ridge,median_std_clip,completed,"{'total_params': 12687872, 'trainable_params': 0, 'trainable_pct': 0.0, 'method': 'frozen'}",21.86716866493225,0.24,
6pryn4us,v9,,0,,braindecode/physionet,frozen,flatten,0,ridge,median_std_clip,completed,"{'total_params': 12687872, 'trainable_params': 0, 'trainable_pct': 0.0, 'method': 'frozen'}",23.582714796066284,0.5019841125082318,
6pryn4us,v9,,0,,braindecode/chbmit,frozen,flatten,0,ridge,median_std_clip,completed,"{'total_params': 12687872, 'trainable_params': 0, 'trainable_pct': 0.0, 'method': 'frozen'}",55.253817558288574,0.9534294789252297,
6pryn4us,v9,,0,,braindecode/faced,frozen,flatten,0,ridge,median_std_clip,completed,"{'total_params': 12687872, 'trainable_params': 0, 'trainable_pct': 0.0, 'method': 'frozen'}",50.59865069389343,0.26313285144806886,
6pryn4us,v9,,0,,braindecode/isruc-sleep,frozen,flatten,0,ridge,median_std_clip,completed,"{'total_params': 12687872, 'trainable_params': 0, 'trainable_pct': 0.0, 'method': 'frozen'}",86.88931155204773,0.7199780332154777,
6pryn4us,v9,,0,,braindecode/mdd_mumtaz2016,frozen,flatten,0,ridge,median_std_clip,completed,"{'total_params': 12687872, 'trainable_params': 0, 'trainable_pct': 0.0, 'method': 'frozen'}",16.186885118484497,0.7982300928836397,
6pryn4us,v9,,0,,braindecode/seed-v,frozen,flatten,0,ridge,median_std_clip,completed,"{'total_params': 12687872, 'trainable_params': 0, 'trainable_pct': 0.0, 'method': 'frozen'}",50.58990836143494,0.30303160103606175,
6pryn4us,v9,,0,,braindecode/seed-vig,frozen,flatten,0,ridge,median_std_clip,completed,"{'total_params': 12687872, 'trainable_params': 0, 'trainable_pct': 0.0, 'method': 'frozen'}",23.04690670967102,,-0.31083198427572745
6pryn4us,v9,,0,,braindecode/tuab,frozen,flatten,0,ridge,median_std_clip,completed,"{'total_params': 12687872, 'trainable_params': 0, 'trainable_pct': 0.0, 'method': 'frozen'}",55.01689076423645,0.7805241121612569,
6pryn4us,v9,,0,,braindecode/tuev,frozen,flatten,0,ridge,median_std_clip,completed,"{'total_params': 12687872, 'trainable_params': 0, 'trainable_pct': 0.0, 'method': 'frozen'}",12.399692058563232,0.9058486343495465,
6pryn4us,v9,,0,,braindecode/arithmetic_zyma2019,frozen,flatten,1,ridge,median_std_clip,completed,"{'total_params': 12687872, 'trainable_params': 0, 'trainable_pct': 0.0, 'method': 'frozen'}",11.046339988708496,0.6527777777777778,
6pryn4us,v9,,0,,braindecode/bcic2a,frozen,flatten,1,ridge,median_std_clip,completed,"{'total_params': 12687872, 'trainable_params': 0, 'trainable_pct': 0.0, 'method': 'frozen'}",8.688509225845337,0.44386574074074076,
6pryn4us,v9,,0,,braindecode/bcic2020-3,frozen,flatten,1,ridge,median_std_clip,completed,"{'total_params': 12687872, 'trainable_params': 0, 'trainable_pct': 0.0, 'method': 'frozen'}",19.554083824157715,0.2786666666666667,
6pryn4us,v9,,0,,braindecode/physionet,frozen,flatten,1,ridge,median_std_clip,completed,"{'total_params': 12687872, 'trainable_params': 0, 'trainable_pct': 0.0, 'method': 'frozen'}",24.88049817085266,0.5297157469227199,
6pryn4us,v9,,0,,braindecode/chbmit,frozen,flatten,1,ridge,median_std_clip,completed,"{'total_params': 12687872, 'trainable_params': 0, 'trainable_pct': 0.0, 'method': 'frozen'}",52.87914824485779,0.7384324834749765,
6pryn4us,v9,,0,,braindecode/faced,frozen,flatten,1,ridge,median_std_clip,completed,"{'total_params': 12687872, 'trainable_params': 0, 'trainable_pct': 0.0, 'method': 'frozen'}",51.28701663017273,0.25817811415637504,
6pryn4us,v9,,0,,braindecode/isruc-sleep,frozen,flatten,1,ridge,median_std_clip,completed,"{'total_params': 12687872, 'trainable_params': 0, 'trainable_pct': 0.0, 'method': 'frozen'}",88.13429737091064,0.7219849241474279,
6pryn4us,v9,,0,,braindecode/mdd_mumtaz2016,frozen,flatten,1,ridge,median_std_clip,completed,"{'total_params': 12687872, 'trainable_params': 0, 'trainable_pct': 0.0, 'method': 'frozen'}",15.977949619293213,0.8091519951402686,
6pryn4us,v9,,0,,braindecode/seed-v,frozen,flatten,1,ridge,median_std_clip,completed,"{'total_params': 12687872, 'trainable_params': 0, 'trainable_pct': 0.0, 'method': 'frozen'}",50.68852925300598,0.3029750801104743,
6pryn4us,v9,,0,,braindecode/seed-vig,frozen,flatten,1,ridge,median_std_clip,completed,"{'total_params': 12687872, 'trainable_params': 0, 'trainable_pct': 0.0, 'method': 'frozen'}",23.163054704666138,,-0.19550285381627996
6pryn4us,v9,,0,,braindecode/tuab,frozen,flatten,1,ridge,median_std_clip,completed,"{'total_params': 12687872, 'trainable_params': 0, 'trainable_pct': 0.0, 'method': 'frozen'}",58.29179620742798,0.7827477693422611,
6pryn4us,v9,,0,,braindecode/tuev,frozen,flatten,1,ridge,median_std_clip,completed,"{'total_params': 12687872, 'trainable_params': 0, 'trainable_pct': 0.0, 'method': 'frozen'}",12.955429077148438,0.954639278670767,
6pryn4us,v9,,0,,braindecode/arithmetic_zyma2019,frozen,flatten,2,ridge,median_std_clip,completed,"{'total_params': 12687872, 'trainable_params': 0, 'trainable_pct': 0.0, 'method': 'frozen'}",11.658977508544922,0.5833333333333333,
6pryn4us,v9,,0,,braindecode/bcic2a,frozen,flatten,2,ridge,median_std_clip,completed,"{'total_params': 12687872, 'trainable_params': 0, 'trainable_pct': 0.0, 'method': 'frozen'}",9.23750638961792,0.4502314814814815,
6pryn4us,v9,,0,,braindecode/bcic2020-3,frozen,flatten,2,ridge,median_std_clip,completed,"{'total_params': 12687872, 'trainable_params': 0, 'trainable_pct': 0.0, 'method': 'frozen'}",21.225468397140503,0.24133333333333332,
6pryn4us,v9,,0,,braindecode/physionet,frozen,flatten,2,ridge,median_std_clip,completed,"{'total_params': 12687872, 'trainable_params': 0, 'trainable_pct': 0.0, 'method': 'frozen'}",24.008028030395508,0.5477897473743216,
6pryn4us,v9,,0,,braindecode/chbmit,frozen,flatten,2,ridge,median_std_clip,completed,"{'total_params': 12687872, 'trainable_params': 0, 'trainable_pct': 0.0, 'method': 'frozen'}",54.517053842544556,0.8089750193149626,
6pryn4us,v9,,0,,braindecode/faced,frozen,flatten,2,ridge,median_std_clip,completed,"{'total_params': 12687872, 'trainable_params': 0, 'trainable_pct': 0.0, 'method': 'frozen'}",51.44017839431763,0.26308866254518426,
6pryn4us,v9,,0,,braindecode/isruc-sleep,frozen,flatten,2,ridge,median_std_clip,completed,"{'total_params': 12687872, 'trainable_params': 0, 'trainable_pct': 0.0, 'method': 'frozen'}",87.59919142723083,0.7162497355381517,
6pryn4us,v9,,0,,braindecode/mdd_mumtaz2016,frozen,flatten,2,ridge,median_std_clip,completed,"{'total_params': 12687872, 'trainable_params': 0, 'trainable_pct': 0.0, 'method': 'frozen'}",16.53956437110901,0.8614930354284768,
6pryn4us,v9,,0,,braindecode/seed-v,frozen,flatten,2,ridge,median_std_clip,completed,"{'total_params': 12687872, 'trainable_params': 0, 'trainable_pct': 0.0, 'method': 'frozen'}",48.50829005241394,0.30257212824514745,
6pryn4us,v9,,0,,braindecode/seed-vig,frozen,flatten,2,ridge,median_std_clip,completed,"{'total_params': 12687872, 'trainable_params': 0, 'trainable_pct': 0.0, 'method': 'frozen'}",24.10836434364319,,-0.28454115898150567
6pryn4us,v9,,0,,braindecode/tuab,frozen,flatten,2,ridge,median_std_clip,completed,"{'total_params': 12687872, 'trainable_params': 0, 'trainable_pct': 0.0, 'method': 'frozen'}",57.205211877822876,0.780278532593477,
6pryn4us,v9,,0,,braindecode/tuev,frozen,flatten,2,ridge,median_std_clip,completed,"{'total_params': 12687872, 'trainable_params': 0, 'trainable_pct': 0.0, 'method': 'frozen'}",13.16681694984436,0.9567363225038797,
6pryn4us,v9,,0,,braindecode/arithmetic_zyma2019,frozen,flatten,3,ridge,median_std_clip,completed,"{'total_params': 12687872, 'trainable_params': 0, 'trainable_pct': 0.0, 'method': 'frozen'}",11.371439933776855,0.7048611111111112,
6pryn4us,v9,,0,,braindecode/bcic2a,frozen,flatten,3,ridge,median_std_clip,completed,"{'total_params': 12687872, 'trainable_params': 0, 'trainable_pct': 0.0, 'method': 'frozen'}",8.94433856010437,0.41724537037037035,
6pryn4us,v9,,0,,braindecode/bcic2020-3,frozen,flatten,3,ridge,median_std_clip,completed,"{'total_params': 12687872, 'trainable_params': 0, 'trainable_pct': 0.0, 'method': 'frozen'}",20.99928092956543,0.2506666666666667,
6pryn4us,v9,,0,,braindecode/physionet,frozen,flatten,3,ridge,median_std_clip,completed,"{'total_params': 12687872, 'trainable_params': 0, 'trainable_pct': 0.0, 'method': 'frozen'}",23.85409164428711,0.5444229871146236,
6pryn4us,v9,,0,,braindecode/chbmit,frozen,flatten,3,ridge,median_std_clip,completed,"{'total_params': 12687872, 'trainable_params': 0, 'trainable_pct': 0.0, 'method': 'frozen'}",52.56212306022644,0.8970512490342519,
6pryn4us,v9,,0,,braindecode/faced,frozen,flatten,3,ridge,median_std_clip,completed,"{'total_params': 12687872, 'trainable_params': 0, 'trainable_pct': 0.0, 'method': 'frozen'}",50.43018126487732,0.2701555690686125,
6pryn4us,v9,,0,,braindecode/isruc-sleep,frozen,flatten,3,ridge,median_std_clip,completed,"{'total_params': 12687872, 'trainable_params': 0, 'trainable_pct': 0.0, 'method': 'frozen'}",86.63348650932312,0.7206351684898994,
6pryn4us,v9,,0,,braindecode/mdd_mumtaz2016,frozen,flatten,3,ridge,median_std_clip,completed,"{'total_params': 12687872, 'trainable_params': 0, 'trainable_pct': 0.0, 'method': 'frozen'}",15.858301401138306,0.777919538309956,
6pryn4us,v9,,0,,braindecode/seed-v,frozen,flatten,3,ridge,median_std_clip,completed,"{'total_params': 12687872, 'trainable_params': 0, 'trainable_pct': 0.0, 'method': 'frozen'}",50.081297159194946,0.306013841922027,
6pryn4us,v9,,0,,braindecode/seed-vig,frozen,flatten,3,ridge,median_std_clip,completed,"{'total_params': 12687872, 'trainable_params': 0, 'trainable_pct': 0.0, 'method': 'frozen'}",19.121649265289307,,-0.32370896538470584
6pryn4us,v9,,0,,braindecode/tuab,frozen,flatten,3,ridge,median_std_clip,completed,"{'total_params': 12687872, 'trainable_params': 0, 'trainable_pct': 0.0, 'method': 'frozen'}",56.33235454559326,0.8074289359376154,
6pryn4us,v9,,0,,braindecode/tuev,frozen,flatten,3,ridge,median_std_clip,completed,"{'total_params': 12687872, 'trainable_params': 0, 'trainable_pct': 0.0, 'method': 'frozen'}",13.245786428451538,0.9548686265326419,
6pryn4us,v9,,0,,braindecode/arithmetic_zyma2019,frozen,flatten,4,ridge,median_std_clip,completed,"{'total_params': 12687872, 'trainable_params': 0, 'trainable_pct': 0.0, 'method': 'frozen'}",13.391733646392822,0.6805555555555556,
6pryn4us,v9,,0,,braindecode/bcic2a,frozen,flatten,4,ridge,median_std_clip,completed,"{'total_params': 12687872, 'trainable_params': 0, 'trainable_pct': 0.0, 'method': 'frozen'}",9.00170373916626,0.40798611111111116,
6pryn4us,v9,,0,,braindecode/bcic2020-3,frozen,flatten,4,ridge,median_std_clip,completed,"{'total_params': 12687872, 'trainable_params': 0, 'trainable_pct': 0.0, 'method': 'frozen'}",21.334519386291504,0.2733333333333333,
6pryn4us,v9,,0,,braindecode/physionet,frozen,flatten,4,ridge,median_std_clip,completed,"{'total_params': 12687872, 'trainable_params': 0, 'trainable_pct': 0.0, 'method': 'frozen'}",23.969083786010742,0.5302813693631646,
6pryn4us,v9,,0,,braindecode/chbmit,frozen,flatten,4,ridge,median_std_clip,completed,"{'total_params': 12687872, 'trainable_params': 0, 'trainable_pct': 0.0, 'method': 'frozen'}",56.347620725631714,0.8047257275302602,
6pryn4us,v9,,0,,braindecode/faced,frozen,flatten,4,ridge,median_std_clip,completed,"{'total_params': 12687872, 'trainable_params': 0, 'trainable_pct': 0.0, 'method': 'frozen'}",51.47959804534912,0.2645849018131627,
6pryn4us,v9,,0,,braindecode/isruc-sleep,frozen,flatten,4,ridge,median_std_clip,completed,"{'total_params': 12687872, 'trainable_params': 0, 'trainable_pct': 0.0, 'method': 'frozen'}",88.97081470489502,0.7225185199626831,
6pryn4us,v9,,0,,braindecode/mdd_mumtaz2016,frozen,flatten,4,ridge,median_std_clip,completed,"{'total_params': 12687872, 'trainable_params': 0, 'trainable_pct': 0.0, 'method': 'frozen'}",16.76523756980896,0.8575630737412524,
6pryn4us,v9,,0,,braindecode/seed-v,frozen,flatten,4,ridge,median_std_clip,completed,"{'total_params': 12687872, 'trainable_params': 0, 'trainable_pct': 0.0, 'method': 'frozen'}",49.77207326889038,0.30258711785705017,
6pryn4us,v9,,0,,braindecode/seed-vig,frozen,flatten,4,ridge,median_std_clip,completed,"{'total_params': 12687872, 'trainable_params': 0, 'trainable_pct': 0.0, 'method': 'frozen'}",23.395620107650757,,-0.2868402111615256
6pryn4us,v9,,0,,braindecode/tuab,frozen,flatten,4,ridge,median_std_clip,completed,"{'total_params': 12687872, 'trainable_params': 0, 'trainable_pct': 0.0, 'method': 'frozen'}",56.02169227600098,0.7868831388485034,
6pryn4us,v9,,0,,braindecode/tuev,frozen,flatten,4,ridge,median_std_clip,completed,"{'total_params': 12687872, 'trainable_params': 0, 'trainable_pct': 0.0, 'method': 'frozen'}",12.453013896942139,0.9074756911115869,
khnj6and,v9,,0,,braindecode/arithmetic_zyma2019,frozen,flatten,0,ridge,median_std_clip,completed,"{'total_params': 12687872, 'trainable_params': 0, 'trainable_pct': 0.0, 'method': 'frozen'}",11.96480917930603,0.6770833333333333,
khnj6and,v9,,0,,braindecode/bcic2a,frozen,flatten,0,ridge,median_std_clip,completed,"{'total_params': 12687872, 'trainable_params': 0, 'trainable_pct': 0.0, 'method': 'frozen'}",9.158384561538696,0.3628472222222222,
khnj6and,v9,,0,,braindecode/bcic2020-3,frozen,flatten,0,ridge,median_std_clip,completed,"{'total_params': 12687872, 'trainable_params': 0, 'trainable_pct': 0.0, 'method': 'frozen'}",21.566920518875122,0.25999999999999995,
khnj6and,v9,,0,,braindecode/physionet,frozen,flatten,0,ridge,median_std_clip,completed,"{'total_params': 12687872, 'trainable_params': 0, 'trainable_pct': 0.0, 'method': 'frozen'}",23.72235631942749,0.4753618383163881,
khnj6and,v9,,0,,braindecode/chbmit,frozen,flatten,0,ridge,median_std_clip,completed,"{'total_params': 12687872, 'trainable_params': 0, 'trainable_pct': 0.0, 'method': 'frozen'}",54.8197500705719,0.8987681346038287,
khnj6and,v9,,0,,braindecode/faced,frozen,flatten,0,ridge,median_std_clip,completed,"{'total_params': 12687872, 'trainable_params': 0, 'trainable_pct': 0.0, 'method': 'frozen'}",49.7702796459198,0.25759506194288806,
khnj6and,v9,,0,,braindecode/isruc-sleep,frozen,flatten,0,ridge,median_std_clip,completed,"{'total_params': 12687872, 'trainable_params': 0, 'trainable_pct': 0.0, 'method': 'frozen'}",85.65243697166443,0.6626653273114969,
khnj6and,v9,,0,,braindecode/mdd_mumtaz2016,frozen,flatten,0,ridge,median_std_clip,completed,"{'total_params': 12687872, 'trainable_params': 0, 'trainable_pct': 0.0, 'method': 'frozen'}",15.6089346408844,0.8451825909143322,
khnj6and,v9,,0,,braindecode/seed-v,frozen,flatten,0,ridge,median_std_clip,completed,"{'total_params': 12687872, 'trainable_params': 0, 'trainable_pct': 0.0, 'method': 'frozen'}",48.20485758781433,0.30453019052086294,
khnj6and,v9,,0,,braindecode/seed-vig,frozen,flatten,0,ridge,median_std_clip,completed,"{'total_params': 12687872, 'trainable_params': 0, 'trainable_pct': 0.0, 'method': 'frozen'}",23.144856691360474,,-0.322926006258603
khnj6and,v9,,0,,braindecode/tuab,frozen,flatten,0,ridge,median_std_clip,completed,"{'total_params': 12687872, 'trainable_params': 0, 'trainable_pct': 0.0, 'method': 'frozen'}",56.47695779800415,0.8022362021805898,
khnj6and,v9,,0,,braindecode/tuev,frozen,flatten,0,ridge,median_std_clip,completed,"{'total_params': 12687872, 'trainable_params': 0, 'trainable_pct': 0.0, 'method': 'frozen'}",13.174277305603027,0.865259478075882,
khnj6and,v9,,0,,braindecode/arithmetic_zyma2019,frozen,flatten,1,ridge,median_std_clip,completed,"{'total_params': 12687872, 'trainable_params': 0, 'trainable_pct': 0.0, 'method': 'frozen'}",11.524778127670288,0.6840277777777778,
khnj6and,v9,,0,,braindecode/bcic2a,frozen,flatten,1,ridge,median_std_clip,completed,"{'total_params': 12687872, 'trainable_params': 0, 'trainable_pct': 0.0, 'method': 'frozen'}",9.564818620681763,0.36516203703703703,
khnj6and,v9,,0,,braindecode/bcic2020-3,frozen,flatten,1,ridge,median_std_clip,completed,"{'total_params': 12687872, 'trainable_params': 0, 'trainable_pct': 0.0, 'method': 'frozen'}",22.621068954467773,0.2773333333333333,
khnj6and,v9,,0,,braindecode/physionet,frozen,flatten,1,ridge,median_std_clip,completed,"{'total_params': 12687872, 'trainable_params': 0, 'trainable_pct': 0.0, 'method': 'frozen'}",23.400458097457886,0.48046900938994574,
khnj6and,v9,,0,,braindecode/chbmit,frozen,flatten,1,ridge,median_std_clip,completed,"{'total_params': 12687872, 'trainable_params': 0, 'trainable_pct': 0.0, 'method': 'frozen'}",54.239296197891235,0.9297579191346896,
khnj6and,v9,,0,,braindecode/faced,frozen,flatten,1,ridge,median_std_clip,completed,"{'total_params': 12687872, 'trainable_params': 0, 'trainable_pct': 0.0, 'method': 'frozen'}",53.85000967979431,0.2500348383500557,
khnj6and,v9,,0,,braindecode/isruc-sleep,frozen,flatten,1,ridge,median_std_clip,completed,"{'total_params': 12687872, 'trainable_params': 0, 'trainable_pct': 0.0, 'method': 'frozen'}",90.93529868125916,0.6557920177202661,
khnj6and,v9,,0,,braindecode/mdd_mumtaz2016,frozen,flatten,1,ridge,median_std_clip,completed,"{'total_params': 12687872, 'trainable_params': 0, 'trainable_pct': 0.0, 'method': 'frozen'}",15.96099328994751,0.8456672126216125,
khnj6and,v9,,0,,braindecode/seed-v,frozen,flatten,1,ridge,median_std_clip,completed,"{'total_params': 12687872, 'trainable_params': 0, 'trainable_pct': 0.0, 'method': 'frozen'}",49.987186908721924,0.30729304488288844,
khnj6and,v9,,0,,braindecode/seed-vig,frozen,flatten,1,ridge,median_std_clip,completed,"{'total_params': 12687872, 'trainable_params': 0, 'trainable_pct': 0.0, 'method': 'frozen'}",23.392746210098267,,-0.2952104739896664
khnj6and,v9,,0,,braindecode/tuab,frozen,flatten,1,ridge,median_std_clip,completed,"{'total_params': 12687872, 'trainable_params': 0, 'trainable_pct': 0.0, 'method': 'frozen'}",57.224379539489746,0.7969384600564973,
khnj6and,v9,,0,,braindecode/tuev,frozen,flatten,1,ridge,median_std_clip,completed,"{'total_params': 12687872, 'trainable_params': 0, 'trainable_pct': 0.0, 'method': 'frozen'}",13.137726068496704,0.8709415817905501,
khnj6and,v9,,0,,braindecode/arithmetic_zyma2019,frozen,flatten,2,ridge,median_std_clip,completed,"{'total_params': 12687872, 'trainable_params': 0, 'trainable_pct': 0.0, 'method': 'frozen'}",11.760824918746948,0.7430555555555556,
khnj6and,v9,,0,,braindecode/bcic2a,frozen,flatten,2,ridge,median_std_clip,completed,"{'total_params': 12687872, 'trainable_params': 0, 'trainable_pct': 0.0, 'method': 'frozen'}",9.458246231079102,0.38946759259259256,
khnj6and,v9,,0,,braindecode/bcic2020-3,frozen,flatten,2,ridge,median_std_clip,completed,"{'total_params': 12687872, 'trainable_params': 0, 'trainable_pct': 0.0, 'method': 'frozen'}",21.192877292633057,0.2773333333333333,
khnj6and,v9,,0,,braindecode/physionet,frozen,flatten,2,ridge,median_std_clip,completed,"{'total_params': 12687872, 'trainable_params': 0, 'trainable_pct': 0.0, 'method': 'frozen'}",25.389523029327393,0.475937732852011,
khnj6and,v9,,0,,braindecode/chbmit,frozen,flatten,2,ridge,median_std_clip,completed,"{'total_params': 12687872, 'trainable_params': 0, 'trainable_pct': 0.0, 'method': 'frozen'}",52.87355303764343,0.8980599193063783,
khnj6and,v9,,0,,braindecode/faced,frozen,flatten,2,ridge,median_std_clip,completed,"{'total_params': 12687872, 'trainable_params': 0, 'trainable_pct': 0.0, 'method': 'frozen'}",51.39368200302124,0.261671299714778,
khnj6and,v9,,0,,braindecode/isruc-sleep,frozen,flatten,2,ridge,median_std_clip,completed,"{'total_params': 12687872, 'trainable_params': 0, 'trainable_pct': 0.0, 'method': 'frozen'}",89.07451105117798,0.6628127892398201,
khnj6and,v9,,0,,braindecode/mdd_mumtaz2016,frozen,flatten,2,ridge,median_std_clip,completed,"{'total_params': 12687872, 'trainable_params': 0, 'trainable_pct': 0.0, 'method': 'frozen'}",15.74137258529663,0.8492839615833874,
khnj6and,v9,,0,,braindecode/seed-v,frozen,flatten,2,ridge,median_std_clip,completed,"{'total_params': 12687872, 'trainable_params': 0, 'trainable_pct': 0.0, 'method': 'frozen'}",48.004382848739624,0.3046080347444621,
khnj6and,v9,,0,,braindecode/seed-vig,frozen,flatten,2,ridge,median_std_clip,completed,"{'total_params': 12687872, 'trainable_params': 0, 'trainable_pct': 0.0, 'method': 'frozen'}",23.302591562271118,,-0.3133564455675897
khnj6and,v9,,0,,braindecode/tuab,frozen,flatten,2,ridge,median_std_clip,completed,"{'total_params': 12687872, 'trainable_params': 0, 'trainable_pct': 0.0, 'method': 'frozen'}",55.457581996917725,0.7944431812326807,
khnj6and,v9,,0,,braindecode/tuev,frozen,flatten,2,ridge,median_std_clip,completed,"{'total_params': 12687872, 'trainable_params': 0, 'trainable_pct': 0.0, 'method': 'frozen'}",12.438647985458374,0.8647109438715671,
khnj6and,v9,,0,,braindecode/arithmetic_zyma2019,frozen,flatten,3,ridge,median_std_clip,completed,"{'total_params': 12687872, 'trainable_params': 0, 'trainable_pct': 0.0, 'method': 'frozen'}",11.621834516525269,0.7013888888888888,
khnj6and,v9,,0,,braindecode/bcic2a,frozen,flatten,3,ridge,median_std_clip,completed,"{'total_params': 12687872, 'trainable_params': 0, 'trainable_pct': 0.0, 'method': 'frozen'}",9.162123203277588,0.37905092592592593,
khnj6and,v9,,0,,braindecode/bcic2020-3,frozen,flatten,3,ridge,median_std_clip,completed,"{'total_params': 12687872, 'trainable_params': 0, 'trainable_pct': 0.0, 'method': 'frozen'}",21.648701190948486,0.2693333333333333,
khnj6and,v9,,0,,braindecode/physionet,frozen,flatten,3,ridge,median_std_clip,completed,"{'total_params': 12687872, 'trainable_params': 0, 'trainable_pct': 0.0, 'method': 'frozen'}",24.328551054000854,0.4747924550383909,
khnj6and,v9,,0,,braindecode/chbmit,frozen,flatten,3,ridge,median_std_clip,completed,"{'total_params': 12687872, 'trainable_params': 0, 'trainable_pct': 0.0, 'method': 'frozen'}",54.141775608062744,0.8736157610095288,
khnj6and,v9,,0,,braindecode/faced,frozen,flatten,3,ridge,median_std_clip,completed,"{'total_params': 12687872, 'trainable_params': 0, 'trainable_pct': 0.0, 'method': 'frozen'}",50.38484168052673,0.2675530990748382,
khnj6and,v9,,0,,braindecode/isruc-sleep,frozen,flatten,3,ridge,median_std_clip,completed,"{'total_params': 12687872, 'trainable_params': 0, 'trainable_pct': 0.0, 'method': 'frozen'}",89.96397066116333,0.6629782936015861,
khnj6and,v9,,0,,braindecode/mdd_mumtaz2016,frozen,flatten,3,ridge,median_std_clip,completed,"{'total_params': 12687872, 'trainable_params': 0, 'trainable_pct': 0.0, 'method': 'frozen'}",17.724225759506226,0.8487105241614717,
khnj6and,v9,,0,,braindecode/seed-v,frozen,flatten,3,ridge,median_std_clip,completed,"{'total_params': 12687872, 'trainable_params': 0, 'trainable_pct': 0.0, 'method': 'frozen'}",51.31633472442627,0.3038533133066226,
khnj6and,v9,,0,,braindecode/seed-vig,frozen,flatten,3,ridge,median_std_clip,completed,"{'total_params': 12687872, 'trainable_params': 0, 'trainable_pct': 0.0, 'method': 'frozen'}",22.85223960876465,,-0.7382015506513604
khnj6and,v9,,0,,braindecode/tuab,frozen,flatten,3,ridge,median_std_clip,completed,"{'total_params': 12687872, 'trainable_params': 0, 'trainable_pct': 0.0, 'method': 'frozen'}",56.17283320426941,0.7964251791582754,
khnj6and,v9,,0,,braindecode/tuev,frozen,flatten,3,ridge,median_std_clip,completed,"{'total_params': 12687872, 'trainable_params': 0, 'trainable_pct': 0.0, 'method': 'frozen'}",13.324371337890625,0.857794767179271,
khnj6and,v9,,0,,braindecode/arithmetic_zyma2019,frozen,flatten,4,ridge,median_std_clip,completed,"{'total_params': 12687872, 'trainable_params': 0, 'trainable_pct': 0.0, 'method': 'frozen'}",11.880040407180786,0.7256944444444444,
khnj6and,v9,,0,,braindecode/bcic2a,frozen,flatten,4,ridge,median_std_clip,completed,"{'total_params': 12687872, 'trainable_params': 0, 'trainable_pct': 0.0, 'method': 'frozen'}",8.8945894241333,0.3912037037037037,
khnj6and,v9,,0,,braindecode/bcic2020-3,frozen,flatten,4,ridge,median_std_clip,completed,"{'total_params': 12687872, 'trainable_params': 0, 'trainable_pct': 0.0, 'method': 'frozen'}",21.571122646331787,0.276,
khnj6and,v9,,0,,braindecode/physionet,frozen,flatten,4,ridge,median_std_clip,completed,"{'total_params': 12687872, 'trainable_params': 0, 'trainable_pct': 0.0, 'method': 'frozen'}",21.328315496444702,0.46519493367758635,
khnj6and,v9,,0,,braindecode/chbmit,frozen,flatten,4,ridge,median_std_clip,completed,"{'total_params': 12687872, 'trainable_params': 0, 'trainable_pct': 0.0, 'method': 'frozen'}",55.6771764755249,0.8298137179157009,
khnj6and,v9,,0,,braindecode/faced,frozen,flatten,4,ridge,median_std_clip,completed,"{'total_params': 12687872, 'trainable_params': 0, 'trainable_pct': 0.0, 'method': 'frozen'}",50.060298919677734,0.26070110445110445,
khnj6and,v9,,0,,braindecode/isruc-sleep,frozen,flatten,4,ridge,median_std_clip,completed,"{'total_params': 12687872, 'trainable_params': 0, 'trainable_pct': 0.0, 'method': 'frozen'}",86.40694284439087,0.6630783531901715,
khnj6and,v9,,0,,braindecode/mdd_mumtaz2016,frozen,flatten,4,ridge,median_std_clip,completed,"{'total_params': 12687872, 'trainable_params': 0, 'trainable_pct': 0.0, 'method': 'frozen'}",16.52036690711975,0.8449285886653064,
khnj6and,v9,,0,,braindecode/seed-v,frozen,flatten,4,ridge,median_std_clip,completed,"{'total_params': 12687872, 'trainable_params': 0, 'trainable_pct': 0.0, 'method': 'frozen'}",49.89914846420288,0.3051120165894865,
khnj6and,v9,,0,,braindecode/seed-vig,frozen,flatten,4,ridge,median_std_clip,completed,"{'total_params': 12687872, 'trainable_params': 0, 'trainable_pct': 0.0, 'method': 'frozen'}",23.253011226654053,,-0.31430762504929843
khnj6and,v9,,0,,braindecode/tuab,frozen,flatten,4,ridge,median_std_clip,completed,"{'total_params': 12687872, 'trainable_params': 0, 'trainable_pct': 0.0, 'method': 'frozen'}",54.79091286659241,0.7987278026313136,
khnj6and,v9,,0,,braindecode/tuev,frozen,flatten,4,ridge,median_std_clip,completed,"{'total_params': 12687872, 'trainable_params': 0, 'trainable_pct': 0.0, 'method': 'frozen'}",12.426713943481445,0.866242983177901,
mtbmkrzi,v9,,0,,braindecode/arithmetic_zyma2019,frozen,flatten,0,ridge,median_std_clip,completed,"{'total_params': 12687872, 'trainable_params': 0, 'trainable_pct': 0.0, 'method': 'frozen'}",11.052836656570435,0.7951388888888888,
mtbmkrzi,v9,,0,,braindecode/bcic2a,frozen,flatten,0,ridge,median_std_clip,completed,"{'total_params': 12687872, 'trainable_params': 0, 'trainable_pct': 0.0, 'method': 'frozen'}",9.31351375579834,0.40046296296296297,
mtbmkrzi,v9,,0,,braindecode/bcic2020-3,frozen,flatten,0,ridge,median_std_clip,completed,"{'total_params': 12687872, 'trainable_params': 0, 'trainable_pct': 0.0, 'method': 'frozen'}",21.199699878692627,0.268,
mtbmkrzi,v9,,0,,braindecode/physionet,frozen,flatten,0,ridge,median_std_clip,completed,"{'total_params': 12687872, 'trainable_params': 0, 'trainable_pct': 0.0, 'method': 'frozen'}",23.78824472427368,0.5138478728876513,
mtbmkrzi,v9,,0,,braindecode/chbmit,frozen,flatten,0,ridge,median_std_clip,completed,"{'total_params': 12687872, 'trainable_params': 0, 'trainable_pct': 0.0, 'method': 'frozen'}",52.72037124633789,0.9046699287492488,
mtbmkrzi,v9,,0,,braindecode/faced,frozen,flatten,0,ridge,median_std_clip,completed,"{'total_params': 12687872, 'trainable_params': 0, 'trainable_pct': 0.0, 'method': 'frozen'}",51.43937659263611,0.28673922695661824,
mtbmkrzi,v9,,0,,braindecode/isruc-sleep,frozen,flatten,0,ridge,median_std_clip,completed,"{'total_params': 12687872, 'trainable_params': 0, 'trainable_pct': 0.0, 'method': 'frozen'}",88.71833753585815,0.7010068202201658,
mtbmkrzi,v9,,0,,braindecode/mdd_mumtaz2016,frozen,flatten,0,ridge,median_std_clip,completed,"{'total_params': 12687872, 'trainable_params': 0, 'trainable_pct': 0.0, 'method': 'frozen'}",15.899011850357056,0.8481744214241977,
mtbmkrzi,v9,,0,,braindecode/seed-v,frozen,flatten,0,ridge,median_std_clip,completed,"{'total_params': 12687872, 'trainable_params': 0, 'trainable_pct': 0.0, 'method': 'frozen'}",50.19228172302246,0.3049962271133704,
mtbmkrzi,v9,,0,,braindecode/seed-vig,frozen,flatten,0,ridge,median_std_clip,completed,"{'total_params': 12687872, 'trainable_params': 0, 'trainable_pct': 0.0, 'method': 'frozen'}",23.0873064994812,,-0.21684530587079842
mtbmkrzi,v9,,0,,braindecode/tuab,frozen,flatten,0,ridge,median_std_clip,completed,"{'total_params': 12687872, 'trainable_params': 0, 'trainable_pct': 0.0, 'method': 'frozen'}",59.20181751251221,0.8021485551968781,
mtbmkrzi,v9,,0,,braindecode/tuev,frozen,flatten,0,ridge,median_std_clip,completed,"{'total_params': 12687872, 'trainable_params': 0, 'trainable_pct': 0.0, 'method': 'frozen'}",13.344294548034668,0.8755115094550363,
mtbmkrzi,v9,,0,,braindecode/arithmetic_zyma2019,frozen,flatten,1,ridge,median_std_clip,completed,"{'total_params': 12687872, 'trainable_params': 0, 'trainable_pct': 0.0, 'method': 'frozen'}",13.161651372909546,0.7534722222222223,
mtbmkrzi,v9,,0,,braindecode/bcic2a,frozen,flatten,1,ridge,median_std_clip,completed,"{'total_params': 12687872, 'trainable_params': 0, 'trainable_pct': 0.0, 'method': 'frozen'}",9.086922407150269,0.39988425925925924,
mtbmkrzi,v9,,0,,braindecode/bcic2020-3,frozen,flatten,1,ridge,median_std_clip,completed,"{'total_params': 12687872, 'trainable_params': 0, 'trainable_pct': 0.0, 'method': 'frozen'}",21.376554012298584,0.2626666666666667,
mtbmkrzi,v9,,0,,braindecode/physionet,frozen,flatten,1,ridge,median_std_clip,completed,"{'total_params': 12687872, 'trainable_params': 0, 'trainable_pct': 0.0, 'method': 'frozen'}",23.845642805099487,0.5065332407200306,
mtbmkrzi,v9,,0,,braindecode/chbmit,frozen,flatten,1,ridge,median_std_clip,completed,"{'total_params': 12687872, 'trainable_params': 0, 'trainable_pct': 0.0, 'method': 'frozen'}",54.6744179725647,0.8551377800669586,
mtbmkrzi,v9,,0,,braindecode/faced,frozen,flatten,1,ridge,median_std_clip,completed,"{'total_params': 12687872, 'trainable_params': 0, 'trainable_pct': 0.0, 'method': 'frozen'}",50.73153018951416,0.2856464187985927,
mtbmkrzi,v9,,0,,braindecode/isruc-sleep,frozen,flatten,1,ridge,median_std_clip,completed,"{'total_params': 12687872, 'trainable_params': 0, 'trainable_pct': 0.0, 'method': 'frozen'}",89.05903196334839,0.6956263631171566,
mtbmkrzi,v9,,0,,braindecode/mdd_mumtaz2016,frozen,flatten,1,ridge,median_std_clip,completed,"{'total_params': 12687872, 'trainable_params': 0, 'trainable_pct': 0.0, 'method': 'frozen'}",16.135549306869507,0.866903259026292,
mtbmkrzi,v9,,0,,braindecode/seed-v,frozen,flatten,1,ridge,median_std_clip,completed,"{'total_params': 12687872, 'trainable_params': 0, 'trainable_pct': 0.0, 'method': 'frozen'}",48.59030771255493,0.3027850537173344,
mtbmkrzi,v9,,0,,braindecode/seed-vig,frozen,flatten,1,ridge,median_std_clip,completed,"{'total_params': 12687872, 'trainable_params': 0, 'trainable_pct': 0.0, 'method': 'frozen'}",19.015195608139038,,-0.20841428707501142
mtbmkrzi,v9,,0,,braindecode/tuab,frozen,flatten,1,ridge,median_std_clip,completed,"{'total_params': 12687872, 'trainable_params': 0, 'trainable_pct': 0.0, 'method': 'frozen'}",57.45430111885071,0.8080337841319196,
mtbmkrzi,v9,,0,,braindecode/tuev,frozen,flatten,1,ridge,median_std_clip,completed,"{'total_params': 12687872, 'trainable_params': 0, 'trainable_pct': 0.0, 'method': 'frozen'}",13.62276291847229,0.8838949350962171,
mtbmkrzi,v9,,0,,braindecode/arithmetic_zyma2019,frozen,flatten,2,ridge,median_std_clip,completed,"{'total_params': 12687872, 'trainable_params': 0, 'trainable_pct': 0.0, 'method': 'frozen'}",11.363425731658936,0.7673611111111112,
mtbmkrzi,v9,,0,,braindecode/bcic2a,frozen,flatten,2,ridge,median_std_clip,completed,"{'total_params': 12687872, 'trainable_params': 0, 'trainable_pct': 0.0, 'method': 'frozen'}",9.012752056121826,0.40104166666666663,
mtbmkrzi,v9,,0,,braindecode/bcic2020-3,frozen,flatten,2,ridge,median_std_clip,completed,"{'total_params': 12687872, 'trainable_params': 0, 'trainable_pct': 0.0, 'method': 'frozen'}",21.287888050079346,0.25200000000000006,
mtbmkrzi,v9,,0,,braindecode/physionet,frozen,flatten,2,ridge,median_std_clip,completed,"{'total_params': 12687872, 'trainable_params': 0, 'trainable_pct': 0.0, 'method': 'frozen'}",24.027364253997803,0.5167194301463133,
mtbmkrzi,v9,,0,,braindecode/chbmit,frozen,flatten,2,ridge,median_std_clip,completed,"{'total_params': 12687872, 'trainable_params': 0, 'trainable_pct': 0.0, 'method': 'frozen'}",52.61169242858887,0.8807193750536527,
mtbmkrzi,v9,,0,,braindecode/faced,frozen,flatten,2,ridge,median_std_clip,completed,"{'total_params': 12687872, 'trainable_params': 0, 'trainable_pct': 0.0, 'method': 'frozen'}",49.83420777320862,0.2909652243891374,
mtbmkrzi,v9,,0,,braindecode/isruc-sleep,frozen,flatten,2,ridge,median_std_clip,completed,"{'total_params': 12687872, 'trainable_params': 0, 'trainable_pct': 0.0, 'method': 'frozen'}",86.5825765132904,0.7001403510628562,
mtbmkrzi,v9,,0,,braindecode/mdd_mumtaz2016,frozen,flatten,2,ridge,median_std_clip,completed,"{'total_params': 12687872, 'trainable_params': 0, 'trainable_pct': 0.0, 'method': 'frozen'}",16.10907816886902,0.861910522761421,
mtbmkrzi,v9,,0,,braindecode/seed-v,frozen,flatten,2,ridge,median_std_clip,completed,"{'total_params': 12687872, 'trainable_params': 0, 'trainable_pct': 0.0, 'method': 'frozen'}",49.96240210533142,0.30677710394645885,
mtbmkrzi,v9,,0,,braindecode/seed-vig,frozen,flatten,2,ridge,median_std_clip,completed,"{'total_params': 12687872, 'trainable_params': 0, 'trainable_pct': 0.0, 'method': 'frozen'}",19.148338794708252,,-0.1905735151069381
mtbmkrzi,v9,,0,,braindecode/tuab,frozen,flatten,2,ridge,median_std_clip,completed,"{'total_params': 12687872, 'trainable_params': 0, 'trainable_pct': 0.0, 'method': 'frozen'}",56.11354899406433,0.8090555855490565,
mtbmkrzi,v9,,0,,braindecode/tuev,frozen,flatten,2,ridge,median_std_clip,completed,"{'total_params': 12687872, 'trainable_params': 0, 'trainable_pct': 0.0, 'method': 'frozen'}",13.42818808555603,0.8853195234681221,
mtbmkrzi,v9,,0,,braindecode/arithmetic_zyma2019,frozen,flatten,3,ridge,median_std_clip,completed,"{'total_params': 12687872, 'trainable_params': 0, 'trainable_pct': 0.0, 'method': 'frozen'}",13.730505466461182,0.7881944444444444,
mtbmkrzi,v9,,0,,braindecode/bcic2a,frozen,flatten,3,ridge,median_std_clip,completed,"{'total_params': 12687872, 'trainable_params': 0, 'trainable_pct': 0.0, 'method': 'frozen'}",9.549912929534912,0.40625,
mtbmkrzi,v9,,0,,braindecode/bcic2020-3,frozen,flatten,3,ridge,median_std_clip,completed,"{'total_params': 12687872, 'trainable_params': 0, 'trainable_pct': 0.0, 'method': 'frozen'}",21.658976554870605,0.2693333333333333,
mtbmkrzi,v9,,0,,braindecode/physionet,frozen,flatten,3,ridge,median_std_clip,completed,"{'total_params': 12687872, 'trainable_params': 0, 'trainable_pct': 0.0, 'method': 'frozen'}",24.200175046920776,0.5223588943593875,
mtbmkrzi,v9,,0,,braindecode/chbmit,frozen,flatten,3,ridge,median_std_clip,completed,"{'total_params': 12687872, 'trainable_params': 0, 'trainable_pct': 0.0, 'method': 'frozen'}",58.01219391822815,0.9259807708816208,
mtbmkrzi,v9,,0,,braindecode/faced,frozen,flatten,3,ridge,median_std_clip,completed,"{'total_params': 12687872, 'trainable_params': 0, 'trainable_pct': 0.0, 'method': 'frozen'}",50.218058586120605,0.27764566351522874,
mtbmkrzi,v9,,0,,braindecode/isruc-sleep,frozen,flatten,3,ridge,median_std_clip,completed,"{'total_params': 12687872, 'trainable_params': 0, 'trainable_pct': 0.0, 'method': 'frozen'}",89.42214035987854,0.7044807690003004,
mtbmkrzi,v9,,0,,braindecode/mdd_mumtaz2016,frozen,flatten,3,ridge,median_std_clip,completed,"{'total_params': 12687872, 'trainable_params': 0, 'trainable_pct': 0.0, 'method': 'frozen'}",16.52973484992981,0.8623421564397178,
mtbmkrzi,v9,,0,,braindecode/seed-v,frozen,flatten,3,ridge,median_std_clip,completed,"{'total_params': 12687872, 'trainable_params': 0, 'trainable_pct': 0.0, 'method': 'frozen'}",49.99718356132507,0.3040680781791733,
mtbmkrzi,v9,,0,,braindecode/seed-vig,frozen,flatten,3,ridge,median_std_clip,completed,"{'total_params': 12687872, 'trainable_params': 0, 'trainable_pct': 0.0, 'method': 'frozen'}",23.17752242088318,,-0.21309008652099748
mtbmkrzi,v9,,0,,braindecode/tuab,frozen,flatten,3,ridge,median_std_clip,completed,"{'total_params': 12687872, 'trainable_params': 0, 'trainable_pct': 0.0, 'method': 'frozen'}",55.67019557952881,0.803986061609389,
mtbmkrzi,v9,,0,,braindecode/tuev,frozen,flatten,3,ridge,median_std_clip,completed,"{'total_params': 12687872, 'trainable_params': 0, 'trainable_pct': 0.0, 'method': 'frozen'}",12.509356021881104,0.8884781784374729,
mtbmkrzi,v9,,0,,braindecode/arithmetic_zyma2019,frozen,flatten,4,ridge,median_std_clip,completed,"{'total_params': 12687872, 'trainable_params': 0, 'trainable_pct': 0.0, 'method': 'frozen'}",11.91478443145752,0.7881944444444444,
mtbmkrzi,v9,,0,,braindecode/bcic2a,frozen,flatten,4,ridge,median_std_clip,completed,"{'total_params': 12687872, 'trainable_params': 0, 'trainable_pct': 0.0, 'method': 'frozen'}",9.035032033920288,0.37557870370370366,
mtbmkrzi,v9,,0,,braindecode/bcic2020-3,frozen,flatten,4,ridge,median_std_clip,completed,"{'total_params': 12687872, 'trainable_params': 0, 'trainable_pct': 0.0, 'method': 'frozen'}",19.5272958278656,0.27466666666666667,
mtbmkrzi,v9,,0,,braindecode/physionet,frozen,flatten,4,ridge,median_std_clip,completed,"{'total_params': 12687872, 'trainable_params': 0, 'trainable_pct': 0.0, 'method': 'frozen'}",24.829134702682495,0.5200619374913246,
mtbmkrzi,v9,,0,,braindecode/chbmit,frozen,flatten,4,ridge,median_std_clip,completed,"{'total_params': 12687872, 'trainable_params': 0, 'trainable_pct': 0.0, 'method': 'frozen'}",54.44548678398132,0.8359515838269379,
mtbmkrzi,v9,,0,,braindecode/faced,frozen,flatten,4,ridge,median_std_clip,completed,"{'total_params': 12687872, 'trainable_params': 0, 'trainable_pct': 0.0, 'method': 'frozen'}",49.62179350852966,0.28837135087135085,
mtbmkrzi,v9,,0,,braindecode/isruc-sleep,frozen,flatten,4,ridge,median_std_clip,completed,"{'total_params': 12687872, 'trainable_params': 0, 'trainable_pct': 0.0, 'method': 'frozen'}",85.54460883140564,0.6999383977093213,
mtbmkrzi,v9,,0,,braindecode/mdd_mumtaz2016,frozen,flatten,4,ridge,median_std_clip,completed,"{'total_params': 12687872, 'trainable_params': 0, 'trainable_pct': 0.0, 'method': 'frozen'}",15.643681049346924,0.8519095913388198,
mtbmkrzi,v9,,0,,braindecode/seed-v,frozen,flatten,4,ridge,median_std_clip,completed,"{'total_params': 12687872, 'trainable_params': 0, 'trainable_pct': 0.0, 'method': 'frozen'}",48.29584264755249,0.3043018338311311,
mtbmkrzi,v9,,0,,braindecode/seed-vig,frozen,flatten,4,ridge,median_std_clip,completed,"{'total_params': 12687872, 'trainable_params': 0, 'trainable_pct': 0.0, 'method': 'frozen'}",23.042516946792603,,-0.19963379999285835
mtbmkrzi,v9,,0,,braindecode/tuab,frozen,flatten,4,ridge,median_std_clip,completed,"{'total_params': 12687872, 'trainable_params': 0, 'trainable_pct': 0.0, 'method': 'frozen'}",57.20695471763611,0.8060296644436629,
mtbmkrzi,v9,,0,,braindecode/tuev,frozen,flatten,4,ridge,median_std_clip,completed,"{'total_params': 12687872, 'trainable_params': 0, 'trainable_pct': 0.0, 'method': 'frozen'}",13.056936025619507,0.8821346900594081,
fw933z81,v9,,0,,braindecode/arithmetic_zyma2019,frozen,flatten,0,ridge,median_std_clip,completed,"{'total_params': 12687872, 'trainable_params': 0, 'trainable_pct': 0.0, 'method': 'frozen'}",11.50816297531128,0.71875,
fw933z81,v9,,0,,braindecode/bcic2a,frozen,flatten,0,ridge,median_std_clip,completed,"{'total_params': 12687872, 'trainable_params': 0, 'trainable_pct': 0.0, 'method': 'frozen'}",9.222546577453613,0.3935185185185185,
fw933z81,v9,,0,,braindecode/bcic2020-3,frozen,flatten,0,ridge,median_std_clip,completed,"{'total_params': 12687872, 'trainable_params': 0, 'trainable_pct': 0.0, 'method': 'frozen'}",21.19405746459961,0.27999999999999997,
fw933z81,v9,,0,,braindecode/physionet,frozen,flatten,0,ridge,median_std_clip,completed,"{'total_params': 12687872, 'trainable_params': 0, 'trainable_pct': 0.0, 'method': 'frozen'}",23.777358055114746,0.5104901079491819,
fw933z81,v9,,0,,braindecode/chbmit,frozen,flatten,0,ridge,median_std_clip,completed,"{'total_params': 12687872, 'trainable_params': 0, 'trainable_pct': 0.0, 'method': 'frozen'}",54.584855794906616,0.8905056228002404,
fw933z81,v9,,0,,braindecode/faced,frozen,flatten,0,ridge,median_std_clip,completed,"{'total_params': 12687872, 'trainable_params': 0, 'trainable_pct': 0.0, 'method': 'frozen'}",54.558626651763916,0.2800976197715328,
fw933z81,v9,,0,,braindecode/isruc-sleep,frozen,flatten,0,ridge,median_std_clip,completed,"{'total_params': 12687872, 'trainable_params': 0, 'trainable_pct': 0.0, 'method': 'frozen'}",90.8169629573822,0.6995664950972584,
fw933z81,v9,,0,,braindecode/mdd_mumtaz2016,frozen,flatten,0,ridge,median_std_clip,completed,"{'total_params': 12687872, 'trainable_params': 0, 'trainable_pct': 0.0, 'method': 'frozen'}",16.757233142852783,0.8479828381010568,
fw933z81,v9,,0,,braindecode/seed-v,frozen,flatten,0,ridge,median_std_clip,completed,"{'total_params': 12687872, 'trainable_params': 0, 'trainable_pct': 0.0, 'method': 'frozen'}",49.89393401145935,0.3047525912809365,
fw933z81,v9,,0,,braindecode/seed-vig,frozen,flatten,0,ridge,median_std_clip,completed,"{'total_params': 12687872, 'trainable_params': 0, 'trainable_pct': 0.0, 'method': 'frozen'}",23.1732816696167,,-0.1845843081907128
fw933z81,v9,,0,,braindecode/tuab,frozen,flatten,0,ridge,median_std_clip,completed,"{'total_params': 12687872, 'trainable_params': 0, 'trainable_pct': 0.0, 'method': 'frozen'}",58.63270306587219,0.8102574413129238,
fw933z81,v9,,0,,braindecode/tuev,frozen,flatten,0,ridge,median_std_clip,completed,"{'total_params': 12687872, 'trainable_params': 0, 'trainable_pct': 0.0, 'method': 'frozen'}",12.879161834716797,0.9505068267162966,
fw933z81,v9,,0,,braindecode/arithmetic_zyma2019,frozen,flatten,1,ridge,median_std_clip,completed,"{'total_params': 12687872, 'trainable_params': 0, 'trainable_pct': 0.0, 'method': 'frozen'}",12.125236749649048,0.7361111111111112,
fw933z81,v9,,0,,braindecode/bcic2a,frozen,flatten,1,ridge,median_std_clip,completed,"{'total_params': 12687872, 'trainable_params': 0, 'trainable_pct': 0.0, 'method': 'frozen'}",8.701041221618652,0.3958333333333333,
fw933z81,v9,,0,,braindecode/bcic2020-3,frozen,flatten,1,ridge,median_std_clip,completed,"{'total_params': 12687872, 'trainable_params': 0, 'trainable_pct': 0.0, 'method': 'frozen'}",19.555599451065063,0.2693333333333333,
fw933z81,v9,,0,,braindecode/physionet,frozen,flatten,1,ridge,median_std_clip,completed,"{'total_params': 12687872, 'trainable_params': 0, 'trainable_pct': 0.0, 'method': 'frozen'}",25.106026887893677,0.48896477326822374,
fw933z81,v9,,0,,braindecode/chbmit,frozen,flatten,1,ridge,median_std_clip,completed,"{'total_params': 12687872, 'trainable_params': 0, 'trainable_pct': 0.0, 'method': 'frozen'}",52.769912242889404,0.8893252639711564,
fw933z81,v9,,0,,braindecode/faced,frozen,flatten,1,ridge,median_std_clip,completed,"{'total_params': 12687872, 'trainable_params': 0, 'trainable_pct': 0.0, 'method': 'frozen'}",51.447481632232666,0.2905782321543191,
fw933z81,v9,,0,,braindecode/isruc-sleep,frozen,flatten,1,ridge,median_std_clip,completed,"{'total_params': 12687872, 'trainable_params': 0, 'trainable_pct': 0.0, 'method': 'frozen'}",88.48027396202087,0.7000366033062145,
fw933z81,v9,,0,,braindecode/mdd_mumtaz2016,frozen,flatten,1,ridge,median_std_clip,completed,"{'total_params': 12687872, 'trainable_params': 0, 'trainable_pct': 0.0, 'method': 'frozen'}",15.763144254684448,0.8659715447478558,
fw933z81,v9,,0,,braindecode/seed-v,frozen,flatten,1,ridge,median_std_clip,completed,"{'total_params': 12687872, 'trainable_params': 0, 'trainable_pct': 0.0, 'method': 'frozen'}",48.047884702682495,0.29759678573511267,
fw933z81,v9,,0,,braindecode/seed-vig,frozen,flatten,1,ridge,median_std_clip,completed,"{'total_params': 12687872, 'trainable_params': 0, 'trainable_pct': 0.0, 'method': 'frozen'}",23.760189533233643,,-0.15257744071069723
fw933z81,v9,,0,,braindecode/tuab,frozen,flatten,1,ridge,median_std_clip,completed,"{'total_params': 12687872, 'trainable_params': 0, 'trainable_pct': 0.0, 'method': 'frozen'}",55.39132738113403,0.8120467838877401,
fw933z81,v9,,0,,braindecode/tuev,frozen,flatten,1,ridge,median_std_clip,completed,"{'total_params': 12687872, 'trainable_params': 0, 'trainable_pct': 0.0, 'method': 'frozen'}",12.453489303588867,0.8870030251516239,
fw933z81,v9,,0,,braindecode/arithmetic_zyma2019,frozen,flatten,2,ridge,median_std_clip,completed,"{'total_params': 12687872, 'trainable_params': 0, 'trainable_pct': 0.0, 'method': 'frozen'}",11.67879033088684,0.7534722222222222,
fw933z81,v9,,0,,braindecode/bcic2a,frozen,flatten,2,ridge,median_std_clip,completed,"{'total_params': 12687872, 'trainable_params': 0, 'trainable_pct': 0.0, 'method': 'frozen'}",9.279550075531006,0.3940972222222222,
fw933z81,v9,,0,,braindecode/bcic2020-3,frozen,flatten,2,ridge,median_std_clip,completed,"{'total_params': 12687872, 'trainable_params': 0, 'trainable_pct': 0.0, 'method': 'frozen'}",21.730281114578247,0.2613333333333333,
fw933z81,v9,,0,,braindecode/physionet,frozen,flatten,2,ridge,median_std_clip,completed,"{'total_params': 12687872, 'trainable_params': 0, 'trainable_pct': 0.0, 'method': 'frozen'}",24.265788316726685,0.4951494141674729,
fw933z81,v9,,0,,braindecode/chbmit,frozen,flatten,2,ridge,median_std_clip,completed,"{'total_params': 12687872, 'trainable_params': 0, 'trainable_pct': 0.0, 'method': 'frozen'}",54.460877656936646,0.8905056228002404,
fw933z81,v9,,0,,braindecode/faced,frozen,flatten,2,ridge,median_std_clip,completed,"{'total_params': 12687872, 'trainable_params': 0, 'trainable_pct': 0.0, 'method': 'frozen'}",49.82729196548462,0.28171858334901817,
fw933z81,v9,,0,,braindecode/isruc-sleep,frozen,flatten,2,ridge,median_std_clip,completed,"{'total_params': 12687872, 'trainable_params': 0, 'trainable_pct': 0.0, 'method': 'frozen'}",89.69839930534363,0.6954562145378225,
fw933z81,v9,,0,,braindecode/mdd_mumtaz2016,frozen,flatten,2,ridge,median_std_clip,completed,"{'total_params': 12687872, 'trainable_params': 0, 'trainable_pct': 0.0, 'method': 'frozen'}",17.96534276008606,0.8550013699106943,
fw933z81,v9,,0,,braindecode/seed-v,frozen,flatten,2,ridge,median_std_clip,completed,"{'total_params': 12687872, 'trainable_params': 0, 'trainable_pct': 0.0, 'method': 'frozen'}",50.885534048080444,0.30124991025789816,
fw933z81,v9,,0,,braindecode/seed-vig,frozen,flatten,2,ridge,median_std_clip,completed,"{'total_params': 12687872, 'trainable_params': 0, 'trainable_pct': 0.0, 'method': 'frozen'}",22.86602544784546,,-0.15656812570581313
fw933z81,v9,,0,,braindecode/tuab,frozen,flatten,2,ridge,median_std_clip,completed,"{'total_params': 12687872, 'trainable_params': 0, 'trainable_pct': 0.0, 'method': 'frozen'}",56.36573243141174,0.8127045562990459,
fw933z81,v9,,0,,braindecode/tuev,frozen,flatten,2,ridge,median_std_clip,completed,"{'total_params': 12687872, 'trainable_params': 0, 'trainable_pct': 0.0, 'method': 'frozen'}",13.296793460845947,0.9532991174396219,
fw933z81,v9,,0,,braindecode/arithmetic_zyma2019,frozen,flatten,3,ridge,median_std_clip,completed,"{'total_params': 12687872, 'trainable_params': 0, 'trainable_pct': 0.0, 'method': 'frozen'}",11.93503189086914,0.6979166666666667,
fw933z81,v9,,0,,braindecode/bcic2a,frozen,flatten,3,ridge,median_std_clip,completed,"{'total_params': 12687872, 'trainable_params': 0, 'trainable_pct': 0.0, 'method': 'frozen'}",8.98505973815918,0.3877314814814815,
fw933z81,v9,,0,,braindecode/bcic2020-3,frozen,flatten,3,ridge,median_std_clip,completed,"{'total_params': 12687872, 'trainable_params': 0, 'trainable_pct': 0.0, 'method': 'frozen'}",21.032012224197388,0.2813333333333333,
fw933z81,v9,,0,,braindecode/physionet,frozen,flatten,3,ridge,median_std_clip,completed,"{'total_params': 12687872, 'trainable_params': 0, 'trainable_pct': 0.0, 'method': 'frozen'}",23.825289726257324,0.5008439475807688,
fw933z81,v9,,0,,braindecode/chbmit,frozen,flatten,3,ridge,median_std_clip,completed,"{'total_params': 12687872, 'trainable_params': 0, 'trainable_pct': 0.0, 'method': 'frozen'}",54.093024015426636,0.9108721778693449,
fw933z81,v9,,0,,braindecode/faced,frozen,flatten,3,ridge,median_std_clip,completed,"{'total_params': 12687872, 'trainable_params': 0, 'trainable_pct': 0.0, 'method': 'frozen'}",50.03684663772583,0.29143652241478324,
fw933z81,v9,,0,,braindecode/isruc-sleep,frozen,flatten,3,ridge,median_std_clip,completed,"{'total_params': 12687872, 'trainable_params': 0, 'trainable_pct': 0.0, 'method': 'frozen'}",87.09273862838745,0.6996081149550244,
fw933z81,v9,,0,,braindecode/mdd_mumtaz2016,frozen,flatten,3,ridge,median_std_clip,completed,"{'total_params': 12687872, 'trainable_params': 0, 'trainable_pct': 0.0, 'method': 'frozen'}",16.55604648590088,0.8588253555399519,
fw933z81,v9,,0,,braindecode/seed-v,frozen,flatten,3,ridge,median_std_clip,completed,"{'total_params': 12687872, 'trainable_params': 0, 'trainable_pct': 0.0, 'method': 'frozen'}",50.0935115814209,0.2996485482661457,
fw933z81,v9,,0,,braindecode/seed-vig,frozen,flatten,3,ridge,median_std_clip,completed,"{'total_params': 12687872, 'trainable_params': 0, 'trainable_pct': 0.0, 'method': 'frozen'}",19.14913511276245,,-0.17385247760820244
fw933z81,v9,,0,,braindecode/tuab,frozen,flatten,3,ridge,median_std_clip,completed,"{'total_params': 12687872, 'trainable_params': 0, 'trainable_pct': 0.0, 'method': 'frozen'}",54.939255475997925,0.8042142797938139,
fw933z81,v9,,0,,braindecode/tuev,frozen,flatten,3,ridge,median_std_clip,completed,"{'total_params': 12687872, 'trainable_params': 0, 'trainable_pct': 0.0, 'method': 'frozen'}",12.447988986968994,0.8886878895160372,
fw933z81,v9,,0,,braindecode/arithmetic_zyma2019,frozen,flatten,4,ridge,median_std_clip,completed,"{'total_params': 12687872, 'trainable_params': 0, 'trainable_pct': 0.0, 'method': 'frozen'}",11.11851692199707,0.78125,
fw933z81,v9,,0,,braindecode/bcic2a,frozen,flatten,4,ridge,median_std_clip,completed,"{'total_params': 12687872, 'trainable_params': 0, 'trainable_pct': 0.0, 'method': 'frozen'}",9.100748538970947,0.39525462962962965,
fw933z81,v9,,0,,braindecode/bcic2020-3,frozen,flatten,4,ridge,median_std_clip,completed,"{'total_params': 12687872, 'trainable_params': 0, 'trainable_pct': 0.0, 'method': 'frozen'}",21.30399465560913,0.27999999999999997,
fw933z81,v9,,0,,braindecode/physionet,frozen,flatten,4,ridge,median_std_clip,completed,"{'total_params': 12687872, 'trainable_params': 0, 'trainable_pct': 0.0, 'method': 'frozen'}",23.970864295959473,0.5059664862645874,
fw933z81,v9,,0,,braindecode/chbmit,frozen,flatten,4,ridge,median_std_clip,completed,"{'total_params': 12687872, 'trainable_params': 0, 'trainable_pct': 0.0, 'method': 'frozen'}",52.82669496536255,0.8919220533951413,
fw933z81,v9,,0,,braindecode/faced,frozen,flatten,4,ridge,median_std_clip,completed,"{'total_params': 12687872, 'trainable_params': 0, 'trainable_pct': 0.0, 'method': 'frozen'}",51.76192045211792,0.27949858112901593,
fw933z81,v9,,0,,braindecode/isruc-sleep,frozen,flatten,4,ridge,median_std_clip,completed,"{'total_params': 12687872, 'trainable_params': 0, 'trainable_pct': 0.0, 'method': 'frozen'}",88.12531995773315,0.6993001493249779,
fw933z81,v9,,0,,braindecode/mdd_mumtaz2016,frozen,flatten,4,ridge,median_std_clip,completed,"{'total_params': 12687872, 'trainable_params': 0, 'trainable_pct': 0.0, 'method': 'frozen'}",15.960736274719238,0.8510338790873458,
fw933z81,v9,,0,,braindecode/seed-v,frozen,flatten,4,ridge,median_std_clip,completed,"{'total_params': 12687872, 'trainable_params': 0, 'trainable_pct': 0.0, 'method': 'frozen'}",50.07697415351868,0.2955036167695494,
fw933z81,v9,,0,,braindecode/seed-vig,frozen,flatten,4,ridge,median_std_clip,completed,"{'total_params': 12687872, 'trainable_params': 0, 'trainable_pct': 0.0, 'method': 'frozen'}",22.77156138420105,,-0.15604498364298736
fw933z81,v9,,0,,braindecode/tuab,frozen,flatten,4,ridge,median_std_clip,completed,"{'total_params': 12687872, 'trainable_params': 0, 'trainable_pct': 0.0, 'method': 'frozen'}",57.728089570999146,0.814392810819166,
fw933z81,v9,,0,,braindecode/tuev,frozen,flatten,4,ridge,median_std_clip,completed,"{'total_params': 12687872, 'trainable_params': 0, 'trainable_pct': 0.0, 'method': 'frozen'}",13.00250792503357,0.9497971220179147,
b5zaymrl,v9,,0,,braindecode/arithmetic_zyma2019,frozen,flatten,0,ridge,median_std_clip,completed,"{'total_params': 12687872, 'trainable_params': 0, 'trainable_pct': 0.0, 'method': 'frozen'}",12.420210838317871,0.75,
b5zaymrl,v9,,0,,braindecode/bcic2a,frozen,flatten,0,ridge,median_std_clip,completed,"{'total_params': 12687872, 'trainable_params': 0, 'trainable_pct': 0.0, 'method': 'frozen'}",9.40355134010315,0.3564814814814815,
b5zaymrl,v9,,0,,braindecode/bcic2020-3,frozen,flatten,0,ridge,median_std_clip,completed,"{'total_params': 12687872, 'trainable_params': 0, 'trainable_pct': 0.0, 'method': 'frozen'}",22.658956050872803,0.24533333333333335,
b5zaymrl,v9,,0,,braindecode/physionet,frozen,flatten,0,ridge,median_std_clip,completed,"{'total_params': 12687872, 'trainable_params': 0, 'trainable_pct': 0.0, 'method': 'frozen'}",24.05848503112793,0.4606392652563717,
b5zaymrl,v9,,0,,braindecode/chbmit,frozen,flatten,0,ridge,median_std_clip,completed,"{'total_params': 12687872, 'trainable_params': 0, 'trainable_pct': 0.0, 'method': 'frozen'}",54.77951741218567,0.9279337282170144,
b5zaymrl,v9,,0,,braindecode/faced,frozen,flatten,0,ridge,median_std_clip,completed,"{'total_params': 12687872, 'trainable_params': 0, 'trainable_pct': 0.0, 'method': 'frozen'}",51.796077728271484,0.2590407780625172,
b5zaymrl,v9,,0,,braindecode/isruc-sleep,frozen,flatten,0,ridge,median_std_clip,completed,"{'total_params': 12687872, 'trainable_params': 0, 'trainable_pct': 0.0, 'method': 'frozen'}",87.82593774795532,0.6783133544798637,
b5zaymrl,v9,,0,,braindecode/mdd_mumtaz2016,frozen,flatten,0,ridge,median_std_clip,completed,"{'total_params': 12687872, 'trainable_params': 0, 'trainable_pct': 0.0, 'method': 'frozen'}",16.54523992538452,0.8325826209765315,
b5zaymrl,v9,,0,,braindecode/seed-v,frozen,flatten,0,ridge,median_std_clip,completed,"{'total_params': 12687872, 'trainable_params': 0, 'trainable_pct': 0.0, 'method': 'frozen'}",48.40085315704346,0.3013580913327375,
b5zaymrl,v9,,0,,braindecode/seed-vig,frozen,flatten,0,ridge,median_std_clip,completed,"{'total_params': 12687872, 'trainable_params': 0, 'trainable_pct': 0.0, 'method': 'frozen'}",23.03345513343811,,-0.8342456935438747
b5zaymrl,v9,,0,,braindecode/tuab,frozen,flatten,0,ridge,median_std_clip,completed,"{'total_params': 12687872, 'trainable_params': 0, 'trainable_pct': 0.0, 'method': 'frozen'}",57.52141213417053,0.7838832598181423,
b5zaymrl,v9,,0,,braindecode/tuev,frozen,flatten,0,ridge,median_std_clip,completed,"{'total_params': 12687872, 'trainable_params': 0, 'trainable_pct': 0.0, 'method': 'frozen'}",13.20819616317749,0.7440442621229622,
b5zaymrl,v9,,0,,braindecode/arithmetic_zyma2019,frozen,flatten,1,ridge,median_std_clip,completed,"{'total_params': 12687872, 'trainable_params': 0, 'trainable_pct': 0.0, 'method': 'frozen'}",11.34475564956665,0.6944444444444444,
b5zaymrl,v9,,0,,braindecode/bcic2a,frozen,flatten,1,ridge,median_std_clip,completed,"{'total_params': 12687872, 'trainable_params': 0, 'trainable_pct': 0.0, 'method': 'frozen'}",9.586774110794067,0.3402777777777778,
b5zaymrl,v9,,0,,braindecode/bcic2020-3,frozen,flatten,1,ridge,median_std_clip,completed,"{'total_params': 12687872, 'trainable_params': 0, 'trainable_pct': 0.0, 'method': 'frozen'}",21.2977614402771,0.2693333333333333,
b5zaymrl,v9,,0,,braindecode/physionet,frozen,flatten,1,ridge,median_std_clip,completed,"{'total_params': 12687872, 'trainable_params': 0, 'trainable_pct': 0.0, 'method': 'frozen'}",23.627504587173462,0.45442517749126626,
b5zaymrl,v9,,0,,braindecode/chbmit,frozen,flatten,1,ridge,median_std_clip,completed,"{'total_params': 12687872, 'trainable_params': 0, 'trainable_pct': 0.0, 'method': 'frozen'}",52.6423225402832,0.9516052880075543,
b5zaymrl,v9,,0,,braindecode/faced,frozen,flatten,1,ridge,median_std_clip,completed,"{'total_params': 12687872, 'trainable_params': 0, 'trainable_pct': 0.0, 'method': 'frozen'}",50.009772062301636,0.24677843291973728,
b5zaymrl,v9,,0,,braindecode/isruc-sleep,frozen,flatten,1,ridge,median_std_clip,completed,"{'total_params': 12687872, 'trainable_params': 0, 'trainable_pct': 0.0, 'method': 'frozen'}",86.37369012832642,0.6842434545878457,
b5zaymrl,v9,,0,,braindecode/mdd_mumtaz2016,frozen,flatten,1,ridge,median_std_clip,completed,"{'total_params': 12687872, 'trainable_params': 0, 'trainable_pct': 0.0, 'method': 'frozen'}",15.89266324043274,0.8416657900145663,
b5zaymrl,v9,,0,,braindecode/seed-v,frozen,flatten,1,ridge,median_std_clip,completed,"{'total_params': 12687872, 'trainable_params': 0, 'trainable_pct': 0.0, 'method': 'frozen'}",49.70655274391174,0.30767654660822386,
b5zaymrl,v9,,0,,braindecode/seed-vig,frozen,flatten,1,ridge,median_std_clip,completed,"{'total_params': 12687872, 'trainable_params': 0, 'trainable_pct': 0.0, 'method': 'frozen'}",23.53213095664978,,-0.7584434371314663
b5zaymrl,v9,,0,,braindecode/tuab,frozen,flatten,1,ridge,median_std_clip,completed,"{'total_params': 12687872, 'trainable_params': 0, 'trainable_pct': 0.0, 'method': 'frozen'}",56.23842716217041,0.7886021958229632,
b5zaymrl,v9,,0,,braindecode/tuev,frozen,flatten,1,ridge,median_std_clip,completed,"{'total_params': 12687872, 'trainable_params': 0, 'trainable_pct': 0.0, 'method': 'frozen'}",13.290227890014648,0.8677560363634407,
b5zaymrl,v9,,0,,braindecode/arithmetic_zyma2019,frozen,flatten,2,ridge,median_std_clip,completed,"{'total_params': 12687872, 'trainable_params': 0, 'trainable_pct': 0.0, 'method': 'frozen'}",13.330806016921997,0.7013888888888888,
b5zaymrl,v9,,0,,braindecode/bcic2a,frozen,flatten,2,ridge,median_std_clip,completed,"{'total_params': 12687872, 'trainable_params': 0, 'trainable_pct': 0.0, 'method': 'frozen'}",9.74793028831482,0.34895833333333337,
b5zaymrl,v9,,0,,braindecode/bcic2020-3,frozen,flatten,2,ridge,median_std_clip,completed,"{'total_params': 12687872, 'trainable_params': 0, 'trainable_pct': 0.0, 'method': 'frozen'}",19.599897861480713,0.2586666666666667,
b5zaymrl,v9,,0,,braindecode/physionet,frozen,flatten,2,ridge,median_std_clip,completed,"{'total_params': 12687872, 'trainable_params': 0, 'trainable_pct': 0.0, 'method': 'frozen'}",26.057650089263916,0.4753349797405794,
b5zaymrl,v9,,0,,braindecode/chbmit,frozen,flatten,2,ridge,median_std_clip,completed,"{'total_params': 12687872, 'trainable_params': 0, 'trainable_pct': 0.0, 'method': 'frozen'}",55.530330181121826,0.8461670529659198,
b5zaymrl,v9,,0,,braindecode/faced,frozen,flatten,2,ridge,median_std_clip,completed,"{'total_params': 12687872, 'trainable_params': 0, 'trainable_pct': 0.0, 'method': 'frozen'}",50.9196572303772,0.25629925629925626,
b5zaymrl,v9,,0,,braindecode/isruc-sleep,frozen,flatten,2,ridge,median_std_clip,completed,"{'total_params': 12687872, 'trainable_params': 0, 'trainable_pct': 0.0, 'method': 'frozen'}",89.18463850021362,0.6786734234811374,
b5zaymrl,v9,,0,,braindecode/mdd_mumtaz2016,frozen,flatten,2,ridge,median_std_clip,completed,"{'total_params': 12687872, 'trainable_params': 0, 'trainable_pct': 0.0, 'method': 'frozen'}",16.68619465827942,0.8367384866735593,
b5zaymrl,v9,,0,,braindecode/seed-v,frozen,flatten,2,ridge,median_std_clip,completed,"{'total_params': 12687872, 'trainable_params': 0, 'trainable_pct': 0.0, 'method': 'frozen'}",50.24960708618164,0.30485446526426063,
b5zaymrl,v9,,0,,braindecode/seed-vig,frozen,flatten,2,ridge,median_std_clip,completed,"{'total_params': 12687872, 'trainable_params': 0, 'trainable_pct': 0.0, 'method': 'frozen'}",23.453307151794434,,-0.8070560795717479
b5zaymrl,v9,,0,,braindecode/tuab,frozen,flatten,2,ridge,median_std_clip,completed,"{'total_params': 12687872, 'trainable_params': 0, 'trainable_pct': 0.0, 'method': 'frozen'}",55.353434562683105,0.783194684952497,
b5zaymrl,v9,,0,,braindecode/tuev,frozen,flatten,2,ridge,median_std_clip,completed,"{'total_params': 12687872, 'trainable_params': 0, 'trainable_pct': 0.0, 'method': 'frozen'}",12.511321783065796,0.7425268893591569,
b5zaymrl,v9,,0,,braindecode/arithmetic_zyma2019,frozen,flatten,3,ridge,median_std_clip,completed,"{'total_params': 12687872, 'trainable_params': 0, 'trainable_pct': 0.0, 'method': 'frozen'}",11.459540843963623,0.6909722222222222,
b5zaymrl,v9,,0,,braindecode/bcic2a,frozen,flatten,3,ridge,median_std_clip,completed,"{'total_params': 12687872, 'trainable_params': 0, 'trainable_pct': 0.0, 'method': 'frozen'}",9.167049884796143,0.3408564814814815,
b5zaymrl,v9,,0,,braindecode/bcic2020-3,frozen,flatten,3,ridge,median_std_clip,completed,"{'total_params': 12687872, 'trainable_params': 0, 'trainable_pct': 0.0, 'method': 'frozen'}",21.10061764717102,0.23333333333333334,
b5zaymrl,v9,,0,,braindecode/physionet,frozen,flatten,3,ridge,median_std_clip,completed,"{'total_params': 12687872, 'trainable_params': 0, 'trainable_pct': 0.0, 'method': 'frozen'}",25.169851064682007,0.46121255413087275,
b5zaymrl,v9,,0,,braindecode/chbmit,frozen,flatten,3,ridge,median_std_clip,completed,"{'total_params': 12687872, 'trainable_params': 0, 'trainable_pct': 0.0, 'method': 'frozen'}",55.55292463302612,0.9260451540904799,
b5zaymrl,v9,,0,,braindecode/faced,frozen,flatten,3,ridge,median_std_clip,completed,"{'total_params': 12687872, 'trainable_params': 0, 'trainable_pct': 0.0, 'method': 'frozen'}",49.5490140914917,0.2554539361604579,
b5zaymrl,v9,,0,,braindecode/isruc-sleep,frozen,flatten,3,ridge,median_std_clip,completed,"{'total_params': 12687872, 'trainable_params': 0, 'trainable_pct': 0.0, 'method': 'frozen'}",85.68767738342285,0.6827083469012979,
b5zaymrl,v9,,0,,braindecode/mdd_mumtaz2016,frozen,flatten,3,ridge,median_std_clip,completed,"{'total_params': 12687872, 'trainable_params': 0, 'trainable_pct': 0.0, 'method': 'frozen'}",15.617317199707031,0.8305287271925426,
b5zaymrl,v9,,0,,braindecode/seed-v,frozen,flatten,3,ridge,median_std_clip,completed,"{'total_params': 12687872, 'trainable_params': 0, 'trainable_pct': 0.0, 'method': 'frozen'}",48.16835927963257,0.30568657754190376,
b5zaymrl,v9,,0,,braindecode/seed-vig,frozen,flatten,3,ridge,median_std_clip,completed,"{'total_params': 12687872, 'trainable_params': 0, 'trainable_pct': 0.0, 'method': 'frozen'}",23.37178063392639,,-0.7873253830765969
b5zaymrl,v9,,0,,braindecode/tuab,frozen,flatten,3,ridge,median_std_clip,completed,"{'total_params': 12687872, 'trainable_params': 0, 'trainable_pct': 0.0, 'method': 'frozen'}",56.20206069946289,0.785356737224822,
b5zaymrl,v9,,0,,braindecode/tuev,frozen,flatten,3,ridge,median_std_clip,completed,"{'total_params': 12687872, 'trainable_params': 0, 'trainable_pct': 0.0, 'method': 'frozen'}",12.956969022750854,0.7459234581758819,
b5zaymrl,v9,,0,,braindecode/arithmetic_zyma2019,frozen,flatten,4,ridge,median_std_clip,completed,"{'total_params': 12687872, 'trainable_params': 0, 'trainable_pct': 0.0, 'method': 'frozen'}",11.432815790176392,0.7013888888888888,
b5zaymrl,v9,,0,,braindecode/bcic2a,frozen,flatten,4,ridge,median_std_clip,completed,"{'total_params': 12687872, 'trainable_params': 0, 'trainable_pct': 0.0, 'method': 'frozen'}",8.841644048690796,0.3454861111111111,
b5zaymrl,v9,,0,,braindecode/bcic2020-3,frozen,flatten,4,ridge,median_std_clip,completed,"{'total_params': 12687872, 'trainable_params': 0, 'trainable_pct': 0.0, 'method': 'frozen'}",21.95369839668274,0.28933333333333333,
b5zaymrl,v9,,0,,braindecode/physionet,frozen,flatten,4,ridge,median_std_clip,completed,"{'total_params': 12687872, 'trainable_params': 0, 'trainable_pct': 0.0, 'method': 'frozen'}",21.242238521575928,0.45839351252453286,
b5zaymrl,v9,,0,,braindecode/chbmit,frozen,flatten,4,ridge,median_std_clip,completed,"{'total_params': 12687872, 'trainable_params': 0, 'trainable_pct': 0.0, 'method': 'frozen'}",55.04766345024109,0.8879088333762555,
b5zaymrl,v9,,0,,braindecode/faced,frozen,flatten,4,ridge,median_std_clip,completed,"{'total_params': 12687872, 'trainable_params': 0, 'trainable_pct': 0.0, 'method': 'frozen'}",53.356032848358154,0.25395845096932057,
b5zaymrl,v9,,0,,braindecode/isruc-sleep,frozen,flatten,4,ridge,median_std_clip,completed,"{'total_params': 12687872, 'trainable_params': 0, 'trainable_pct': 0.0, 'method': 'frozen'}",90.56460332870483,0.6819555528864824,
b5zaymrl,v9,,0,,braindecode/mdd_mumtaz2016,frozen,flatten,4,ridge,median_std_clip,completed,"{'total_params': 12687872, 'trainable_params': 0, 'trainable_pct': 0.0, 'method': 'frozen'}",17.070013523101807,0.8341688589450891,
b5zaymrl,v9,,0,,braindecode/seed-v,frozen,flatten,4,ridge,median_std_clip,completed,"{'total_params': 12687872, 'trainable_params': 0, 'trainable_pct': 0.0, 'method': 'frozen'}",49.92603254318237,0.30623725927286083,
b5zaymrl,v9,,0,,braindecode/seed-vig,frozen,flatten,4,ridge,median_std_clip,completed,"{'total_params': 12687872, 'trainable_params': 0, 'trainable_pct': 0.0, 'method': 'frozen'}",23.193252325057983,,-0.8615651681954586
b5zaymrl,v9,,0,,braindecode/tuab,frozen,flatten,4,ridge,median_std_clip,completed,"{'total_params': 12687872, 'trainable_params': 0, 'trainable_pct': 0.0, 'method': 'frozen'}",57.50521206855774,0.7821642028436826,
b5zaymrl,v9,,0,,braindecode/tuev,frozen,flatten,4,ridge,median_std_clip,completed,"{'total_params': 12687872, 'trainable_params': 0, 'trainable_pct': 0.0, 'method': 'frozen'}",13.299681663513184,0.8588890992400585,
ximmpkge,v9,,0,,braindecode/arithmetic_zyma2019,frozen,flatten,0,ridge,median_std_clip,completed,"{'total_params': 12687872, 'trainable_params': 0, 'trainable_pct': 0.0, 'method': 'frozen'}",12.333590030670166,0.6701388888888888,
ximmpkge,v9,,0,,braindecode/bcic2a,frozen,flatten,0,ridge,median_std_clip,completed,"{'total_params': 12687872, 'trainable_params': 0, 'trainable_pct': 0.0, 'method': 'frozen'}",9.202747821807861,0.333912037037037,
ximmpkge,v9,,0,,braindecode/bcic2020-3,frozen,flatten,0,ridge,median_std_clip,completed,"{'total_params': 12687872, 'trainable_params': 0, 'trainable_pct': 0.0, 'method': 'frozen'}",21.723723649978638,0.29733333333333334,
ximmpkge,v9,,0,,braindecode/physionet,frozen,flatten,0,ridge,median_std_clip,completed,"{'total_params': 12687872, 'trainable_params': 0, 'trainable_pct': 0.0, 'method': 'frozen'}",23.75171184539795,0.3587970321542983,
ximmpkge,v9,,0,,braindecode/chbmit,frozen,flatten,0,ridge,median_std_clip,completed,"{'total_params': 12687872, 'trainable_params': 0, 'trainable_pct': 0.0, 'method': 'frozen'}",52.64419507980347,0.8264228689157868,
ximmpkge,v9,,0,,braindecode/faced,frozen,flatten,0,ridge,median_std_clip,completed,"{'total_params': 12687872, 'trainable_params': 0, 'trainable_pct': 0.0, 'method': 'frozen'}",50.52344059944153,0.17423624081232778,
ximmpkge,v9,,0,,braindecode/isruc-sleep,frozen,flatten,0,ridge,median_std_clip,completed,"{'total_params': 12687872, 'trainable_params': 0, 'trainable_pct': 0.0, 'method': 'frozen'}",88.57487416267395,0.6047883145060962,
ximmpkge,v9,,0,,braindecode/mdd_mumtaz2016,frozen,flatten,0,ridge,median_std_clip,completed,"{'total_params': 12687872, 'trainable_params': 0, 'trainable_pct': 0.0, 'method': 'frozen'}",15.726500272750854,0.7855850588147677,
ximmpkge,v9,,0,,braindecode/seed-v,frozen,flatten,0,ridge,median_std_clip,completed,"{'total_params': 12687872, 'trainable_params': 0, 'trainable_pct': 0.0, 'method': 'frozen'}",49.65287733078003,0.2935046659601226,
ximmpkge,v9,,0,,braindecode/seed-vig,frozen,flatten,0,ridge,median_std_clip,completed,"{'total_params': 12687872, 'trainable_params': 0, 'trainable_pct': 0.0, 'method': 'frozen'}",23.1751811504364,,-0.851071989218789
ximmpkge,v9,,0,,braindecode/tuab,frozen,flatten,0,ridge,median_std_clip,completed,"{'total_params': 12687872, 'trainable_params': 0, 'trainable_pct': 0.0, 'method': 'frozen'}",55.826067209243774,0.7683627431433737,
ximmpkge,v9,,0,,braindecode/tuev,frozen,flatten,0,ridge,median_std_clip,completed,"{'total_params': 12687872, 'trainable_params': 0, 'trainable_pct': 0.0, 'method': 'frozen'}",12.452904462814331,0.9225825335863949,
ximmpkge,v9,,0,,braindecode/arithmetic_zyma2019,frozen,flatten,1,ridge,median_std_clip,completed,"{'total_params': 12687872, 'trainable_params': 0, 'trainable_pct': 0.0, 'method': 'frozen'}",11.614605903625488,0.6944444444444444,
ximmpkge,v9,,0,,braindecode/bcic2a,frozen,flatten,1,ridge,median_std_clip,completed,"{'total_params': 12687872, 'trainable_params': 0, 'trainable_pct': 0.0, 'method': 'frozen'}",9.109262704849243,0.32523148148148145,
ximmpkge,v9,,0,,braindecode/bcic2020-3,frozen,flatten,1,ridge,median_std_clip,completed,"{'total_params': 12687872, 'trainable_params': 0, 'trainable_pct': 0.0, 'method': 'frozen'}",21.896194219589233,0.2746666666666667,
ximmpkge,v9,,0,,braindecode/physionet,frozen,flatten,1,ridge,median_std_clip,completed,"{'total_params': 12687872, 'trainable_params': 0, 'trainable_pct': 0.0, 'method': 'frozen'}",24.083073139190674,0.3548645799698591,
ximmpkge,v9,,0,,braindecode/chbmit,frozen,flatten,1,ridge,median_std_clip,completed,"{'total_params': 12687872, 'trainable_params': 0, 'trainable_pct': 0.0, 'method': 'frozen'}",54.21770691871643,0.9177826422868915,
ximmpkge,v9,,0,,braindecode/faced,frozen,flatten,1,ridge,median_std_clip,completed,"{'total_params': 12687872, 'trainable_params': 0, 'trainable_pct': 0.0, 'method': 'frozen'}",50.403809785842896,0.16087505489679402,
ximmpkge,v9,,0,,braindecode/isruc-sleep,frozen,flatten,1,ridge,median_std_clip,completed,"{'total_params': 12687872, 'trainable_params': 0, 'trainable_pct': 0.0, 'method': 'frozen'}",89.07675695419312,0.603357577468478,
ximmpkge,v9,,0,,braindecode/mdd_mumtaz2016,frozen,flatten,1,ridge,median_std_clip,completed,"{'total_params': 12687872, 'trainable_params': 0, 'trainable_pct': 0.0, 'method': 'frozen'}",18.02253270149231,0.7483406482740195,
ximmpkge,v9,,0,,braindecode/seed-v,frozen,flatten,1,ridge,median_std_clip,completed,"{'total_params': 12687872, 'trainable_params': 0, 'trainable_pct': 0.0, 'method': 'frozen'}",50.87367105484009,0.293410373918359,
ximmpkge,v9,,0,,braindecode/seed-vig,frozen,flatten,1,ridge,median_std_clip,completed,"{'total_params': 12687872, 'trainable_params': 0, 'trainable_pct': 0.0, 'method': 'frozen'}",18.99764847755432,,-0.8463499030498849
ximmpkge,v9,,0,,braindecode/tuab,frozen,flatten,1,ridge,median_std_clip,completed,"{'total_params': 12687872, 'trainable_params': 0, 'trainable_pct': 0.0, 'method': 'frozen'}",56.912606954574585,0.7704766315780042,
ximmpkge,v9,,0,,braindecode/tuev,frozen,flatten,1,ridge,median_std_clip,completed,"{'total_params': 12687872, 'trainable_params': 0, 'trainable_pct': 0.0, 'method': 'frozen'}",13.442126035690308,0.9239324029344393,
ximmpkge,v9,,0,,braindecode/arithmetic_zyma2019,frozen,flatten,2,ridge,median_std_clip,completed,"{'total_params': 12687872, 'trainable_params': 0, 'trainable_pct': 0.0, 'method': 'frozen'}",11.888619422912598,0.6631944444444444,
ximmpkge,v9,,0,,braindecode/bcic2a,frozen,flatten,2,ridge,median_std_clip,completed,"{'total_params': 12687872, 'trainable_params': 0, 'trainable_pct': 0.0, 'method': 'frozen'}",8.990912675857544,0.3252314814814815,
ximmpkge,v9,,0,,braindecode/bcic2020-3,frozen,flatten,2,ridge,median_std_clip,completed,"{'total_params': 12687872, 'trainable_params': 0, 'trainable_pct': 0.0, 'method': 'frozen'}",21.73583960533142,0.28400000000000003,
ximmpkge,v9,,0,,braindecode/physionet,frozen,flatten,2,ridge,median_std_clip,completed,"{'total_params': 12687872, 'trainable_params': 0, 'trainable_pct': 0.0, 'method': 'frozen'}",23.995402574539185,0.3814394166533894,
ximmpkge,v9,,0,,braindecode/chbmit,frozen,flatten,2,ridge,median_std_clip,completed,"{'total_params': 12687872, 'trainable_params': 0, 'trainable_pct': 0.0, 'method': 'frozen'}",54.31171536445618,0.9203794317108764,
ximmpkge,v9,,0,,braindecode/faced,frozen,flatten,2,ridge,median_std_clip,completed,"{'total_params': 12687872, 'trainable_params': 0, 'trainable_pct': 0.0, 'method': 'frozen'}",50.006248474121094,0.16673468439772787,
ximmpkge,v9,,0,,braindecode/isruc-sleep,frozen,flatten,2,ridge,median_std_clip,completed,"{'total_params': 12687872, 'trainable_params': 0, 'trainable_pct': 0.0, 'method': 'frozen'}",86.86060166358948,0.6072611626987197,
ximmpkge,v9,,0,,braindecode/mdd_mumtaz2016,frozen,flatten,2,ridge,median_std_clip,completed,"{'total_params': 12687872, 'trainable_params': 0, 'trainable_pct': 0.0, 'method': 'frozen'}",15.98464846611023,0.7892749701468361,
ximmpkge,v9,,0,,braindecode/seed-v,frozen,flatten,2,ridge,median_std_clip,completed,"{'total_params': 12687872, 'trainable_params': 0, 'trainable_pct': 0.0, 'method': 'frozen'}",50.499778509140015,0.2936765723369895,
ximmpkge,v9,,0,,braindecode/seed-vig,frozen,flatten,2,ridge,median_std_clip,completed,"{'total_params': 12687872, 'trainable_params': 0, 'trainable_pct': 0.0, 'method': 'frozen'}",19.16457748413086,,-0.8362435843798013
ximmpkge,v9,,0,,braindecode/tuab,frozen,flatten,2,ridge,median_std_clip,completed,"{'total_params': 12687872, 'trainable_params': 0, 'trainable_pct': 0.0, 'method': 'frozen'}",54.80278754234314,0.767196450213153,
ximmpkge,v9,,0,,braindecode/tuev,frozen,flatten,2,ridge,median_std_clip,completed,"{'total_params': 12687872, 'trainable_params': 0, 'trainable_pct': 0.0, 'method': 'frozen'}",12.478773832321167,0.9196552508083657,
ximmpkge,v9,,0,,braindecode/arithmetic_zyma2019,frozen,flatten,3,ridge,median_std_clip,completed,"{'total_params': 12687872, 'trainable_params': 0, 'trainable_pct': 0.0, 'method': 'frozen'}",11.25859546661377,0.6527777777777778,
ximmpkge,v9,,0,,braindecode/bcic2a,frozen,flatten,3,ridge,median_std_clip,completed,"{'total_params': 12687872, 'trainable_params': 0, 'trainable_pct': 0.0, 'method': 'frozen'}",9.264639616012573,0.3130787037037037,
ximmpkge,v9,,0,,braindecode/bcic2020-3,frozen,flatten,3,ridge,median_std_clip,completed,"{'total_params': 12687872, 'trainable_params': 0, 'trainable_pct': 0.0, 'method': 'frozen'}",21.296451091766357,0.2920000000000001,
ximmpkge,v9,,0,,braindecode/physionet,frozen,flatten,3,ridge,median_std_clip,completed,"{'total_params': 12687872, 'trainable_params': 0, 'trainable_pct': 0.0, 'method': 'frozen'}",23.771238803863525,0.35542378958876486,
ximmpkge,v9,,0,,braindecode/chbmit,frozen,flatten,3,ridge,median_std_clip,completed,"{'total_params': 12687872, 'trainable_params': 0, 'trainable_pct': 0.0, 'method': 'frozen'}",52.793516874313354,0.9189630011159756,
ximmpkge,v9,,0,,braindecode/faced,frozen,flatten,3,ridge,median_std_clip,completed,"{'total_params': 12687872, 'trainable_params': 0, 'trainable_pct': 0.0, 'method': 'frozen'}",51.189600706100464,0.16708970377448637,
ximmpkge,v9,,0,,braindecode/isruc-sleep,frozen,flatten,3,ridge,median_std_clip,completed,"{'total_params': 12687872, 'trainable_params': 0, 'trainable_pct': 0.0, 'method': 'frozen'}",88.15580487251282,0.6014624421061143,
ximmpkge,v9,,0,,braindecode/mdd_mumtaz2016,frozen,flatten,3,ridge,median_std_clip,completed,"{'total_params': 12687872, 'trainable_params': 0, 'trainable_pct': 0.0, 'method': 'frozen'}",15.942169666290283,0.7593607971421854,
ximmpkge,v9,,0,,braindecode/seed-v,frozen,flatten,3,ridge,median_std_clip,completed,"{'total_params': 12687872, 'trainable_params': 0, 'trainable_pct': 0.0, 'method': 'frozen'}",50.50364089012146,0.29294639546163026,
ximmpkge,v9,,0,,braindecode/seed-vig,frozen,flatten,3,ridge,median_std_clip,completed,"{'total_params': 12687872, 'trainable_params': 0, 'trainable_pct': 0.0, 'method': 'frozen'}",23.05996608734131,,-0.8215168579431278
ximmpkge,v9,,0,,braindecode/tuab,frozen,flatten,3,ridge,median_std_clip,completed,"{'total_params': 12687872, 'trainable_params': 0, 'trainable_pct': 0.0, 'method': 'frozen'}",58.3635892868042,0.7736383635048041,
ximmpkge,v9,,0,,braindecode/tuev,frozen,flatten,3,ridge,median_std_clip,completed,"{'total_params': 12687872, 'trainable_params': 0, 'trainable_pct': 0.0, 'method': 'frozen'}",13.19286060333252,0.9221204508522867,
ximmpkge,v9,,0,,braindecode/arithmetic_zyma2019,frozen,flatten,4,ridge,median_std_clip,completed,"{'total_params': 12687872, 'trainable_params': 0, 'trainable_pct': 0.0, 'method': 'frozen'}",12.34180736541748,0.6597222222222222,
ximmpkge,v9,,0,,braindecode/bcic2a,frozen,flatten,4,ridge,median_std_clip,completed,"{'total_params': 12687872, 'trainable_params': 0, 'trainable_pct': 0.0, 'method': 'frozen'}",9.323718309402466,0.3072916666666667,
ximmpkge,v9,,0,,braindecode/bcic2020-3,frozen,flatten,4,ridge,median_std_clip,completed,"{'total_params': 12687872, 'trainable_params': 0, 'trainable_pct': 0.0, 'method': 'frozen'}",19.480817556381226,0.31866666666666665,
ximmpkge,v9,,0,,braindecode/physionet,frozen,flatten,4,ridge,median_std_clip,completed,"{'total_params': 12687872, 'trainable_params': 0, 'trainable_pct': 0.0, 'method': 'frozen'}",25.610187768936157,0.3616007351021673,
ximmpkge,v9,,0,,braindecode/chbmit,frozen,flatten,4,ridge,median_std_clip,completed,"{'total_params': 12687872, 'trainable_params': 0, 'trainable_pct': 0.0, 'method': 'frozen'}",54.228423833847046,0.8493218302000172,
ximmpkge,v9,,0,,braindecode/faced,frozen,flatten,4,ridge,median_std_clip,completed,"{'total_params': 12687872, 'trainable_params': 0, 'trainable_pct': 0.0, 'method': 'frozen'}",51.42893028259277,0.169544977968891,
ximmpkge,v9,,0,,braindecode/isruc-sleep,frozen,flatten,4,ridge,median_std_clip,completed,"{'total_params': 12687872, 'trainable_params': 0, 'trainable_pct': 0.0, 'method': 'frozen'}",88.78855085372925,0.6082633540094055,
ximmpkge,v9,,0,,braindecode/mdd_mumtaz2016,frozen,flatten,4,ridge,median_std_clip,completed,"{'total_params': 12687872, 'trainable_params': 0, 'trainable_pct': 0.0, 'method': 'frozen'}",16.310580730438232,0.7729769705275722,
ximmpkge,v9,,0,,braindecode/seed-v,frozen,flatten,4,ridge,median_std_clip,completed,"{'total_params': 12687872, 'trainable_params': 0, 'trainable_pct': 0.0, 'method': 'frozen'}",48.838765382766724,0.2955335647560096,
ximmpkge,v9,,0,,braindecode/seed-vig,frozen,flatten,4,ridge,median_std_clip,completed,"{'total_params': 12687872, 'trainable_params': 0, 'trainable_pct': 0.0, 'method': 'frozen'}",22.939183235168457,,-0.8492893554797654
ximmpkge,v9,,0,,braindecode/tuab,frozen,flatten,4,ridge,median_std_clip,completed,"{'total_params': 12687872, 'trainable_params': 0, 'trainable_pct': 0.0, 'method': 'frozen'}",57.55010533332825,0.7670471983207623,
ximmpkge,v9,,0,,braindecode/tuev,frozen,flatten,4,ridge,median_std_clip,completed,"{'total_params': 12687872, 'trainable_params': 0, 'trainable_pct': 0.0, 'method': 'frozen'}",13.033404111862183,0.9189762536911054,
m9jztpss,v9,,0,,braindecode/arithmetic_zyma2019,frozen,flatten,0,ridge,median_std_clip,completed,"{'total_params': 12687872, 'trainable_params': 0, 'trainable_pct': 0.0, 'method': 'frozen'}",11.341458797454834,0.7256944444444444,
m9jztpss,v9,,0,,braindecode/bcic2a,frozen,flatten,0,ridge,median_std_clip,completed,"{'total_params': 12687872, 'trainable_params': 0, 'trainable_pct': 0.0, 'method': 'frozen'}",9.24703073501587,0.4537037037037037,
m9jztpss,v9,,0,,braindecode/bcic2020-3,frozen,flatten,0,ridge,median_std_clip,completed,"{'total_params': 12687872, 'trainable_params': 0, 'trainable_pct': 0.0, 'method': 'frozen'}",21.47262454032898,0.23733333333333334,
m9jztpss,v9,,0,,braindecode/physionet,frozen,flatten,0,ridge,median_std_clip,completed,"{'total_params': 12687872, 'trainable_params': 0, 'trainable_pct': 0.0, 'method': 'frozen'}",23.61623740196228,0.5596791764109706,
m9jztpss,v9,,0,,braindecode/chbmit,frozen,flatten,0,ridge,median_std_clip,completed,"{'total_params': 12687872, 'trainable_params': 0, 'trainable_pct': 0.0, 'method': 'frozen'}",53.481892347335815,0.8051978710618937,
m9jztpss,v9,,0,,braindecode/faced,frozen,flatten,0,ridge,median_std_clip,completed,"{'total_params': 12687872, 'trainable_params': 0, 'trainable_pct': 0.0, 'method': 'frozen'}",50.06623840332031,0.2799336834662921,
m9jztpss,v9,,0,,braindecode/isruc-sleep,frozen,flatten,0,ridge,median_std_clip,completed,"{'total_params': 12687872, 'trainable_params': 0, 'trainable_pct': 0.0, 'method': 'frozen'}",86.39778232574463,0.7172629192468374,
m9jztpss,v9,,0,,braindecode/mdd_mumtaz2016,frozen,flatten,0,ridge,median_std_clip,completed,"{'total_params': 12687872, 'trainable_params': 0, 'trainable_pct': 0.0, 'method': 'frozen'}",15.94831919670105,0.8367726129087394,
m9jztpss,v9,,0,,braindecode/seed-v,frozen,flatten,0,ridge,median_std_clip,completed,"{'total_params': 12687872, 'trainable_params': 0, 'trainable_pct': 0.0, 'method': 'frozen'}",49.990232944488525,0.2990483849833562,
m9jztpss,v9,,0,,braindecode/seed-vig,frozen,flatten,0,ridge,median_std_clip,completed,"{'total_params': 12687872, 'trainable_params': 0, 'trainable_pct': 0.0, 'method': 'frozen'}",23.00963544845581,,-0.15073049361571633
m9jztpss,v9,,0,,braindecode/tuab,frozen,flatten,0,ridge,median_std_clip,completed,"{'total_params': 12687872, 'trainable_params': 0, 'trainable_pct': 0.0, 'method': 'frozen'}",56.3615665435791,0.8136473914241487,
m9jztpss,v9,,0,,braindecode/tuev,frozen,flatten,0,ridge,median_std_clip,completed,"{'total_params': 12687872, 'trainable_params': 0, 'trainable_pct': 0.0, 'method': 'frozen'}",13.256448745727539,0.9524898779589277,
m9jztpss,v9,,0,,braindecode/arithmetic_zyma2019,frozen,flatten,1,ridge,median_std_clip,completed,"{'total_params': 12687872, 'trainable_params': 0, 'trainable_pct': 0.0, 'method': 'frozen'}",13.437462091445923,0.6284722222222222,
m9jztpss,v9,,0,,braindecode/bcic2a,frozen,flatten,1,ridge,median_std_clip,completed,"{'total_params': 12687872, 'trainable_params': 0, 'trainable_pct': 0.0, 'method': 'frozen'}",8.695751190185547,0.4513888888888889,
m9jztpss,v9,,0,,braindecode/bcic2020-3,frozen,flatten,1,ridge,median_std_clip,completed,"{'total_params': 12687872, 'trainable_params': 0, 'trainable_pct': 0.0, 'method': 'frozen'}",19.562132120132446,0.26266666666666666,
m9jztpss,v9,,0,,braindecode/physionet,frozen,flatten,1,ridge,median_std_clip,completed,"{'total_params': 12687872, 'trainable_params': 0, 'trainable_pct': 0.0, 'method': 'frozen'}",25.30266261100769,0.5432674545768993,
m9jztpss,v9,,0,,braindecode/chbmit,frozen,flatten,1,ridge,median_std_clip,completed,"{'total_params': 12687872, 'trainable_params': 0, 'trainable_pct': 0.0, 'method': 'frozen'}",56.071616649627686,0.8979955360975191,
m9jztpss,v9,,0,,braindecode/faced,frozen,flatten,1,ridge,median_std_clip,completed,"{'total_params': 12687872, 'trainable_params': 0, 'trainable_pct': 0.0, 'method': 'frozen'}",50.89473581314087,0.2968221392134436,
m9jztpss,v9,,0,,braindecode/isruc-sleep,frozen,flatten,1,ridge,median_std_clip,completed,"{'total_params': 12687872, 'trainable_params': 0, 'trainable_pct': 0.0, 'method': 'frozen'}",89.19761943817139,0.7195530835424726,
m9jztpss,v9,,0,,braindecode/mdd_mumtaz2016,frozen,flatten,1,ridge,median_std_clip,completed,"{'total_params': 12687872, 'trainable_params': 0, 'trainable_pct': 0.0, 'method': 'frozen'}",16.35146713256836,0.8417217920415285,
m9jztpss,v9,,0,,braindecode/seed-v,frozen,flatten,1,ridge,median_std_clip,completed,"{'total_params': 12687872, 'trainable_params': 0, 'trainable_pct': 0.0, 'method': 'frozen'}",49.512104511260986,0.297504362705609,
m9jztpss,v9,,0,,braindecode/seed-vig,frozen,flatten,1,ridge,median_std_clip,completed,"{'total_params': 12687872, 'trainable_params': 0, 'trainable_pct': 0.0, 'method': 'frozen'}",22.86064648628235,,-0.15678326688672417
m9jztpss,v9,,0,,braindecode/tuab,frozen,flatten,1,ridge,median_std_clip,completed,"{'total_params': 12687872, 'trainable_params': 0, 'trainable_pct': 0.0, 'method': 'frozen'}",55.49900007247925,0.8107177979941442,
m9jztpss,v9,,0,,braindecode/tuev,frozen,flatten,1,ridge,median_std_clip,completed,"{'total_params': 12687872, 'trainable_params': 0, 'trainable_pct': 0.0, 'method': 'frozen'}",12.49399209022522,0.8989828020216827,
m9jztpss,v9,,0,,braindecode/arithmetic_zyma2019,frozen,flatten,2,ridge,median_std_clip,completed,"{'total_params': 12687872, 'trainable_params': 0, 'trainable_pct': 0.0, 'method': 'frozen'}",11.91539978981018,0.6875,
m9jztpss,v9,,0,,braindecode/bcic2a,frozen,flatten,2,ridge,median_std_clip,completed,"{'total_params': 12687872, 'trainable_params': 0, 'trainable_pct': 0.0, 'method': 'frozen'}",9.356801986694336,0.4565972222222222,
m9jztpss,v9,,0,,braindecode/bcic2020-3,frozen,flatten,2,ridge,median_std_clip,completed,"{'total_params': 12687872, 'trainable_params': 0, 'trainable_pct': 0.0, 'method': 'frozen'}",21.236279010772705,0.24933333333333332,
m9jztpss,v9,,0,,braindecode/physionet,frozen,flatten,2,ridge,median_std_clip,completed,"{'total_params': 12687872, 'trainable_params': 0, 'trainable_pct': 0.0, 'method': 'frozen'}",24.008352994918823,0.5591058991171858,
m9jztpss,v9,,0,,braindecode/chbmit,frozen,flatten,2,ridge,median_std_clip,completed,"{'total_params': 12687872, 'trainable_params': 0, 'trainable_pct': 0.0, 'method': 'frozen'}",55.1343948841095,0.876920765730964,
m9jztpss,v9,,0,,braindecode/faced,frozen,flatten,2,ridge,median_std_clip,completed,"{'total_params': 12687872, 'trainable_params': 0, 'trainable_pct': 0.0, 'method': 'frozen'}",49.31910848617554,0.29080234379147424,
m9jztpss,v9,,0,,braindecode/isruc-sleep,frozen,flatten,2,ridge,median_std_clip,completed,"{'total_params': 12687872, 'trainable_params': 0, 'trainable_pct': 0.0, 'method': 'frozen'}",85.54998683929443,0.7224156740196155,
m9jztpss,v9,,0,,braindecode/mdd_mumtaz2016,frozen,flatten,2,ridge,median_std_clip,completed,"{'total_params': 12687872, 'trainable_params': 0, 'trainable_pct': 0.0, 'method': 'frozen'}",15.578617572784424,0.7962918005060017,
m9jztpss,v9,,0,,braindecode/seed-v,frozen,flatten,2,ridge,median_std_clip,completed,"{'total_params': 12687872, 'trainable_params': 0, 'trainable_pct': 0.0, 'method': 'frozen'}",48.22804665565491,0.29899708955132775,
m9jztpss,v9,,0,,braindecode/seed-vig,frozen,flatten,2,ridge,median_std_clip,completed,"{'total_params': 12687872, 'trainable_params': 0, 'trainable_pct': 0.0, 'method': 'frozen'}",23.24876070022583,,-0.16245438104115717
m9jztpss,v9,,0,,braindecode/tuab,frozen,flatten,2,ridge,median_std_clip,completed,"{'total_params': 12687872, 'trainable_params': 0, 'trainable_pct': 0.0, 'method': 'frozen'}",57.233532667160034,0.8109546968702466,
m9jztpss,v9,,0,,braindecode/tuev,frozen,flatten,2,ridge,median_std_clip,completed,"{'total_params': 12687872, 'trainable_params': 0, 'trainable_pct': 0.0, 'method': 'frozen'}",13.12297534942627,0.8998426064163209,
m9jztpss,v9,,0,,braindecode/arithmetic_zyma2019,frozen,flatten,3,ridge,median_std_clip,completed,"{'total_params': 12687872, 'trainable_params': 0, 'trainable_pct': 0.0, 'method': 'frozen'}",11.45748519897461,0.6979166666666667,
m9jztpss,v9,,0,,braindecode/bcic2a,frozen,flatten,3,ridge,median_std_clip,completed,"{'total_params': 12687872, 'trainable_params': 0, 'trainable_pct': 0.0, 'method': 'frozen'}",8.947888135910034,0.43634259259259256,
m9jztpss,v9,,0,,braindecode/bcic2020-3,frozen,flatten,3,ridge,median_std_clip,completed,"{'total_params': 12687872, 'trainable_params': 0, 'trainable_pct': 0.0, 'method': 'frozen'}",20.934348821640015,0.272,
m9jztpss,v9,,0,,braindecode/physionet,frozen,flatten,3,ridge,median_std_clip,completed,"{'total_params': 12687872, 'trainable_params': 0, 'trainable_pct': 0.0, 'method': 'frozen'}",23.974787950515747,0.5449438008693088,
m9jztpss,v9,,0,,braindecode/chbmit,frozen,flatten,3,ridge,median_std_clip,completed,"{'total_params': 12687872, 'trainable_params': 0, 'trainable_pct': 0.0, 'method': 'frozen'}",54.37644124031067,0.8743239763069791,
m9jztpss,v9,,0,,braindecode/faced,frozen,flatten,3,ridge,median_std_clip,completed,"{'total_params': 12687872, 'trainable_params': 0, 'trainable_pct': 0.0, 'method': 'frozen'}",53.82637143135071,0.2922185000989349,
m9jztpss,v9,,0,,braindecode/isruc-sleep,frozen,flatten,3,ridge,median_std_clip,completed,"{'total_params': 12687872, 'trainable_params': 0, 'trainable_pct': 0.0, 'method': 'frozen'}",91.06830859184265,0.7169687452080065,
m9jztpss,v9,,0,,braindecode/mdd_mumtaz2016,frozen,flatten,3,ridge,median_std_clip,completed,"{'total_params': 12687872, 'trainable_params': 0, 'trainable_pct': 0.0, 'method': 'frozen'}",16.59720253944397,0.7959301207485372,
m9jztpss,v9,,0,,braindecode/seed-v,frozen,flatten,3,ridge,median_std_clip,completed,"{'total_params': 12687872, 'trainable_params': 0, 'trainable_pct': 0.0, 'method': 'frozen'}",49.893320083618164,0.2983938082308679,
m9jztpss,v9,,0,,braindecode/seed-vig,frozen,flatten,3,ridge,median_std_clip,completed,"{'total_params': 12687872, 'trainable_params': 0, 'trainable_pct': 0.0, 'method': 'frozen'}",19.12778902053833,,-0.1770990325216537
m9jztpss,v9,,0,,braindecode/tuab,frozen,flatten,3,ridge,median_std_clip,completed,"{'total_params': 12687872, 'trainable_params': 0, 'trainable_pct': 0.0, 'method': 'frozen'}",57.00611448287964,0.8120333428167557,
m9jztpss,v9,,0,,braindecode/tuev,frozen,flatten,3,ridge,median_std_clip,completed,"{'total_params': 12687872, 'trainable_params': 0, 'trainable_pct': 0.0, 'method': 'frozen'}",12.93002200126648,0.9565927644636765,
m9jztpss,v9,,0,,braindecode/arithmetic_zyma2019,frozen,flatten,4,ridge,median_std_clip,completed,"{'total_params': 12687872, 'trainable_params': 0, 'trainable_pct': 0.0, 'method': 'frozen'}",11.684961080551147,0.5659722222222222,
m9jztpss,v9,,0,,braindecode/bcic2a,frozen,flatten,4,ridge,median_std_clip,completed,"{'total_params': 12687872, 'trainable_params': 0, 'trainable_pct': 0.0, 'method': 'frozen'}",9.053578615188599,0.45023148148148145,
m9jztpss,v9,,0,,braindecode/bcic2020-3,frozen,flatten,4,ridge,median_std_clip,completed,"{'total_params': 12687872, 'trainable_params': 0, 'trainable_pct': 0.0, 'method': 'frozen'}",20.972044467926025,0.27199999999999996,
m9jztpss,v9,,0,,braindecode/physionet,frozen,flatten,4,ridge,median_std_clip,completed,"{'total_params': 12687872, 'trainable_params': 0, 'trainable_pct': 0.0, 'method': 'frozen'}",23.941284656524658,0.5528726250006861,
m9jztpss,v9,,0,,braindecode/chbmit,frozen,flatten,4,ridge,median_std_clip,completed,"{'total_params': 12687872, 'trainable_params': 0, 'trainable_pct': 0.0, 'method': 'frozen'}",52.98391509056091,0.8736157610095288,
m9jztpss,v9,,0,,braindecode/faced,frozen,flatten,4,ridge,median_std_clip,completed,"{'total_params': 12687872, 'trainable_params': 0, 'trainable_pct': 0.0, 'method': 'frozen'}",51.53693723678589,0.283352366232801,
m9jztpss,v9,,0,,braindecode/isruc-sleep,frozen,flatten,4,ridge,median_std_clip,completed,"{'total_params': 12687872, 'trainable_params': 0, 'trainable_pct': 0.0, 'method': 'frozen'}",89.7995011806488,0.7224572045953961,
m9jztpss,v9,,0,,braindecode/mdd_mumtaz2016,frozen,flatten,4,ridge,median_std_clip,completed,"{'total_params': 12687872, 'trainable_params': 0, 'trainable_pct': 0.0, 'method': 'frozen'}",15.70838451385498,0.7942846723035559,
m9jztpss,v9,,0,,braindecode/seed-v,frozen,flatten,4,ridge,median_std_clip,completed,"{'total_params': 12687872, 'trainable_params': 0, 'trainable_pct': 0.0, 'method': 'frozen'}",48.20009636878967,0.29845350753020167,
m9jztpss,v9,,0,,braindecode/seed-vig,frozen,flatten,4,ridge,median_std_clip,completed,"{'total_params': 12687872, 'trainable_params': 0, 'trainable_pct': 0.0, 'method': 'frozen'}",23.286744356155396,,-0.1476779541886879
m9jztpss,v9,,0,,braindecode/tuab,frozen,flatten,4,ridge,median_std_clip,completed,"{'total_params': 12687872, 'trainable_params': 0, 'trainable_pct': 0.0, 'method': 'frozen'}",55.48837327957153,0.8111781546753646,
m9jztpss,v9,,0,,braindecode/tuev,frozen,flatten,4,ridge,median_std_clip,completed,"{'total_params': 12687872, 'trainable_params': 0, 'trainable_pct': 0.0, 'method': 'frozen'}",12.534312725067139,0.9552153539953568,
l29shjdg,v9,,0,,braindecode/arithmetic_zyma2019,frozen,flatten,0,ridge,median_std_clip,completed,"{'total_params': 12687872, 'trainable_params': 0, 'trainable_pct': 0.0, 'method': 'frozen'}",11.614989995956421,0.6840277777777778,
l29shjdg,v9,,0,,braindecode/bcic2a,frozen,flatten,0,ridge,median_std_clip,completed,"{'total_params': 12687872, 'trainable_params': 0, 'trainable_pct': 0.0, 'method': 'frozen'}",9.331149339675903,0.3101851851851852,
l29shjdg,v9,,0,,braindecode/bcic2020-3,frozen,flatten,0,ridge,median_std_clip,completed,"{'total_params': 12687872, 'trainable_params': 0, 'trainable_pct': 0.0, 'method': 'frozen'}",21.39937663078308,0.248,
l29shjdg,v9,,0,,braindecode/physionet,frozen,flatten,0,ridge,median_std_clip,completed,"{'total_params': 12687872, 'trainable_params': 0, 'trainable_pct': 0.0, 'method': 'frozen'}",24.078864574432373,0.38935291370701197,
l29shjdg,v9,,0,,braindecode/chbmit,frozen,flatten,0,ridge,median_std_clip,completed,"{'total_params': 12687872, 'trainable_params': 0, 'trainable_pct': 0.0, 'method': 'frozen'}",54.31563210487366,0.8365524937762898,
l29shjdg,v9,,0,,braindecode/faced,frozen,flatten,0,ridge,median_std_clip,completed,"{'total_params': 12687872, 'trainable_params': 0, 'trainable_pct': 0.0, 'method': 'frozen'}",50.301284313201904,0.1923705823162345,
l29shjdg,v9,,0,,braindecode/isruc-sleep,frozen,flatten,0,ridge,median_std_clip,completed,"{'total_params': 12687872, 'trainable_params': 0, 'trainable_pct': 0.0, 'method': 'frozen'}",89.00406885147095,0.5741421083779659,
l29shjdg,v9,,0,,braindecode/mdd_mumtaz2016,frozen,flatten,0,ridge,median_std_clip,completed,"{'total_params': 12687872, 'trainable_params': 0, 'trainable_pct': 0.0, 'method': 'frozen'}",17.306511163711548,0.7663591546105127,
l29shjdg,v9,,0,,braindecode/seed-v,frozen,flatten,0,ridge,median_std_clip,completed,"{'total_params': 12687872, 'trainable_params': 0, 'trainable_pct': 0.0, 'method': 'frozen'}",51.84085536003113,0.27959066656436604,
l29shjdg,v9,,0,,braindecode/seed-vig,frozen,flatten,0,ridge,median_std_clip,completed,"{'total_params': 12687872, 'trainable_params': 0, 'trainable_pct': 0.0, 'method': 'frozen'}",23.107526063919067,,-0.8418988301534265
l29shjdg,v9,,0,,braindecode/tuab,frozen,flatten,0,ridge,median_std_clip,completed,"{'total_params': 12687872, 'trainable_params': 0, 'trainable_pct': 0.0, 'method': 'frozen'}",56.33376216888428,0.7359414798171118,
l29shjdg,v9,,0,,braindecode/tuev,frozen,flatten,0,ridge,median_std_clip,completed,"{'total_params': 12687872, 'trainable_params': 0, 'trainable_pct': 0.0, 'method': 'frozen'}",13.474432468414307,0.8617206123310109,
l29shjdg,v9,,0,,braindecode/arithmetic_zyma2019,frozen,flatten,1,ridge,median_std_clip,completed,"{'total_params': 12687872, 'trainable_params': 0, 'trainable_pct': 0.0, 'method': 'frozen'}",12.749088287353516,0.6736111111111112,
l29shjdg,v9,,0,,braindecode/bcic2a,frozen,flatten,1,ridge,median_std_clip,completed,"{'total_params': 12687872, 'trainable_params': 0, 'trainable_pct': 0.0, 'method': 'frozen'}",9.629459381103516,0.29571759259259256,
l29shjdg,v9,,0,,braindecode/bcic2020-3,frozen,flatten,1,ridge,median_std_clip,completed,"{'total_params': 12687872, 'trainable_params': 0, 'trainable_pct': 0.0, 'method': 'frozen'}",21.609440088272095,0.26533333333333337,
l29shjdg,v9,,0,,braindecode/physionet,frozen,flatten,1,ridge,median_std_clip,completed,"{'total_params': 12687872, 'trainable_params': 0, 'trainable_pct': 0.0, 'method': 'frozen'}",23.67537784576416,0.3938458407035905,
l29shjdg,v9,,0,,braindecode/chbmit,frozen,flatten,1,ridge,median_std_clip,completed,"{'total_params': 12687872, 'trainable_params': 0, 'trainable_pct': 0.0, 'method': 'frozen'}",53.32348966598511,0.7932225942140956,
l29shjdg,v9,,0,,braindecode/faced,frozen,flatten,1,ridge,median_std_clip,completed,"{'total_params': 12687872, 'trainable_params': 0, 'trainable_pct': 0.0, 'method': 'frozen'}",50.15735340118408,0.20611589497459062,
l29shjdg,v9,,0,,braindecode/isruc-sleep,frozen,flatten,1,ridge,median_std_clip,completed,"{'total_params': 12687872, 'trainable_params': 0, 'trainable_pct': 0.0, 'method': 'frozen'}",86.56572651863098,0.5734647159218312,
l29shjdg,v9,,0,,braindecode/mdd_mumtaz2016,frozen,flatten,1,ridge,median_std_clip,completed,"{'total_params': 12687872, 'trainable_params': 0, 'trainable_pct': 0.0, 'method': 'frozen'}",16.499387979507446,0.7613880996859415,
l29shjdg,v9,,0,,braindecode/seed-v,frozen,flatten,1,ridge,median_std_clip,completed,"{'total_params': 12687872, 'trainable_params': 0, 'trainable_pct': 0.0, 'method': 'frozen'}",50.60326910018921,0.2790502814354389,
l29shjdg,v9,,0,,braindecode/seed-vig,frozen,flatten,1,ridge,median_std_clip,completed,"{'total_params': 12687872, 'trainable_params': 0, 'trainable_pct': 0.0, 'method': 'frozen'}",23.238552808761597,,-0.8615608174828726
l29shjdg,v9,,0,,braindecode/tuab,frozen,flatten,1,ridge,median_std_clip,completed,"{'total_params': 12687872, 'trainable_params': 0, 'trainable_pct': 0.0, 'method': 'frozen'}",54.587867975234985,0.7360907317095027,
l29shjdg,v9,,0,,braindecode/tuev,frozen,flatten,1,ridge,median_std_clip,completed,"{'total_params': 12687872, 'trainable_params': 0, 'trainable_pct': 0.0, 'method': 'frozen'}",12.393702030181885,0.864637966442629,
l29shjdg,v9,,0,,braindecode/arithmetic_zyma2019,frozen,flatten,2,ridge,median_std_clip,completed,"{'total_params': 12687872, 'trainable_params': 0, 'trainable_pct': 0.0, 'method': 'frozen'}",11.005599021911621,0.6736111111111112,
l29shjdg,v9,,0,,braindecode/bcic2a,frozen,flatten,2,ridge,median_std_clip,completed,"{'total_params': 12687872, 'trainable_params': 0, 'trainable_pct': 0.0, 'method': 'frozen'}",9.624233484268188,0.2957175925925926,
l29shjdg,v9,,0,,braindecode/bcic2020-3,frozen,flatten,2,ridge,median_std_clip,completed,"{'total_params': 12687872, 'trainable_params': 0, 'trainable_pct': 0.0, 'method': 'frozen'}",19.62803626060486,0.2613333333333333,
l29shjdg,v9,,0,,braindecode/physionet,frozen,flatten,2,ridge,median_std_clip,completed,"{'total_params': 12687872, 'trainable_params': 0, 'trainable_pct': 0.0, 'method': 'frozen'}",26.856011390686035,0.3882114893766733,
l29shjdg,v9,,0,,braindecode/chbmit,frozen,flatten,2,ridge,median_std_clip,completed,"{'total_params': 12687872, 'trainable_params': 0, 'trainable_pct': 0.0, 'method': 'frozen'}",52.691718339920044,0.8595802214782384,
l29shjdg,v9,,0,,braindecode/faced,frozen,flatten,2,ridge,median_std_clip,completed,"{'total_params': 12687872, 'trainable_params': 0, 'trainable_pct': 0.0, 'method': 'frozen'}",51.56700539588928,0.20079814509162336,
l29shjdg,v9,,0,,braindecode/isruc-sleep,frozen,flatten,2,ridge,median_std_clip,completed,"{'total_params': 12687872, 'trainable_params': 0, 'trainable_pct': 0.0, 'method': 'frozen'}",88.76574158668518,0.5749718953361865,
l29shjdg,v9,,0,,braindecode/mdd_mumtaz2016,frozen,flatten,2,ridge,median_std_clip,completed,"{'total_params': 12687872, 'trainable_params': 0, 'trainable_pct': 0.0, 'method': 'frozen'}",15.810217142105103,0.7686108541650827,
l29shjdg,v9,,0,,braindecode/seed-v,frozen,flatten,2,ridge,median_std_clip,completed,"{'total_params': 12687872, 'trainable_params': 0, 'trainable_pct': 0.0, 'method': 'frozen'}",50.46055579185486,0.2801677335843364,
l29shjdg,v9,,0,,braindecode/seed-vig,frozen,flatten,2,ridge,median_std_clip,completed,"{'total_params': 12687872, 'trainable_params': 0, 'trainable_pct': 0.0, 'method': 'frozen'}",23.19498372077942,,-0.8425051519956344
l29shjdg,v9,,0,,braindecode/tuab,frozen,flatten,2,ridge,median_std_clip,completed,"{'total_params': 12687872, 'trainable_params': 0, 'trainable_pct': 0.0, 'method': 'frozen'}",59.85843467712402,0.7343803554267203,
l29shjdg,v9,,0,,braindecode/tuev,frozen,flatten,2,ridge,median_std_clip,completed,"{'total_params': 12687872, 'trainable_params': 0, 'trainable_pct': 0.0, 'method': 'frozen'}",13.00470232963562,0.9237998649076201,
l29shjdg,v9,,0,,braindecode/arithmetic_zyma2019,frozen,flatten,3,ridge,median_std_clip,completed,"{'total_params': 12687872, 'trainable_params': 0, 'trainable_pct': 0.0, 'method': 'frozen'}",12.37090253829956,0.6736111111111112,
l29shjdg,v9,,0,,braindecode/bcic2a,frozen,flatten,3,ridge,median_std_clip,completed,"{'total_params': 12687872, 'trainable_params': 0, 'trainable_pct': 0.0, 'method': 'frozen'}",9.003629922866821,0.3020833333333333,
l29shjdg,v9,,0,,braindecode/bcic2020-3,frozen,flatten,3,ridge,median_std_clip,completed,"{'total_params': 12687872, 'trainable_params': 0, 'trainable_pct': 0.0, 'method': 'frozen'}",21.51421284675598,0.2693333333333333,
l29shjdg,v9,,0,,braindecode/physionet,frozen,flatten,3,ridge,median_std_clip,completed,"{'total_params': 12687872, 'trainable_params': 0, 'trainable_pct': 0.0, 'method': 'frozen'}",24.687429904937744,0.39161409195269237,
l29shjdg,v9,,0,,braindecode/chbmit,frozen,flatten,3,ridge,median_std_clip,completed,"{'total_params': 12687872, 'trainable_params': 0, 'trainable_pct': 0.0, 'method': 'frozen'}",54.56619143486023,0.8592797665035625,
l29shjdg,v9,,0,,braindecode/faced,frozen,flatten,3,ridge,median_std_clip,completed,"{'total_params': 12687872, 'trainable_params': 0, 'trainable_pct': 0.0, 'method': 'frozen'}",51.5451877117157,0.19343141761620022,
l29shjdg,v9,,0,,braindecode/isruc-sleep,frozen,flatten,3,ridge,median_std_clip,completed,"{'total_params': 12687872, 'trainable_params': 0, 'trainable_pct': 0.0, 'method': 'frozen'}",86.98002076148987,0.5743400186592386,
l29shjdg,v9,,0,,braindecode/mdd_mumtaz2016,frozen,flatten,3,ridge,median_std_clip,completed,"{'total_params': 12687872, 'trainable_params': 0, 'trainable_pct': 0.0, 'method': 'frozen'}",16.54727554321289,0.7744823166794065,
l29shjdg,v9,,0,,braindecode/seed-v,frozen,flatten,3,ridge,median_std_clip,completed,"{'total_params': 12687872, 'trainable_params': 0, 'trainable_pct': 0.0, 'method': 'frozen'}",48.293416023254395,0.278367656093821,
l29shjdg,v9,,0,,braindecode/seed-vig,frozen,flatten,3,ridge,median_std_clip,completed,"{'total_params': 12687872, 'trainable_params': 0, 'trainable_pct': 0.0, 'method': 'frozen'}",23.072242259979248,,-0.8509664581692684
l29shjdg,v9,,0,,braindecode/tuab,frozen,flatten,3,ridge,median_std_clip,completed,"{'total_params': 12687872, 'trainable_params': 0, 'trainable_pct': 0.0, 'method': 'frozen'}",57.27157163619995,0.7336917805610751,
l29shjdg,v9,,0,,braindecode/tuev,frozen,flatten,3,ridge,median_std_clip,completed,"{'total_params': 12687872, 'trainable_params': 0, 'trainable_pct': 0.0, 'method': 'frozen'}",13.338050603866577,0.8629093111849885,
l29shjdg,v9,,0,,braindecode/arithmetic_zyma2019,frozen,flatten,4,ridge,median_std_clip,completed,"{'total_params': 12687872, 'trainable_params': 0, 'trainable_pct': 0.0, 'method': 'frozen'}",11.394822120666504,0.6701388888888888,
l29shjdg,v9,,0,,braindecode/bcic2a,frozen,flatten,4,ridge,median_std_clip,completed,"{'total_params': 12687872, 'trainable_params': 0, 'trainable_pct': 0.0, 'method': 'frozen'}",8.920620441436768,0.30266203703703703,
l29shjdg,v9,,0,,braindecode/bcic2020-3,frozen,flatten,4,ridge,median_std_clip,completed,"{'total_params': 12687872, 'trainable_params': 0, 'trainable_pct': 0.0, 'method': 'frozen'}",21.5459988117218,0.25599999999999995,
l29shjdg,v9,,0,,braindecode/physionet,frozen,flatten,4,ridge,median_std_clip,completed,"{'total_params': 12687872, 'trainable_params': 0, 'trainable_pct': 0.0, 'method': 'frozen'}",21.282634258270264,0.3740276106969963,
l29shjdg,v9,,0,,braindecode/chbmit,frozen,flatten,4,ridge,median_std_clip,completed,"{'total_params': 12687872, 'trainable_params': 0, 'trainable_pct': 0.0, 'method': 'frozen'}",52.64561629295349,0.8399218817065843,
l29shjdg,v9,,0,,braindecode/faced,frozen,flatten,4,ridge,median_std_clip,completed,"{'total_params': 12687872, 'trainable_params': 0, 'trainable_pct': 0.0, 'method': 'frozen'}",50.31964921951294,0.20004648129648128,
l29shjdg,v9,,0,,braindecode/isruc-sleep,frozen,flatten,4,ridge,median_std_clip,completed,"{'total_params': 12687872, 'trainable_params': 0, 'trainable_pct': 0.0, 'method': 'frozen'}",86.35076022148132,0.5757787670840797,
l29shjdg,v9,,0,,braindecode/mdd_mumtaz2016,frozen,flatten,4,ridge,median_std_clip,completed,"{'total_params': 12687872, 'trainable_params': 0, 'trainable_pct': 0.0, 'method': 'frozen'}",15.866631269454956,0.795344627334706,
l29shjdg,v9,,0,,braindecode/seed-v,frozen,flatten,4,ridge,median_std_clip,completed,"{'total_params': 12687872, 'trainable_params': 0, 'trainable_pct': 0.0, 'method': 'frozen'}",50.10313010215759,0.27998893101709754,
l29shjdg,v9,,0,,braindecode/seed-vig,frozen,flatten,4,ridge,median_std_clip,completed,"{'total_params': 12687872, 'trainable_params': 0, 'trainable_pct': 0.0, 'method': 'frozen'}",23.297370433807373,,-0.8415721352046992
l29shjdg,v9,,0,,braindecode/tuab,frozen,flatten,4,ridge,median_std_clip,completed,"{'total_params': 12687872, 'trainable_params': 0, 'trainable_pct': 0.0, 'method': 'frozen'}",55.98759579658508,0.7294466423084591,
l29shjdg,v9,,0,,braindecode/tuev,frozen,flatten,4,ridge,median_std_clip,completed,"{'total_params': 12687872, 'trainable_params': 0, 'trainable_pct': 0.0, 'method': 'frozen'}",13.282545804977417,0.8564114145184211,
08rlsatl,v9,,0,,braindecode/arithmetic_zyma2019,frozen,flatten,0,ridge,median_std_clip,completed,"{'total_params': 12687872, 'trainable_params': 0, 'trainable_pct': 0.0, 'method': 'frozen'}",12.885530710220337,0.6666666666666666,
08rlsatl,v9,,0,,braindecode/bcic2a,frozen,flatten,0,ridge,median_std_clip,completed,"{'total_params': 12687872, 'trainable_params': 0, 'trainable_pct': 0.0, 'method': 'frozen'}",9.331932544708252,0.3142361111111111,
08rlsatl,v9,,0,,braindecode/bcic2020-3,frozen,flatten,0,ridge,median_std_clip,completed,"{'total_params': 12687872, 'trainable_params': 0, 'trainable_pct': 0.0, 'method': 'frozen'}",21.818297624588013,0.2613333333333333,
08rlsatl,v9,,0,,braindecode/physionet,frozen,flatten,0,ridge,median_std_clip,completed,"{'total_params': 12687872, 'trainable_params': 0, 'trainable_pct': 0.0, 'method': 'frozen'}",24.090036392211914,0.4210477065746713,
08rlsatl,v9,,0,,braindecode/chbmit,frozen,flatten,0,ridge,median_std_clip,completed,"{'total_params': 12687872, 'trainable_params': 0, 'trainable_pct': 0.0, 'method': 'frozen'}",55.623868465423584,0.9095201304833034,
08rlsatl,v9,,0,,braindecode/faced,frozen,flatten,0,ridge,median_std_clip,completed,"{'total_params': 12687872, 'trainable_params': 0, 'trainable_pct': 0.0, 'method': 'frozen'}",51.26180028915405,0.20066889632107024,
08rlsatl,v9,,0,,braindecode/isruc-sleep,frozen,flatten,0,ridge,median_std_clip,completed,"{'total_params': 12687872, 'trainable_params': 0, 'trainable_pct': 0.0, 'method': 'frozen'}",89.36748361587524,0.5877792692143535,
08rlsatl,v9,,0,,braindecode/mdd_mumtaz2016,frozen,flatten,0,ridge,median_std_clip,completed,"{'total_params': 12687872, 'trainable_params': 0, 'trainable_pct': 0.0, 'method': 'frozen'}",16.520626068115234,0.7129277762470125,
08rlsatl,v9,,0,,braindecode/seed-v,frozen,flatten,0,ridge,median_std_clip,completed,"{'total_params': 12687872, 'trainable_params': 0, 'trainable_pct': 0.0, 'method': 'frozen'}",49.17449188232422,0.28587150465240846,
08rlsatl,v9,,0,,braindecode/seed-vig,frozen,flatten,0,ridge,median_std_clip,completed,"{'total_params': 12687872, 'trainable_params': 0, 'trainable_pct': 0.0, 'method': 'frozen'}",23.016801834106445,,-0.8431622952184523
08rlsatl,v9,,0,,braindecode/tuab,frozen,flatten,0,ridge,median_std_clip,completed,"{'total_params': 12687872, 'trainable_params': 0, 'trainable_pct': 0.0, 'method': 'frozen'}",54.94758200645447,0.7361388955471972,
08rlsatl,v9,,0,,braindecode/tuev,frozen,flatten,0,ridge,median_std_clip,completed,"{'total_params': 12687872, 'trainable_params': 0, 'trainable_pct': 0.0, 'method': 'frozen'}",12.540290355682373,0.9285797360153348,
08rlsatl,v9,,0,,braindecode/arithmetic_zyma2019,frozen,flatten,1,ridge,median_std_clip,completed,"{'total_params': 12687872, 'trainable_params': 0, 'trainable_pct': 0.0, 'method': 'frozen'}",11.8609037399292,0.6597222222222222,
08rlsatl,v9,,0,,braindecode/bcic2a,frozen,flatten,1,ridge,median_std_clip,completed,"{'total_params': 12687872, 'trainable_params': 0, 'trainable_pct': 0.0, 'method': 'frozen'}",9.072376489639282,0.3090277777777778,
08rlsatl,v9,,0,,braindecode/bcic2020-3,frozen,flatten,1,ridge,median_std_clip,completed,"{'total_params': 12687872, 'trainable_params': 0, 'trainable_pct': 0.0, 'method': 'frozen'}",21.549497604370117,0.26,
08rlsatl,v9,,0,,braindecode/physionet,frozen,flatten,1,ridge,median_std_clip,completed,"{'total_params': 12687872, 'trainable_params': 0, 'trainable_pct': 0.0, 'method': 'frozen'}",23.756434679031372,0.4097252172849229,
08rlsatl,v9,,0,,braindecode/chbmit,frozen,flatten,1,ridge,median_std_clip,completed,"{'total_params': 12687872, 'trainable_params': 0, 'trainable_pct': 0.0, 'method': 'frozen'}",54.66068768501282,0.8898617907116491,
08rlsatl,v9,,0,,braindecode/faced,frozen,flatten,1,ridge,median_std_clip,completed,"{'total_params': 12687872, 'trainable_params': 0, 'trainable_pct': 0.0, 'method': 'frozen'}",49.296292781829834,0.19284504746461267,
08rlsatl,v9,,0,,braindecode/isruc-sleep,frozen,flatten,1,ridge,median_std_clip,completed,"{'total_params': 12687872, 'trainable_params': 0, 'trainable_pct': 0.0, 'method': 'frozen'}",85.79737877845764,0.5937851305943768,
08rlsatl,v9,,0,,braindecode/mdd_mumtaz2016,frozen,flatten,1,ridge,median_std_clip,completed,"{'total_params': 12687872, 'trainable_params': 0, 'trainable_pct': 0.0, 'method': 'frozen'}",15.495717287063599,0.7107586699596377,
08rlsatl,v9,,0,,braindecode/seed-v,frozen,flatten,1,ridge,median_std_clip,completed,"{'total_params': 12687872, 'trainable_params': 0, 'trainable_pct': 0.0, 'method': 'frozen'}",49.88224244117737,0.28822049297240404,
08rlsatl,v9,,0,,braindecode/seed-vig,frozen,flatten,1,ridge,median_std_clip,completed,"{'total_params': 12687872, 'trainable_params': 0, 'trainable_pct': 0.0, 'method': 'frozen'}",20.128751277923584,,-0.8357516984600075
08rlsatl,v9,,0,,braindecode/tuab,frozen,flatten,1,ridge,median_std_clip,completed,"{'total_params': 12687872, 'trainable_params': 0, 'trainable_pct': 0.0, 'method': 'frozen'}",56.75394296646118,0.7323627946674791,
08rlsatl,v9,,0,,braindecode/tuev,frozen,flatten,1,ridge,median_std_clip,completed,"{'total_params': 12687872, 'trainable_params': 0, 'trainable_pct': 0.0, 'method': 'frozen'}",12.992489337921143,0.8673842327943543,
08rlsatl,v9,,0,,braindecode/arithmetic_zyma2019,frozen,flatten,2,ridge,median_std_clip,completed,"{'total_params': 12687872, 'trainable_params': 0, 'trainable_pct': 0.0, 'method': 'frozen'}",11.435019969940186,0.6666666666666666,
08rlsatl,v9,,0,,braindecode/bcic2a,frozen,flatten,2,ridge,median_std_clip,completed,"{'total_params': 12687872, 'trainable_params': 0, 'trainable_pct': 0.0, 'method': 'frozen'}",9.235986232757568,0.3246527777777778,
08rlsatl,v9,,0,,braindecode/bcic2020-3,frozen,flatten,2,ridge,median_std_clip,completed,"{'total_params': 12687872, 'trainable_params': 0, 'trainable_pct': 0.0, 'method': 'frozen'}",21.371383905410767,0.2533333333333333,
08rlsatl,v9,,0,,braindecode/physionet,frozen,flatten,2,ridge,median_std_clip,completed,"{'total_params': 12687872, 'trainable_params': 0, 'trainable_pct': 0.0, 'method': 'frozen'}",24.198784351348877,0.4119748929843396,
08rlsatl,v9,,0,,braindecode/chbmit,frozen,flatten,2,ridge,median_std_clip,completed,"{'total_params': 12687872, 'trainable_params': 0, 'trainable_pct': 0.0, 'method': 'frozen'}",54.79610323905945,0.9163018284831316,
08rlsatl,v9,,0,,braindecode/faced,frozen,flatten,2,ridge,median_std_clip,completed,"{'total_params': 12687872, 'trainable_params': 0, 'trainable_pct': 0.0, 'method': 'frozen'}",52.77004909515381,0.20353559483994266,
08rlsatl,v9,,0,,braindecode/isruc-sleep,frozen,flatten,2,ridge,median_std_clip,completed,"{'total_params': 12687872, 'trainable_params': 0, 'trainable_pct': 0.0, 'method': 'frozen'}",91.3367269039154,0.5953383224562957,
08rlsatl,v9,,0,,braindecode/mdd_mumtaz2016,frozen,flatten,2,ridge,median_std_clip,completed,"{'total_params': 12687872, 'trainable_params': 0, 'trainable_pct': 0.0, 'method': 'frozen'}",16.169155836105347,0.7073548453712089,
08rlsatl,v9,,0,,braindecode/seed-v,frozen,flatten,2,ridge,median_std_clip,completed,"{'total_params': 12687872, 'trainable_params': 0, 'trainable_pct': 0.0, 'method': 'frozen'}",50.128509283065796,0.28835543381284323,
08rlsatl,v9,,0,,braindecode/seed-vig,frozen,flatten,2,ridge,median_std_clip,completed,"{'total_params': 12687872, 'trainable_params': 0, 'trainable_pct': 0.0, 'method': 'frozen'}",19.134522676467896,,-0.7824367733904207
08rlsatl,v9,,0,,braindecode/tuab,frozen,flatten,2,ridge,median_std_clip,completed,"{'total_params': 12687872, 'trainable_params': 0, 'trainable_pct': 0.0, 'method': 'frozen'}",57.62858986854553,0.7324812441055304,
08rlsatl,v9,,0,,braindecode/tuev,frozen,flatten,2,ridge,median_std_clip,completed,"{'total_params': 12687872, 'trainable_params': 0, 'trainable_pct': 0.0, 'method': 'frozen'}",12.720658302307129,0.8542371980481303,
08rlsatl,v9,,0,,braindecode/arithmetic_zyma2019,frozen,flatten,3,ridge,median_std_clip,completed,"{'total_params': 12687872, 'trainable_params': 0, 'trainable_pct': 0.0, 'method': 'frozen'}",11.755682229995728,0.6597222222222222,
08rlsatl,v9,,0,,braindecode/bcic2a,frozen,flatten,3,ridge,median_std_clip,completed,"{'total_params': 12687872, 'trainable_params': 0, 'trainable_pct': 0.0, 'method': 'frozen'}",9.286505699157715,0.28877314814814814,
08rlsatl,v9,,0,,braindecode/bcic2020-3,frozen,flatten,3,ridge,median_std_clip,completed,"{'total_params': 12687872, 'trainable_params': 0, 'trainable_pct': 0.0, 'method': 'frozen'}",21.663753747940063,0.27199999999999996,
08rlsatl,v9,,0,,braindecode/physionet,frozen,flatten,3,ridge,median_std_clip,completed,"{'total_params': 12687872, 'trainable_params': 0, 'trainable_pct': 0.0, 'method': 'frozen'}",24.19782829284668,0.4159303213095159,
08rlsatl,v9,,0,,braindecode/chbmit,frozen,flatten,3,ridge,median_std_clip,completed,"{'total_params': 12687872, 'trainable_params': 0, 'trainable_pct': 0.0, 'method': 'frozen'}",52.91295766830444,0.8696669241995021,
08rlsatl,v9,,0,,braindecode/faced,frozen,flatten,3,ridge,median_std_clip,completed,"{'total_params': 12687872, 'trainable_params': 0, 'trainable_pct': 0.0, 'method': 'frozen'}",51.21258878707886,0.20458029289551027,
08rlsatl,v9,,0,,braindecode/isruc-sleep,frozen,flatten,3,ridge,median_std_clip,completed,"{'total_params': 12687872, 'trainable_params': 0, 'trainable_pct': 0.0, 'method': 'frozen'}",87.85441756248474,0.5957957680997594,
08rlsatl,v9,,0,,braindecode/mdd_mumtaz2016,frozen,flatten,3,ridge,median_std_clip,completed,"{'total_params': 12687872, 'trainable_params': 0, 'trainable_pct': 0.0, 'method': 'frozen'}",15.73477292060852,0.7099670579743483,
08rlsatl,v9,,0,,braindecode/seed-v,frozen,flatten,3,ridge,median_std_clip,completed,"{'total_params': 12687872, 'trainable_params': 0, 'trainable_pct': 0.0, 'method': 'frozen'}",48.08492588996887,0.28805828121371924,
08rlsatl,v9,,0,,braindecode/seed-vig,frozen,flatten,3,ridge,median_std_clip,completed,"{'total_params': 12687872, 'trainable_params': 0, 'trainable_pct': 0.0, 'method': 'frozen'}",23.08343243598938,,-0.7984454845371829
08rlsatl,v9,,0,,braindecode/tuab,frozen,flatten,3,ridge,median_std_clip,completed,"{'total_params': 12687872, 'trainable_params': 0, 'trainable_pct': 0.0, 'method': 'frozen'}",55.309590578079224,0.7322751476837674,
08rlsatl,v9,,0,,braindecode/tuev,frozen,flatten,3,ridge,median_std_clip,completed,"{'total_params': 12687872, 'trainable_params': 0, 'trainable_pct': 0.0, 'method': 'frozen'}",12.5159912109375,0.8639504147404549,
08rlsatl,v9,,0,,braindecode/arithmetic_zyma2019,frozen,flatten,4,ridge,median_std_clip,completed,"{'total_params': 12687872, 'trainable_params': 0, 'trainable_pct': 0.0, 'method': 'frozen'}",11.980968713760376,0.6597222222222222,
08rlsatl,v9,,0,,braindecode/bcic2a,frozen,flatten,4,ridge,median_std_clip,completed,"{'total_params': 12687872, 'trainable_params': 0, 'trainable_pct': 0.0, 'method': 'frozen'}",9.392024278640747,0.31655092592592593,
08rlsatl,v9,,0,,braindecode/bcic2020-3,frozen,flatten,4,ridge,median_std_clip,completed,"{'total_params': 12687872, 'trainable_params': 0, 'trainable_pct': 0.0, 'method': 'frozen'}",19.438307523727417,0.27466666666666667,
08rlsatl,v9,,0,,braindecode/physionet,frozen,flatten,4,ridge,median_std_clip,completed,"{'total_params': 12687872, 'trainable_params': 0, 'trainable_pct': 0.0, 'method': 'frozen'}",25.20389151573181,0.4046129333252083,
08rlsatl,v9,,0,,braindecode/chbmit,frozen,flatten,4,ridge,median_std_clip,completed,"{'total_params': 12687872, 'trainable_params': 0, 'trainable_pct': 0.0, 'method': 'frozen'}",54.34920644760132,0.9151214696540475,
08rlsatl,v9,,0,,braindecode/faced,frozen,flatten,4,ridge,median_std_clip,completed,"{'total_params': 12687872, 'trainable_params': 0, 'trainable_pct': 0.0, 'method': 'frozen'}",49.98791861534119,0.1990860890317412,
08rlsatl,v9,,0,,braindecode/isruc-sleep,frozen,flatten,4,ridge,median_std_clip,completed,"{'total_params': 12687872, 'trainable_params': 0, 'trainable_pct': 0.0, 'method': 'frozen'}",89.93744921684265,0.5888816453321818,
08rlsatl,v9,,0,,braindecode/mdd_mumtaz2016,frozen,flatten,4,ridge,median_std_clip,completed,"{'total_params': 12687872, 'trainable_params': 0, 'trainable_pct': 0.0, 'method': 'frozen'}",17.78242540359497,0.7143395912357605,
08rlsatl,v9,,0,,braindecode/seed-v,frozen,flatten,4,ridge,median_std_clip,completed,"{'total_params': 12687872, 'trainable_params': 0, 'trainable_pct': 0.0, 'method': 'frozen'}",51.28499436378479,0.2862932685402797,
08rlsatl,v9,,0,,braindecode/seed-vig,frozen,flatten,4,ridge,median_std_clip,completed,"{'total_params': 12687872, 'trainable_params': 0, 'trainable_pct': 0.0, 'method': 'frozen'}",22.8862042427063,,-0.8186870830695936
08rlsatl,v9,,0,,braindecode/tuab,frozen,flatten,4,ridge,median_std_clip,completed,"{'total_params': 12687872, 'trainable_params': 0, 'trainable_pct': 0.0, 'method': 'frozen'}",56.34152150154114,0.7366474160661121,
08rlsatl,v9,,0,,braindecode/tuev,frozen,flatten,4,ridge,median_std_clip,completed,"{'total_params': 12687872, 'trainable_params': 0, 'trainable_pct': 0.0, 'method': 'frozen'}",13.27685284614563,0.8667609795661789,
1mc641uc,v9,,0,,braindecode/arithmetic_zyma2019,frozen,flatten,0,ridge,median_std_clip,completed,"{'total_params': 12687872, 'trainable_params': 0, 'trainable_pct': 0.0, 'method': 'frozen'}",11.818946838378906,0.7152777777777777,
1mc641uc,v9,,0,,braindecode/bcic2a,frozen,flatten,0,ridge,median_std_clip,completed,"{'total_params': 12687872, 'trainable_params': 0, 'trainable_pct': 0.0, 'method': 'frozen'}",9.36308741569519,0.29571759259259256,
1mc641uc,v9,,0,,braindecode/bcic2020-3,frozen,flatten,0,ridge,median_std_clip,completed,"{'total_params': 12687872, 'trainable_params': 0, 'trainable_pct': 0.0, 'method': 'frozen'}",22.204206466674805,0.2666666666666667,
1mc641uc,v9,,0,,braindecode/physionet,frozen,flatten,0,ridge,median_std_clip,completed,"{'total_params': 12687872, 'trainable_params': 0, 'trainable_pct': 0.0, 'method': 'frozen'}",23.69223952293396,0.40123591834140615,
1mc641uc,v9,,0,,braindecode/chbmit,frozen,flatten,0,ridge,median_std_clip,completed,"{'total_params': 12687872, 'trainable_params': 0, 'trainable_pct': 0.0, 'method': 'frozen'}",53.62456941604614,0.8284616705296592,
1mc641uc,v9,,0,,braindecode/faced,frozen,flatten,0,ridge,median_std_clip,completed,"{'total_params': 12687872, 'trainable_params': 0, 'trainable_pct': 0.0, 'method': 'frozen'}",50.04118323326111,0.19012569556047818,
1mc641uc,v9,,0,,braindecode/isruc-sleep,frozen,flatten,0,ridge,median_std_clip,completed,"{'total_params': 12687872, 'trainable_params': 0, 'trainable_pct': 0.0, 'method': 'frozen'}",86.5394172668457,0.5930030889309746,
1mc641uc,v9,,0,,braindecode/mdd_mumtaz2016,frozen,flatten,0,ridge,median_std_clip,completed,"{'total_params': 12687872, 'trainable_params': 0, 'trainable_pct': 0.0, 'method': 'frozen'}",16.435694932937622,0.7276881993812165,
1mc641uc,v9,,0,,braindecode/seed-v,frozen,flatten,0,ridge,median_std_clip,completed,"{'total_params': 12687872, 'trainable_params': 0, 'trainable_pct': 0.0, 'method': 'frozen'}",49.85687470436096,0.28664720836701413,
1mc641uc,v9,,0,,braindecode/seed-vig,frozen,flatten,0,ridge,median_std_clip,completed,"{'total_params': 12687872, 'trainable_params': 0, 'trainable_pct': 0.0, 'method': 'frozen'}",23.057676076889038,,-0.7753063755036413
1mc641uc,v9,,0,,braindecode/tuab,frozen,flatten,0,ridge,median_std_clip,completed,"{'total_params': 12687872, 'trainable_params': 0, 'trainable_pct': 0.0, 'method': 'frozen'}",54.461217403411865,0.7649996751741179,
1mc641uc,v9,,0,,braindecode/tuev,frozen,flatten,0,ridge,median_std_clip,completed,"{'total_params': 12687872, 'trainable_params': 0, 'trainable_pct': 0.0, 'method': 'frozen'}",12.42519736289978,0.8465982215301943,
1mc641uc,v9,,0,,braindecode/arithmetic_zyma2019,frozen,flatten,1,ridge,median_std_clip,completed,"{'total_params': 12687872, 'trainable_params': 0, 'trainable_pct': 0.0, 'method': 'frozen'}",11.081789255142212,0.7048611111111112,
1mc641uc,v9,,0,,braindecode/bcic2a,frozen,flatten,1,ridge,median_std_clip,completed,"{'total_params': 12687872, 'trainable_params': 0, 'trainable_pct': 0.0, 'method': 'frozen'}",8.78407073020935,0.31712962962962965,
1mc641uc,v9,,0,,braindecode/bcic2020-3,frozen,flatten,1,ridge,median_std_clip,completed,"{'total_params': 12687872, 'trainable_params': 0, 'trainable_pct': 0.0, 'method': 'frozen'}",21.171346426010132,0.2733333333333333,
1mc641uc,v9,,0,,braindecode/physionet,frozen,flatten,1,ridge,median_std_clip,completed,"{'total_params': 12687872, 'trainable_params': 0, 'trainable_pct': 0.0, 'method': 'frozen'}",25.21309733390808,0.4165061579415583,
1mc641uc,v9,,0,,braindecode/chbmit,frozen,flatten,1,ridge,median_std_clip,completed,"{'total_params': 12687872, 'trainable_params': 0, 'trainable_pct': 0.0, 'method': 'frozen'}",53.79048776626587,0.8938106275216757,
1mc641uc,v9,,0,,braindecode/faced,frozen,flatten,1,ridge,median_std_clip,completed,"{'total_params': 12687872, 'trainable_params': 0, 'trainable_pct': 0.0, 'method': 'frozen'}",51.470534563064575,0.184041803607021,
1mc641uc,v9,,0,,braindecode/isruc-sleep,frozen,flatten,1,ridge,median_std_clip,completed,"{'total_params': 12687872, 'trainable_params': 0, 'trainable_pct': 0.0, 'method': 'frozen'}",88.46943712234497,0.5944468425990865,
1mc641uc,v9,,0,,braindecode/mdd_mumtaz2016,frozen,flatten,1,ridge,median_std_clip,completed,"{'total_params': 12687872, 'trainable_params': 0, 'trainable_pct': 0.0, 'method': 'frozen'}",15.848854064941406,0.7603126857619318,
1mc641uc,v9,,0,,braindecode/seed-v,frozen,flatten,1,ridge,median_std_clip,completed,"{'total_params': 12687872, 'trainable_params': 0, 'trainable_pct': 0.0, 'method': 'frozen'}",50.61306285858154,0.2926679107539301,
1mc641uc,v9,,0,,braindecode/seed-vig,frozen,flatten,1,ridge,median_std_clip,completed,"{'total_params': 12687872, 'trainable_params': 0, 'trainable_pct': 0.0, 'method': 'frozen'}",23.634504079818726,,-0.7593535609387196
1mc641uc,v9,,0,,braindecode/tuab,frozen,flatten,1,ridge,median_std_clip,completed,"{'total_params': 12687872, 'trainable_params': 0, 'trainable_pct': 0.0, 'method': 'frozen'}",57.73230981826782,0.7399102360476083,
1mc641uc,v9,,0,,braindecode/tuev,frozen,flatten,1,ridge,median_std_clip,completed,"{'total_params': 12687872, 'trainable_params': 0, 'trainable_pct': 0.0, 'method': 'frozen'}",13.013489246368408,0.8434935184851459,
1mc641uc,v9,,0,,braindecode/arithmetic_zyma2019,frozen,flatten,2,ridge,median_std_clip,completed,"{'total_params': 12687872, 'trainable_params': 0, 'trainable_pct': 0.0, 'method': 'frozen'}",12.43151330947876,0.7048611111111112,
1mc641uc,v9,,0,,braindecode/bcic2a,frozen,flatten,2,ridge,median_std_clip,completed,"{'total_params': 12687872, 'trainable_params': 0, 'trainable_pct': 0.0, 'method': 'frozen'}",9.264726638793945,0.31076388888888884,
1mc641uc,v9,,0,,braindecode/bcic2020-3,frozen,flatten,2,ridge,median_std_clip,completed,"{'total_params': 12687872, 'trainable_params': 0, 'trainable_pct': 0.0, 'method': 'frozen'}",21.73469567298889,0.25466666666666665,
1mc641uc,v9,,0,,braindecode/physionet,frozen,flatten,2,ridge,median_std_clip,completed,"{'total_params': 12687872, 'trainable_params': 0, 'trainable_pct': 0.0, 'method': 'frozen'}",24.120997428894043,0.40857477447192336,
1mc641uc,v9,,0,,braindecode/chbmit,frozen,flatten,2,ridge,median_std_clip,completed,"{'total_params': 12687872, 'trainable_params': 0, 'trainable_pct': 0.0, 'method': 'frozen'}",54.33076620101929,0.8589793115288866,
1mc641uc,v9,,0,,braindecode/faced,frozen,flatten,2,ridge,median_std_clip,completed,"{'total_params': 12687872, 'trainable_params': 0, 'trainable_pct': 0.0, 'method': 'frozen'}",51.487544775009155,0.18827835811531463,
1mc641uc,v9,,0,,braindecode/isruc-sleep,frozen,flatten,2,ridge,median_std_clip,completed,"{'total_params': 12687872, 'trainable_params': 0, 'trainable_pct': 0.0, 'method': 'frozen'}",87.29732346534729,0.604865036378503,
1mc641uc,v9,,0,,braindecode/mdd_mumtaz2016,frozen,flatten,2,ridge,median_std_clip,completed,"{'total_params': 12687872, 'trainable_params': 0, 'trainable_pct': 0.0, 'method': 'frozen'}",16.90079927444458,0.7318908306597876,
1mc641uc,v9,,0,,braindecode/seed-v,frozen,flatten,2,ridge,median_std_clip,completed,"{'total_params': 12687872, 'trainable_params': 0, 'trainable_pct': 0.0, 'method': 'frozen'}",48.227219581604004,0.29268141865200004,
1mc641uc,v9,,0,,braindecode/seed-vig,frozen,flatten,2,ridge,median_std_clip,completed,"{'total_params': 12687872, 'trainable_params': 0, 'trainable_pct': 0.0, 'method': 'frozen'}",23.025440454483032,,-0.7644392797443034
1mc641uc,v9,,0,,braindecode/tuab,frozen,flatten,2,ridge,median_std_clip,completed,"{'total_params': 12687872, 'trainable_params': 0, 'trainable_pct': 0.0, 'method': 'frozen'}",57.30072283744812,0.7679553106791549,
1mc641uc,v9,,0,,braindecode/tuev,frozen,flatten,2,ridge,median_std_clip,completed,"{'total_params': 12687872, 'trainable_params': 0, 'trainable_pct': 0.0, 'method': 'frozen'}",13.21889042854309,0.8461880663909417,
1mc641uc,v9,,0,,braindecode/arithmetic_zyma2019,frozen,flatten,3,ridge,median_std_clip,completed,"{'total_params': 12687872, 'trainable_params': 0, 'trainable_pct': 0.0, 'method': 'frozen'}",11.296591758728027,0.7048611111111112,
1mc641uc,v9,,0,,braindecode/bcic2a,frozen,flatten,3,ridge,median_std_clip,completed,"{'total_params': 12687872, 'trainable_params': 0, 'trainable_pct': 0.0, 'method': 'frozen'}",8.996058225631714,0.30787037037037035,
1mc641uc,v9,,0,,braindecode/bcic2020-3,frozen,flatten,3,ridge,median_std_clip,completed,"{'total_params': 12687872, 'trainable_params': 0, 'trainable_pct': 0.0, 'method': 'frozen'}",21.18386459350586,0.27999999999999997,
1mc641uc,v9,,0,,braindecode/physionet,frozen,flatten,3,ridge,median_std_clip,completed,"{'total_params': 12687872, 'trainable_params': 0, 'trainable_pct': 0.0, 'method': 'frozen'}",23.976709604263306,0.3978409185055049,
1mc641uc,v9,,0,,braindecode/chbmit,frozen,flatten,3,ridge,median_std_clip,completed,"{'total_params': 12687872, 'trainable_params': 0, 'trainable_pct': 0.0, 'method': 'frozen'}",52.80475568771362,0.8706112112627693,
1mc641uc,v9,,0,,braindecode/faced,frozen,flatten,3,ridge,median_std_clip,completed,"{'total_params': 12687872, 'trainable_params': 0, 'trainable_pct': 0.0, 'method': 'frozen'}",49.82803392410278,0.1886553965358313,
1mc641uc,v9,,0,,braindecode/isruc-sleep,frozen,flatten,3,ridge,median_std_clip,completed,"{'total_params': 12687872, 'trainable_params': 0, 'trainable_pct': 0.0, 'method': 'frozen'}",86.13979983329773,0.5958096875742613,
1mc641uc,v9,,0,,braindecode/mdd_mumtaz2016,frozen,flatten,3,ridge,median_std_clip,completed,"{'total_params': 12687872, 'trainable_params': 0, 'trainable_pct': 0.0, 'method': 'frozen'}",16.295100927352905,0.7311693670468129,
1mc641uc,v9,,0,,braindecode/seed-v,frozen,flatten,3,ridge,median_std_clip,completed,"{'total_params': 12687872, 'trainable_params': 0, 'trainable_pct': 0.0, 'method': 'frozen'}",49.90750050544739,0.29134335444143694,
1mc641uc,v9,,0,,braindecode/seed-vig,frozen,flatten,3,ridge,median_std_clip,completed,"{'total_params': 12687872, 'trainable_params': 0, 'trainable_pct': 0.0, 'method': 'frozen'}",19.16532015800476,,-0.9697896023856643
1mc641uc,v9,,0,,braindecode/tuab,frozen,flatten,3,ridge,median_std_clip,completed,"{'total_params': 12687872, 'trainable_params': 0, 'trainable_pct': 0.0, 'method': 'frozen'}",56.403143644332886,0.758917030508991,
1mc641uc,v9,,0,,braindecode/tuev,frozen,flatten,3,ridge,median_std_clip,completed,"{'total_params': 12687872, 'trainable_params': 0, 'trainable_pct': 0.0, 'method': 'frozen'}",13.276450157165527,0.8510331685405622,
1mc641uc,v9,,0,,braindecode/arithmetic_zyma2019,frozen,flatten,4,ridge,median_std_clip,completed,"{'total_params': 12687872, 'trainable_params': 0, 'trainable_pct': 0.0, 'method': 'frozen'}",13.476435661315918,0.7048611111111112,
1mc641uc,v9,,0,,braindecode/bcic2a,frozen,flatten,4,ridge,median_std_clip,completed,"{'total_params': 12687872, 'trainable_params': 0, 'trainable_pct': 0.0, 'method': 'frozen'}",9.252366065979004,0.3125,
1mc641uc,v9,,0,,braindecode/bcic2020-3,frozen,flatten,4,ridge,median_std_clip,completed,"{'total_params': 12687872, 'trainable_params': 0, 'trainable_pct': 0.0, 'method': 'frozen'}",21.468202590942383,0.26266666666666666,
1mc641uc,v9,,0,,braindecode/physionet,frozen,flatten,4,ridge,median_std_clip,completed,"{'total_params': 12687872, 'trainable_params': 0, 'trainable_pct': 0.0, 'method': 'frozen'}",24.066047430038452,0.40969449943547487,
1mc641uc,v9,,0,,braindecode/chbmit,frozen,flatten,4,ridge,median_std_clip,completed,"{'total_params': 12687872, 'trainable_params': 0, 'trainable_pct': 0.0, 'method': 'frozen'}",55.76100182533264,0.8071508283972872,
1mc641uc,v9,,0,,braindecode/faced,frozen,flatten,4,ridge,median_std_clip,completed,"{'total_params': 12687872, 'trainable_params': 0, 'trainable_pct': 0.0, 'method': 'frozen'}",50.57307553291321,0.20021283064761325,
1mc641uc,v9,,0,,braindecode/isruc-sleep,frozen,flatten,4,ridge,median_std_clip,completed,"{'total_params': 12687872, 'trainable_params': 0, 'trainable_pct': 0.0, 'method': 'frozen'}",89.30083584785461,0.5994898556212351,
1mc641uc,v9,,0,,braindecode/mdd_mumtaz2016,frozen,flatten,4,ridge,median_std_clip,completed,"{'total_params': 12687872, 'trainable_params': 0, 'trainable_pct': 0.0, 'method': 'frozen'}",16.515379428863525,0.7315589505920173,
1mc641uc,v9,,0,,braindecode/seed-v,frozen,flatten,4,ridge,median_std_clip,completed,"{'total_params': 12687872, 'trainable_params': 0, 'trainable_pct': 0.0, 'method': 'frozen'}",49.600637674331665,0.2915415561814166,
1mc641uc,v9,,0,,braindecode/seed-vig,frozen,flatten,4,ridge,median_std_clip,completed,"{'total_params': 12687872, 'trainable_params': 0, 'trainable_pct': 0.0, 'method': 'frozen'}",22.662076473236084,,-0.75672571083946
1mc641uc,v9,,0,,braindecode/tuab,frozen,flatten,4,ridge,median_std_clip,completed,"{'total_params': 12687872, 'trainable_params': 0, 'trainable_pct': 0.0, 'method': 'frozen'}",55.59667897224426,0.7369237980882317,
1mc641uc,v9,,0,,braindecode/tuev,frozen,flatten,4,ridge,median_std_clip,completed,"{'total_params': 12687872, 'trainable_params': 0, 'trainable_pct': 0.0, 'method': 'frozen'}",12.510926961898804,0.8497031569399067,
em0csd3m,v9,,0,,braindecode/arithmetic_zyma2019,frozen,flatten,0,ridge,median_std_clip,completed,"{'total_params': 12687872, 'trainable_params': 0, 'trainable_pct': 0.0, 'method': 'frozen'}",11.787673950195312,0.7118055555555556,
em0csd3m,v9,,0,,braindecode/bcic2a,frozen,flatten,0,ridge,median_std_clip,completed,"{'total_params': 12687872, 'trainable_params': 0, 'trainable_pct': 0.0, 'method': 'frozen'}",9.293429613113403,0.2928240740740741,
em0csd3m,v9,,0,,braindecode/bcic2020-3,frozen,flatten,0,ridge,median_std_clip,completed,"{'total_params': 12687872, 'trainable_params': 0, 'trainable_pct': 0.0, 'method': 'frozen'}",22.149312019348145,0.28400000000000003,
em0csd3m,v9,,0,,braindecode/physionet,frozen,flatten,0,ridge,median_std_clip,completed,"{'total_params': 12687872, 'trainable_params': 0, 'trainable_pct': 0.0, 'method': 'frozen'}",23.67944836616516,0.32373416751084294,
em0csd3m,v9,,0,,braindecode/chbmit,frozen,flatten,0,ridge,median_std_clip,completed,"{'total_params': 12687872, 'trainable_params': 0, 'trainable_pct': 0.0, 'method': 'frozen'}",54.442877769470215,0.8881449051420722,
em0csd3m,v9,,0,,braindecode/faced,frozen,flatten,0,ridge,median_std_clip,completed,"{'total_params': 12687872, 'trainable_params': 0, 'trainable_pct': 0.0, 'method': 'frozen'}",49.18046045303345,0.1607391702500398,
em0csd3m,v9,,0,,braindecode/isruc-sleep,frozen,flatten,0,ridge,median_std_clip,completed,"{'total_params': 12687872, 'trainable_params': 0, 'trainable_pct': 0.0, 'method': 'frozen'}",85.51595544815063,0.5925794844750691,
em0csd3m,v9,,0,,braindecode/mdd_mumtaz2016,frozen,flatten,0,ridge,median_std_clip,completed,"{'total_params': 12687872, 'trainable_params': 0, 'trainable_pct': 0.0, 'method': 'frozen'}",15.989319801330566,0.7712585541637799,
em0csd3m,v9,,0,,braindecode/seed-v,frozen,flatten,0,ridge,median_std_clip,completed,"{'total_params': 12687872, 'trainable_params': 0, 'trainable_pct': 0.0, 'method': 'frozen'}",49.69877505302429,0.2837728354440215,
em0csd3m,v9,,0,,braindecode/seed-vig,frozen,flatten,0,ridge,median_std_clip,completed,"{'total_params': 12687872, 'trainable_params': 0, 'trainable_pct': 0.0, 'method': 'frozen'}",23.17907404899597,,-0.7572753463714503
em0csd3m,v9,,0,,braindecode/tuab,frozen,flatten,0,ridge,median_std_clip,completed,"{'total_params': 12687872, 'trainable_params': 0, 'trainable_pct': 0.0, 'method': 'frozen'}",57.95210838317871,0.7531984148496953,
em0csd3m,v9,,0,,braindecode/tuev,frozen,flatten,0,ridge,median_std_clip,completed,"{'total_params': 12687872, 'trainable_params': 0, 'trainable_pct': 0.0, 'method': 'frozen'}",13.002203464508057,0.9178536689062143,
em0csd3m,v9,,0,,braindecode/arithmetic_zyma2019,frozen,flatten,1,ridge,median_std_clip,completed,"{'total_params': 12687872, 'trainable_params': 0, 'trainable_pct': 0.0, 'method': 'frozen'}",11.608458280563354,0.7013888888888888,
em0csd3m,v9,,0,,braindecode/bcic2a,frozen,flatten,1,ridge,median_std_clip,completed,"{'total_params': 12687872, 'trainable_params': 0, 'trainable_pct': 0.0, 'method': 'frozen'}",9.542174339294434,0.29050925925925924,
em0csd3m,v9,,0,,braindecode/bcic2020-3,frozen,flatten,1,ridge,median_std_clip,completed,"{'total_params': 12687872, 'trainable_params': 0, 'trainable_pct': 0.0, 'method': 'frozen'}",21.23986053466797,0.2906666666666667,
em0csd3m,v9,,0,,braindecode/physionet,frozen,flatten,1,ridge,median_std_clip,completed,"{'total_params': 12687872, 'trainable_params': 0, 'trainable_pct': 0.0, 'method': 'frozen'}",23.593119621276855,0.36104673680550536,
em0csd3m,v9,,0,,braindecode/chbmit,frozen,flatten,1,ridge,median_std_clip,completed,"{'total_params': 12687872, 'trainable_params': 0, 'trainable_pct': 0.0, 'method': 'frozen'}",54.50793981552124,0.8876727616104387,
em0csd3m,v9,,0,,braindecode/faced,frozen,flatten,1,ridge,median_std_clip,completed,"{'total_params': 12687872, 'trainable_params': 0, 'trainable_pct': 0.0, 'method': 'frozen'}",53.289271116256714,0.1689361363274407,
em0csd3m,v9,,0,,braindecode/isruc-sleep,frozen,flatten,1,ridge,median_std_clip,completed,"{'total_params': 12687872, 'trainable_params': 0, 'trainable_pct': 0.0, 'method': 'frozen'}",90.37804293632507,0.5945011571084144,
em0csd3m,v9,,0,,braindecode/mdd_mumtaz2016,frozen,flatten,1,ridge,median_std_clip,completed,"{'total_params': 12687872, 'trainable_params': 0, 'trainable_pct': 0.0, 'method': 'frozen'}",16.90854001045227,0.7722340200257805,
em0csd3m,v9,,0,,braindecode/seed-v,frozen,flatten,1,ridge,median_std_clip,completed,"{'total_params': 12687872, 'trainable_params': 0, 'trainable_pct': 0.0, 'method': 'frozen'}",49.986656188964844,0.28299421846377304,
em0csd3m,v9,,0,,braindecode/seed-vig,frozen,flatten,1,ridge,median_std_clip,completed,"{'total_params': 12687872, 'trainable_params': 0, 'trainable_pct': 0.0, 'method': 'frozen'}",23.522294521331787,,-0.7568538246291479
em0csd3m,v9,,0,,braindecode/tuab,frozen,flatten,1,ridge,median_std_clip,completed,"{'total_params': 12687872, 'trainable_params': 0, 'trainable_pct': 0.0, 'method': 'frozen'}",57.424680948257446,0.7314199595423764,
em0csd3m,v9,,0,,braindecode/tuev,frozen,flatten,1,ridge,median_std_clip,completed,"{'total_params': 12687872, 'trainable_params': 0, 'trainable_pct': 0.0, 'method': 'frozen'}",12.885215520858765,0.9210305979779639,
em0csd3m,v9,,0,,braindecode/arithmetic_zyma2019,frozen,flatten,2,ridge,median_std_clip,completed,"{'total_params': 12687872, 'trainable_params': 0, 'trainable_pct': 0.0, 'method': 'frozen'}",11.87608551979065,0.6875,
em0csd3m,v9,,0,,braindecode/bcic2a,frozen,flatten,2,ridge,median_std_clip,completed,"{'total_params': 12687872, 'trainable_params': 0, 'trainable_pct': 0.0, 'method': 'frozen'}",9.521228551864624,0.28356481481481477,
em0csd3m,v9,,0,,braindecode/bcic2020-3,frozen,flatten,2,ridge,median_std_clip,completed,"{'total_params': 12687872, 'trainable_params': 0, 'trainable_pct': 0.0, 'method': 'frozen'}",19.606088161468506,0.2853333333333333,
em0csd3m,v9,,0,,braindecode/physionet,frozen,flatten,2,ridge,median_std_clip,completed,"{'total_params': 12687872, 'trainable_params': 0, 'trainable_pct': 0.0, 'method': 'frozen'}",24.666362047195435,0.335522528742932,
em0csd3m,v9,,0,,braindecode/chbmit,frozen,flatten,2,ridge,median_std_clip,completed,"{'total_params': 12687872, 'trainable_params': 0, 'trainable_pct': 0.0, 'method': 'frozen'}",52.7286639213562,0.909691819040261,
em0csd3m,v9,,0,,braindecode/faced,frozen,flatten,2,ridge,median_std_clip,completed,"{'total_params': 12687872, 'trainable_params': 0, 'trainable_pct': 0.0, 'method': 'frozen'}",51.37547254562378,0.16577836414792935,
em0csd3m,v9,,0,,braindecode/isruc-sleep,frozen,flatten,2,ridge,median_std_clip,completed,"{'total_params': 12687872, 'trainable_params': 0, 'trainable_pct': 0.0, 'method': 'frozen'}",88.18924379348755,0.5948319337800997,
em0csd3m,v9,,0,,braindecode/mdd_mumtaz2016,frozen,flatten,2,ridge,median_std_clip,completed,"{'total_params': 12687872, 'trainable_params': 0, 'trainable_pct': 0.0, 'method': 'frozen'}",15.684854507446289,0.7716013721274412,
em0csd3m,v9,,0,,braindecode/seed-v,frozen,flatten,2,ridge,median_std_clip,completed,"{'total_params': 12687872, 'trainable_params': 0, 'trainable_pct': 0.0, 'method': 'frozen'}",49.47372555732727,0.28265770519293404,
em0csd3m,v9,,0,,braindecode/seed-vig,frozen,flatten,2,ridge,median_std_clip,completed,"{'total_params': 12687872, 'trainable_params': 0, 'trainable_pct': 0.0, 'method': 'frozen'}",23.522368669509888,,-0.7746596272799524
em0csd3m,v9,,0,,braindecode/tuab,frozen,flatten,2,ridge,median_std_clip,completed,"{'total_params': 12687872, 'trainable_params': 0, 'trainable_pct': 0.0, 'method': 'frozen'}",55.480122089385986,0.7224385239015845,
em0csd3m,v9,,0,,braindecode/tuev,frozen,flatten,2,ridge,median_std_clip,completed,"{'total_params': 12687872, 'trainable_params': 0, 'trainable_pct': 0.0, 'method': 'frozen'}",12.516777753829956,0.9254425220237964,
em0csd3m,v9,,0,,braindecode/arithmetic_zyma2019,frozen,flatten,3,ridge,median_std_clip,completed,"{'total_params': 12687872, 'trainable_params': 0, 'trainable_pct': 0.0, 'method': 'frozen'}",11.629150390625,0.6909722222222222,
em0csd3m,v9,,0,,braindecode/bcic2a,frozen,flatten,3,ridge,median_std_clip,completed,"{'total_params': 12687872, 'trainable_params': 0, 'trainable_pct': 0.0, 'method': 'frozen'}",8.956920623779297,0.3101851851851852,
em0csd3m,v9,,0,,braindecode/bcic2020-3,frozen,flatten,3,ridge,median_std_clip,completed,"{'total_params': 12687872, 'trainable_params': 0, 'trainable_pct': 0.0, 'method': 'frozen'}",21.134272575378418,0.29333333333333333,
em0csd3m,v9,,0,,braindecode/physionet,frozen,flatten,3,ridge,median_std_clip,completed,"{'total_params': 12687872, 'trainable_params': 0, 'trainable_pct': 0.0, 'method': 'frozen'}",25.194849252700806,0.3316258609712334,
em0csd3m,v9,,0,,braindecode/chbmit,frozen,flatten,3,ridge,median_std_clip,completed,"{'total_params': 12687872, 'trainable_params': 0, 'trainable_pct': 0.0, 'method': 'frozen'}",54.75744390487671,0.8829513262941024,
em0csd3m,v9,,0,,braindecode/faced,frozen,flatten,3,ridge,median_std_clip,completed,"{'total_params': 12687872, 'trainable_params': 0, 'trainable_pct': 0.0, 'method': 'frozen'}",50.7099335193634,0.16080025047416352,
em0csd3m,v9,,0,,braindecode/isruc-sleep,frozen,flatten,3,ridge,median_std_clip,completed,"{'total_params': 12687872, 'trainable_params': 0, 'trainable_pct': 0.0, 'method': 'frozen'}",88.30310010910034,0.5920779072101825,
em0csd3m,v9,,0,,braindecode/mdd_mumtaz2016,frozen,flatten,3,ridge,median_std_clip,completed,"{'total_params': 12687872, 'trainable_params': 0, 'trainable_pct': 0.0, 'method': 'frozen'}",17.226352214813232,0.7680080059564378,
em0csd3m,v9,,0,,braindecode/seed-v,frozen,flatten,3,ridge,median_std_clip,completed,"{'total_params': 12687872, 'trainable_params': 0, 'trainable_pct': 0.0, 'method': 'frozen'}",51.39877772331238,0.28304650422749844,
em0csd3m,v9,,0,,braindecode/seed-vig,frozen,flatten,3,ridge,median_std_clip,completed,"{'total_params': 12687872, 'trainable_params': 0, 'trainable_pct': 0.0, 'method': 'frozen'}",23.40748882293701,,-0.7651846566633655
em0csd3m,v9,,0,,braindecode/tuab,frozen,flatten,3,ridge,median_std_clip,completed,"{'total_params': 12687872, 'trainable_params': 0, 'trainable_pct': 0.0, 'method': 'frozen'}",56.47632431983948,0.7582592580976852,
em0csd3m,v9,,0,,braindecode/tuev,frozen,flatten,3,ridge,median_std_clip,completed,"{'total_params': 12687872, 'trainable_params': 0, 'trainable_pct': 0.0, 'method': 'frozen'}",13.366955041885376,0.9249671350135045,
em0csd3m,v9,,0,,braindecode/arithmetic_zyma2019,frozen,flatten,4,ridge,median_std_clip,completed,"{'total_params': 12687872, 'trainable_params': 0, 'trainable_pct': 0.0, 'method': 'frozen'}",11.884939432144165,0.6875,
em0csd3m,v9,,0,,braindecode/bcic2a,frozen,flatten,4,ridge,median_std_clip,completed,"{'total_params': 12687872, 'trainable_params': 0, 'trainable_pct': 0.0, 'method': 'frozen'}",8.846054792404175,0.2986111111111111,
em0csd3m,v9,,0,,braindecode/bcic2020-3,frozen,flatten,4,ridge,median_std_clip,completed,"{'total_params': 12687872, 'trainable_params': 0, 'trainable_pct': 0.0, 'method': 'frozen'}",21.83029294013977,0.2826666666666666,
em0csd3m,v9,,0,,braindecode/physionet,frozen,flatten,4,ridge,median_std_clip,completed,"{'total_params': 12687872, 'trainable_params': 0, 'trainable_pct': 0.0, 'method': 'frozen'}",21.294617891311646,0.33560947675939046,
em0csd3m,v9,,0,,braindecode/chbmit,frozen,flatten,4,ridge,median_std_clip,completed,"{'total_params': 12687872, 'trainable_params': 0, 'trainable_pct': 0.0, 'method': 'frozen'}",53.831777572631836,0.8784659627435831,
em0csd3m,v9,,0,,braindecode/faced,frozen,flatten,4,ridge,median_std_clip,completed,"{'total_params': 12687872, 'trainable_params': 0, 'trainable_pct': 0.0, 'method': 'frozen'}",50.27461361885071,0.15943703036094342,
em0csd3m,v9,,0,,braindecode/isruc-sleep,frozen,flatten,4,ridge,median_std_clip,completed,"{'total_params': 12687872, 'trainable_params': 0, 'trainable_pct': 0.0, 'method': 'frozen'}",86.4253876209259,0.5958710192574896,
em0csd3m,v9,,0,,braindecode/mdd_mumtaz2016,frozen,flatten,4,ridge,median_std_clip,completed,"{'total_params': 12687872, 'trainable_params': 0, 'trainable_pct': 0.0, 'method': 'frozen'}",16.48232626914978,0.7707739324564997,
em0csd3m,v9,,0,,braindecode/seed-v,frozen,flatten,4,ridge,median_std_clip,completed,"{'total_params': 12687872, 'trainable_params': 0, 'trainable_pct': 0.0, 'method': 'frozen'}",49.959585428237915,0.28246708271689597,
em0csd3m,v9,,0,,braindecode/seed-vig,frozen,flatten,4,ridge,median_std_clip,completed,"{'total_params': 12687872, 'trainable_params': 0, 'trainable_pct': 0.0, 'method': 'frozen'}",22.95696210861206,,-0.7651221137828637
em0csd3m,v9,,0,,braindecode/tuab,frozen,flatten,4,ridge,median_std_clip,completed,"{'total_params': 12687872, 'trainable_params': 0, 'trainable_pct': 0.0, 'method': 'frozen'}",54.291340351104736,0.75975009688772,
em0csd3m,v9,,0,,braindecode/tuev,frozen,flatten,4,ridge,median_std_clip,completed,"{'total_params': 12687872, 'trainable_params': 0, 'trainable_pct': 0.0, 'method': 'frozen'}",12.424737691879272,0.9373769239410716,
